name,kind,az_deg,n_cross_axis_full,n_cross_axis_gate,n_cross_col_full,n_cross_col_gate,n_cross_col_gate_wt,n_cross_paper,n_grain_axis,n_grain_col_gate,chord_axis_mm,path_axis_mm,t_axis_us,c_axis_ms,c_vol_ms,c_slow_ms,v_sd_ms,cos2_beam,cos2_beam_col,a1_col,a3_col,skew_deg,skew_p90_deg,dv_all_rms,dv_all_mean,dv_all_p90,dv_cross_rms,dv_cross_mean,misor_cross_deg,normal_align,facing_frac_10,facing_frac_20,dark_all_0.001,dark_cross_0.001,dark_all_0.01,dark_cross_0.01,bright_half_area
girdle_s11,girdle,0,7,3,8.33,2.695,2.7544373,76,8,13,12.497461,99.979687,25.827326,3871.0817,3864.4554,3864.176,32.709594,0.077419789,0.079183523,0.59924664,0.040875672,2.6197403,4.0694373,0.0059999834,0.0045920709,0.010318709,0.0065820208,0.0046606455,52.842612,0.67840188,0.0029754248,0.061023709,0.20328432,0.36734694,0.8887569,0.81632653,0.16715607
girdle_s11,girdle,6,7,3,8.635,2.765,2.8514372,79,8,13,12.497461,99.979687,25.844317,3868.5366,3861.3377,3861.0305,34.328627,0.088540865,0.085413229,0.59924664,0.040875672,2.6495079,4.0982045,0.0063025886,0.0049615574,0.011001793,0.0054980846,0.0038019432,52.339316,0.6684161,0.0080923748,0.048576427,0.17427704,0.37432188,0.8681241,0.90777577,0.17569289
girdle_s11,girdle,12,8,3,9.37,2.92,3.029141,75,9,14,11.095486,99.859375,25.840947,3864.3853,3856.0738,3855.7149,37.104414,0.10811732,0.10939304,0.62206136,0.040778441,2.676859,4.1084332,0.0067212355,0.0053034944,0.011585238,0.0045721484,0.0030178032,51.927375,0.66395931,0.016500567,0.039624426,0.16433323,0.39041096,0.86068554,0.93321918,0.17874017
girdle_s11,girdle,18,10,4,10.245,3.005,3.1208491,77,11,14,9.0890625,99.979687,25.90002,3860.2166,3849.4359,3849.0234,39.755244,0.13529358,0.13453356,0.62206136,0.040778441,2.8198643,4.0957983,0.0070256797,0.0055934185,0.012368727,0.0044266473,0.0028945712,52.655374,0.65483691,0.018462005,0.049013781,0.17871001,0.37437604,0.82996964,0.94176373,0.16768302
girdle_s11,girdle,24,18,4,12.845,3.095,3.1975472,82,11,12,9.0890625,99.979687,25.978276,3848.5882,3842.3851,3841.9325,41.647228,0.16888191,0.1728845,0.62736648,0.037971394,2.9282866,4.0943139,0.007157121,0.0056751858,0.012111407,0.004862569,0.0034187943,51.631852,0.64831959,0.017410759,0.051086997,0.13466769,0.21970921,0.78480067,0.93376414,0.1757683
girdle_s11,girdle,30,17,9,10.82,3.12,3.1561503,87,12,10,8.3316406,99.979687,25.986835,3847.3207,3835.9074,3835.4249,43.05374,0.20741433,0.11377237,0.53656485,0.0488638,2.9487877,4.12989,0.0072747913,0.0057812219,0.01214984,0.0054392946,0.0040761693,52.339216,0.63127355,0.020868781,0.053358043,0.12539366,0.14102564,0.81169039,0.91346154,0.14757096
girdle_s11,girdle,36,15,3,11.905,3.04,3.075109,77,12,10,8.3316406,99.979687,26.101953,3830.3527,3830.8643,3830.3444,44.779208,0.24920679,0.14218437,0.53656485,0.0488638,2.993437,4.431329,0.0076508358,0.0059778463,0.012763738,0.0065037848,0.0051021615,52.694905,0.62955512,0.012669951,0.054380901,0.09514972,0.12664474,0.81415039,0.85032895,0.13751537
girdle_s11,girdle,42,11,3,12.02,3.085,3.2380466,80,12,12,8.3316406,99.979687,26.091396,3831.9025,3827.8871,3827.3089,47.309276,0.29243276,0.17606799,0.53261079,0.045130895,3.1269955,5.2895105,0.0084001275,0.0063882829,0.013732214,0.0075319083,0.0062551105,51.17716,0.61330574,0.0167188,0.058018122,0.14866922,0.084278768,0.74423855,0.80713128,0.14265805
girdle_s11,girdle,48,9,3,11.575,3.135,3.2462611,77,10,11,9.9979687,99.979687,26.055373,3837.2004,3827.298,3826.647,50.26332,0.33520307,0.20746065,0.55638202,0.047133358,3.1839085,5.7585243,0.0093421755,0.0071150137,0.014660331,0.0089033906,0.0074792186,52.576319,0.59632887,0.011136108,0.070201041,0.13774957,0.12759171,0.69374593,0.67942584,0.1432471
girdle_s11,girdle,54,14,3,11.11,2.805,2.8301849,79,11,11,9.0890625,99.979687,26.055436,3837.1911,3829.0422,3828.3265,52.766346,0.37564843,0.24311,0.55638202,0.047133358,3.3379737,6.2336196,0.010176132,0.0078054261,0.015586227,0.0087273161,0.0073101136,50.039296,0.63998364,0.026913667,0.071198172,0.13427558,0.11586453,0.66800771,0.62923351,0.14856365
girdle_s11,girdle,60,10,2,11.635,2.845,2.9089655,69,9,11,11.108854,99.979687,26.08934,3832.2045,3832.6486,3831.8925,54.30204,0.4120012,0.2788904,0.55638202,0.047133358,3.6423539,6.3346451,0.010711336,0.0081701754,0.016232931,0.0090909907,0.0075549544,50.002252,0.62753004,0.022918933,0.077167651,0.11084123,0.12126538,0.63609242,0.53427065,0.12873813
girdle_s11,girdle,66,8,2,12.93,2.77,2.8682694,76,9,13,11.108854,99.979687,25.893817,3861.1413,3837.2807,3836.5008,55.207386,0.44267259,0.28045227,0.61668467,0.042051706,3.9683469,6.6371022,0.010961393,0.008237186,0.016006091,0.0088464697,0.0071427065,49.888391,0.63707768,0.016847434,0.063045472,0.11223934,0.13718412,0.64008804,0.60108303,0.11479959
girdle_s11,girdle,72,23,3,11.09,2.705,2.8275441,80,12,12,8.3316406,99.979687,25.913663,3858.1843,3841.9102,3841.0959,56.427077,0.4663221,0.26704646,0.65901503,0.045187649,4.1907801,6.7633455,0.011098248,0.0083325278,0.01664257,0.0084428837,0.006736019,49.49495,0.65206096,0.0063846548,0.063006439,0.10469166,0.10536044,0.6546041,0.63216266,0.10419221
girdle_s11,girdle,78,13,6,9.95,2.575,2.70843,75,12,11,8.3216146,99.859375,25.970678,3845.0816,3845.5641,3844.6819,58.706447,0.48191615,0.28610525,0.66380926,0.045376135,4.2656873,7.0140601,0.011311516,0.0086093997,0.018164444,0.0081046693,0.0065571317,49.136308,0.69066438,0.008972405,0.066553174,0.094542038,0.11650485,0.64481998,0.68349515,0.10640559
girdle_s11,girdle,84,9,3,9.5,2.485,2.6818193,72,10,12,9.9979687,99.979687,25.963193,3850.8241,3847.5454,3846.5639,61.895429,0.48877319,0.30858486,0.65901503,0.045187649,4.2123569,7.0336238,0.011664364,0.0089901631,0.018639241,0.0086880707,0.0069514062,50.33365,0.68982961,0.0060342396,0.064640527,0.094084281,0.11468813,0.63887179,0.72635815,0.12224968
girdle_s11,girdle,90,8,3,9.38,2.355,2.5316225,64,9,11,11.108854,99.979687,26.035364,3840.1495,3847.5591,3846.4766,65.007991,0.48659354,0.33091078,0.65474936,0.045550372,4.0552318,6.9920724,0.012057904,0.0094632439,0.018984601,0.010088763,0.0077250865,50.84565,0.69205211,0.012010816,0.06794685,0.069982807,0.12101911,0.60159115,0.6836518,0.15071316
girdle_s11,girdle,96,11,3,9.64,2.33,2.4601415,72,11,11,9.0890625,99.979687,26.019686,3842.4633,3845.731,3844.5877,66.829669,0.47547247,0.37616885,0.63813101,0.052029977,3.8959955,6.9102633,0.012313077,0.0097328542,0.020319036,0.011651156,0.0087208915,49.717386,0.69988689,0.024517536,0.077195152,0.10118662,0.11158798,0.58111448,0.63304721,0.14988991
girdle_s11,girdle,102,12,3,11.785,2.37,2.4491711,72,13,12,7.6814904,99.859375,25.889791,3857.0946,3842.5468,3841.4177,66.406804,0.45589601,0.41185154,0.64755582,0.047345946,3.6895084,6.7222702,0.01226471,0.0095884179,0.022162904,0.012322821,0.0090005669,51.914803,0.67051163,0.020298359,0.073294454,0.095165689,0.10126582,0.61599632,0.62447257,0.15347301
girdle_s11,girdle,108,9,2,10.51,2.58,2.6263655,69,10,11,9.9979687,99.979687,25.895978,3860.8192,3838.7404,3837.7144,63.235715,0.42871975,0.40082009,0.65096579,0.047389722,3.619919,6.6943855,0.011805818,0.0091482949,0.02227982,0.01268655,0.0092931193,52.761035,0.64847838,0.01715438,0.077555326,0.15168013,0.14147287,0.60465085,0.59883721,0.15700023
girdle_s11,girdle,114,9,2,10.89,2.595,2.5044013,74,10,13,9.9979687,99.979687,25.92188,3856.9612,3835.1411,3834.2921,57.426329,0.39513142,0.39755803,0.56937663,0.039145521,3.5626954,6.843564,0.010921606,0.008570955,0.02005749,0.012030947,0.0088900846,52.051864,0.63971839,0.0057184223,0.063090716,0.13126112,0.20809249,0.63920801,0.61849711,0.1705928
girdle_s11,girdle,120,17,2,11.96,2.505,2.4221611,64,12,13,8.3316406,99.979687,26.030832,3840.818,3832.5079,3831.8608,50.059057,0.35659901,0.36924925,0.56937663,0.039145521,3.5046561,6.7733437,0.0097616745,0.0077379177,0.016282898,0.011212864,0.008733032,55.682977,0.63329173,0.0056651946,0.06868494,0.12111239,0.12774451,0.68416229,0.63872255,0.17595548
girdle_s11,girdle,126,15,5,12.54,2.595,2.4326914,70,12,13,8.3316406,99.979687,26.066828,3835.5142,3831.4155,3830.9266,43.486562,0.31480654,0.3358138,0.56937663,0.039145521,3.5481507,6.7470489,0.0086969236,0.0070001559,0.014591369,0.0095196705,0.007710782,57.555506,0.62154726,0.010936505,0.060323766,0.080077428,0.075144509,0.73736332,0.68400771,0.18109816
girdle_s11,girdle,132,12,3,12.86,2.675,2.5076386,73,11,13,9.0890625,99.979687,26.089494,3832.1819,3832.2198,3831.7949,40.514351,0.27158057,0.29871297,0.56937663,0.039145521,3.424983,5.8067481,0.0081732104,0.0067173516,0.013963906,0.0076561497,0.0063613776,57.388294,0.57247729,0.019489299,0.061376786,0.093858063,0.089719626,0.7739653,0.77570093,0.1965049
girdle_s11,girdle,138,14,3,15.42,2.475,2.437995,64,11,12,9.0890625,99.979687,26.088366,3832.3477,3835.0493,3834.5984,41.658431,0.22881027,0.26531111,0.55197594,0.040840782,3.0904825,4.2659882,0.008280206,0.0068674692,0.01330462,0.0066072434,0.0056325419,61.205872,0.58749252,0.023492904,0.064949247,0.07763428,0.076767677,0.74573425,0.86060606,0.20496543
girdle_s11,girdle,144,7,3,11.225,2.365,2.422698,59,8,11,12.497461,99.979687,26.027,3841.3835,3839.7505,3839.2399,44.252538,0.1883649,0.23536003,0.62670244,0.027921183,2.7089342,4.1242343,0.008602604,0.0071208948,0.013872576,0.0064946088,0.0056620299,59.61075,0.59921774,0.01836176,0.062736752,0.10494094,0.073995772,0.69365367,0.92600423,0.19934725
girdle_s11,girdle,150,7,3,11.06,2.25,2.3706259,68,8,12,12.497461,99.979687,25.965248,3850.5193,3845.8118,3845.2729,45.429053,0.15201213,0.18720855,0.60990268,0.029113223,2.4503626,4.0501985,0.0086606245,0.0071250026,0.013927013,0.0078396171,0.0065376013,59.103698,0.6255282,0.016957437,0.076537791,0.12273051,0.091111111,0.67001971,0.69555556,0.21305337
girdle_s11,girdle,156,7,3,9.275,2.43,2.5186334,60,8,13,12.497461,99.979687,25.8627,3865.787,3852.3728,3851.8664,44.043994,0.12134074,0.12765512,0.54954592,0.02829999,2.3192795,4.0924029,0.0082549068,0.0067686133,0.013543521,0.0086760746,0.0067799287,59.288364,0.60957998,0.01323239,0.070568311,0.11140721,0.10699588,0.68963764,0.66255144,0.2211555
girdle_s11,girdle,162,11,6,8.455,2.335,2.4375519,62,10,12,9.9979687,99.979687,25.80087,3875.051,3858.38,3857.9506,40.56298,0.097691228,0.083346227,0.52673327,0.028261473,2.3483839,4.0537605,0.0074851825,0.0059942593,0.012116036,0.0091120227,0.0068833681,61.72796,0.63701092,0.025071103,0.075331298,0.17699874,0.22269807,0.74783408,0.61027837,0.20238211
girdle_s11,girdle,168,8,4,8.57,2.45,2.5737685,67,9,11,11.095486,99.859375,25.751286,3877.8403,3862.828,3862.4813,36.427612,0.082097183,0.050547643,0.50340372,0.029327423,2.4319994,4.1084733,0.006645615,0.0051143346,0.010908605,0.0080689065,0.0058811527,62.32609,0.62923147,0.021285731,0.07883545,0.16969857,0.29591837,0.84782751,0.63265306,0.16784714
girdle_s11,girdle,174,8,2,8.36,2.4,2.415096,63,9,11,11.108854,99.979687,25.812638,3873.2844,3864.9726,3864.6809,33.395012,0.075240141,0.036889433,0.50340372,0.029327423,2.5246468,4.0233602,0.0060836433,0.0046204665,0.010703344,0.0061401331,0.0043520648,60.504203,0.66212735,0.016701945,0.06798411,0.17573636,0.35,0.87142244,0.82916667,0.13481584
girdle_s11,girdle,180,7,2,8.595,2.495,2.4842647,62,8,12,12.497461,99.979687,25.827107,3871.1144,3864.4554,3864.176,32.709594,0.077419789,0.03465307,0.49332293,0.030773816,2.6197403,4.0694373,0.0059999834,0.0045920709,0.010318709,0.0043064538,0.0031722424,60.543199,0.658702,0.0029754248,0.061023709,0.20328432,0.31262525,0.8887569,0.98797595,0.16715607
girdle_s11,girdle,186,7,2,8.99,2.495,2.4899515,73,8,12,12.497461,99.979687,25.844317,3868.5366,3861.3377,3861.0305,34.328627,0.088540865,0.041760307,0.49332293,0.030773816,2.6495079,4.0982045,0.0063025886,0.0049615574,0.011001793,0.0032775576,0.002435718,62.109883,0.67373445,0.0080923748,0.048576427,0.17427704,0.33066132,0.8681241,0.99198397,0.17569289
girdle_s11,girdle,192,8,2,11.195,2.565,2.5591786,79,9,12,11.095486,99.859375,25.840174,3864.5009,3856.0738,3855.7149,37.104414,0.10811732,0.05825124,0.49332293,0.030773816,2.676859,4.1084332,0.0067212355,0.0053034944,0.011585238,0.0041859426,0.0028457877,60.716747,0.65219198,0.016500567,0.039624426,0.16433323,0.36647173,0.86068554,0.97465887,0.17874017
girdle_s11,girdle,198,10,3,10.985,2.65,2.662654,75,11,12,9.0890625,99.979687,25.899794,3860.2503,3849.4359,3849.0234,39.755244,0.13529358,0.083405134,0.49332293,0.030773816,2.8198643,4.0957983,0.0070256797,0.0055934185,0.012368727,0.0056058024,0.0038088326,61.40819,0.62848669,0.018462005,0.049013781,0.17871001,0.38679245,0.82996964,0.89622642,0.16768302
girdle_s11,girdle,204,16,3,10.94,2.485,2.581067,58,11,11,9.0890625,99.979687,25.978276,3848.5882,3842.3851,3841.9325,41.647228,0.16888191,0.11154694,0.54332777,0.031732393,2.9282866,4.0943139,0.007157121,0.0056751858,0.012111407,0.0069945746,0.0052141015,61.246475,0.6310351,0.017410759,0.051086997,0.13466769,0.24748491,0.78480067,0.76056338,0.1757683
girdle_s11,girdle,210,17,6,12.28,2.64,2.7638808,64,12,10,8.3316406,99.979687,25.987891,3847.1643,3835.9074,3835.4249,43.05374,0.20741433,0.15010249,0.55844616,0.032558304,2.9487877,4.12989,0.0072747913,0.0057812219,0.01214984,0.0074174756,0.0058825343,59.166846,0.57666971,0.020868781,0.053358043,0.12539366,0.11742424,0.81169039,0.77651515,0.14757096
girdle_s11,girdle,216,15,2,13.08,2.48,2.5236004,63,12,10,8.3316406,99.979687,26.10104,3830.4867,3830.8643,3830.3444,44.779208,0.24920679,0.19150708,0.55844616,0.032558304,2.993437,4.431329,0.0076508358,0.0059778463,0.012763738,0.0073351521,0.0059696128,60.205205,0.58350939,0.012669951,0.054380901,0.09514972,0.10887097,0.81415039,0.80846774,0.13751537
girdle_s11,girdle,222,11,3,12.445,2.54,2.6141315,64,12,10,8.3316406,99.979687,26.092502,3831.7402,3827.8871,3827.3089,47.309276,0.29243276,0.23560058,0.55844616,0.032558304,3.1269955,5.2895105,0.0084001275,0.0063882829,0.013732214,0.0080954491,0.0068853263,59.289597,0.54985527,0.0167188,0.058018122,0.14866922,0.094488189,0.74423855,0.70866142,0.14265805
girdle_s11,girdle,228,9,3,11.37,2.55,2.5605826,66,10,13,9.9979687,99.979687,26.055373,3837.2004,3827.298,3826.647,50.26332,0.33520307,0.33001817,0.52980729,0.040455347,3.1839085,5.7585243,0.0093421755,0.0071150137,0.014660331,0.011199652,0.0091918077,58.760653,0.53859672,0.011136108,0.070201041,0.13774957,0.064705882,0.69374593,0.55686275,0.1432471
girdle_s11,girdle,234,14,2,13.415,2.54,2.5096264,66,11,14,9.0890625,99.979687,26.055436,3837.1911,3829.0422,3828.3265,52.766346,0.37564843,0.37146553,0.53815222,0.03996515,3.3379737,6.2336196,0.010176132,0.0078054261,0.015586227,0.013724311,0.010764194,57.184293,0.5106534,0.026913667,0.071198172,0.13427558,0.068897638,0.66800771,0.51968504,0.14856365
girdle_s11,girdle,240,8,2,13.105,2.43,2.3521411,59,9,13,11.108854,99.979687,26.090561,3832.0252,3832.6486,3831.8925,54.30204,0.4120012,0.43850085,0.57865882,0.042938078,3.6423539,6.3346451,0.010711336,0.0081701754,0.016232931,0.015354949,0.011569307,57.316721,0.51365,0.022918933,0.077167651,0.11084123,0.15432099,0.63609242,0.51234568,0.12873813
girdle_s11,girdle,246,8,2,12.915,2.24,2.2478167,69,9,12,11.108854,99.979687,25.89378,3861.1468,3837.2807,3836.5008,55.207386,0.44267259,0.41581443,0.49157266,0.052486987,3.9683469,6.6371022,0.010961393,0.008237186,0.016006091,0.016485121,0.012622106,59.346741,0.55072761,0.016847434,0.063045472,0.11223934,0.18303571,0.64008804,0.47767857,0.11479959
girdle_s11,girdle,252,21,2,13.605,2.365,2.3147105,55,12,12,8.3316406,99.979687,25.914469,3858.0643,3841.9102,3841.0959,56.427077,0.4663221,0.43980298,0.49157266,0.052486987,4.1907801,6.7633455,0.011098248,0.0083325278,0.01664257,0.017236687,0.013086214,58.472946,0.5358211,0.0063846548,0.063006439,0.10469166,0.19027484,0.6546041,0.46088795,0.10419221
girdle_s11,girdle,258,11,2,11.005,2.02,2.0180538,55,12,12,8.3216146,99.859375,25.969478,3845.2592,3845.5641,3844.6819,58.706447,0.48191615,0.4559378,0.49157266,0.052486987,4.2656873,7.0140601,0.011311516,0.0086093997,0.018164444,0.014079559,0.010997037,57.836301,0.58645312,0.008972405,0.066553174,0.094542038,0.094059406,0.64481998,0.50247525,0.10640559
girdle_s11,girdle,264,9,2,9.96,1.92,1.9315273,50,10,12,9.9979687,99.979687,25.962995,3850.8534,3847.5454,3846.5639,61.895429,0.48877319,0.4635137,0.49157266,0.052486987,4.2123569,7.0336238,0.011664364,0.0089901631,0.018639241,0.012845483,0.01084967,58.075993,0.61386672,0.0060342396,0.064640527,0.094084281,0.028645833,0.63887179,0.49479167,0.12224968
girdle_s11,girdle,270,8,2,9.53,1.915,1.9278136,50,9,11,11.108854,99.979687,26.035804,3840.0846,3847.5591,3846.4766,65.007991,0.48659354,0.49659669,0.58328881,0.055651334,4.0552318,6.9920724,0.012057904,0.0094632439,0.018984601,0.012729803,0.011133943,58.453417,0.62517744,0.012010816,0.06794685,0.069982807,0.046997389,0.60159115,0.43603133,0.15071316
girdle_s11,girdle,276,9,2,10.71,2,2.0457125,52,10,11,9.9979687,99.979687,26.020077,3842.4055,3845.731,3844.5877,66.829669,0.47547247,0.50056342,0.60254288,0.050486055,3.8959955,6.9102633,0.012313077,0.0097328542,0.020319036,0.013509888,0.01180084,59.956802,0.62435017,0.024517536,0.077195152,0.10118662,0.0475,0.58111448,0.3775,0.14988991
girdle_s11,girdle,282,12,3,10.565,2.035,2.0661184,53,13,11,7.6814904,99.859375,25.889534,3857.1329,3842.5468,3841.4177,66.406804,0.45589601,0.48228207,0.60254288,0.050486055,3.6895084,6.7222702,0.01226471,0.0095884179,0.022162904,0.015089427,0.013729932,59.91646,0.60499926,0.020298359,0.073294454,0.095165689,0.01965602,0.61599632,0.26044226,0.15347301
girdle_s11,girdle,288,9,3,10.36,2.09,2.1167311,59,10,12,9.9979687,99.979687,25.895978,3860.8192,3838.7404,3837.7144,63.235715,0.42871975,0.48962238,0.62263421,0.052441974,3.619919,6.6943855,0.011805818,0.0091482949,0.02227982,0.01667,0.015479447,60.007255,0.58920097,0.01715438,0.077555326,0.15168013,0.0215311,0.60465085,0.13157895,0.15700023
girdle_s11,girdle,294,9,3,10.205,2.24,2.2549251,58,10,10,9.9979687,99.979687,25.923267,3856.7549,3835.1411,3834.2921,57.426329,0.39513142,0.50520908,0.58601305,0.057500606,3.5626954,6.843564,0.010921606,0.008570955,0.02005749,0.016749016,0.015598838,60.224386,0.57861617,0.0057184223,0.063090716,0.13126112,0.017857143,0.63920801,0.12946429,0.1705928
girdle_s11,girdle,300,13,3,15.52,2.495,2.4826525,67,12,10,8.3316406,99.979687,26.03243,3840.5822,3832.5079,3831.8608,50.059057,0.35659901,0.46753876,0.58601305,0.057500606,3.5046561,6.7733437,0.0097616745,0.0077379177,0.016282898,0.015866657,0.014600957,59.635624,0.55644976,0.0056651946,0.06868494,0.12111239,0.038076152,0.68416229,0.17034068,0.17595548
girdle_s11,girdle,306,15,4,10.485,2.665,2.6306081,69,12,12,8.3316406,99.979687,26.066284,3835.5941,3831.4155,3830.9266,43.486562,0.31480654,0.38758815,0.59234723,0.052333376,3.5481507,6.7470489,0.0086969236,0.0070001559,0.014591369,0.013816478,0.012656993,59.279466,0.558491,0.010936505,0.060323766,0.080077428,0.013133208,0.73736332,0.26829268,0.18109816
girdle_s11,girdle,312,12,3,10.125,2.725,2.644107,74,11,11,9.0890625,99.979687,26.089851,3832.1295,3832.2198,3831.7949,40.514351,0.27158057,0.35272032,0.62528801,0.055235364,3.424983,5.8067481,0.0081732104,0.0067173516,0.013963906,0.011633708,0.010489956,58.468219,0.55334089,0.019489299,0.061376786,0.093858063,0.056880734,0.7739653,0.32844037,0.1965049
girdle_s11,girdle,318,14,3,11.205,2.815,2.7656971,71,11,12,9.0890625,99.979687,26.089225,3832.2215,3835.0493,3834.5984,41.658431,0.22881027,0.20055407,0.76740405,0.039688994,3.0904825,4.2659882,0.008280206,0.0068674692,0.01330462,0.0094385232,0.00815655,58.737166,0.56587274,0.023492904,0.064949247,0.07763428,0.06749556,0.74573425,0.58969805,0.20496543
girdle_s11,girdle,324,7,3,8.955,2.81,2.7327475,76,8,11,12.497461,99.979687,26.027726,3841.2763,3839.7505,3839.2399,44.252538,0.1883649,0.15686095,0.76453413,0.039511486,2.7089342,4.1242343,0.008602604,0.0071208948,0.013872576,0.0086728423,0.0075711002,57.357677,0.61002731,0.01836176,0.062736752,0.10494094,0.060498221,0.69365367,0.67615658,0.19934725
girdle_s11,girdle,330,7,3,10.48,2.87,2.8532836,80,8,12,12.497461,99.979687,25.964385,3850.6472,3845.8118,3845.2729,45.429053,0.15201213,0.1302636,0.75923929,0.037510633,2.4503626,4.0501985,0.0086606245,0.0071250026,0.013927013,0.0086571428,0.0078054838,56.175091,0.61306502,0.016957437,0.076537791,0.12273051,0.029616725,0.67001971,0.65853659,0.21305337
girdle_s11,girdle,336,7,3,11.715,2.96,2.9086498,80,8,14,12.497461,99.979687,25.8627,3865.787,3852.3728,3851.8664,44.043994,0.12134074,0.12211137,0.62479661,0.045906148,2.3192795,4.0924029,0.0082549068,0.0067686133,0.013543521,0.0088436089,0.0078052467,54.193165,0.6204198,0.01323239,0.070568311,0.11140721,0.069256757,0.68963764,0.63006757,0.2211555
girdle_s11,girdle,342,11,2,11.075,2.935,2.9534916,78,10,13,9.9979687,99.979687,25.800823,3875.0581,3858.38,3857.9506,40.56298,0.097691228,0.10527278,0.6029424,0.048612714,2.3483839,4.0537605,0.0074851825,0.0059942593,0.012116036,0.0088619251,0.0074629406,53.314137,0.63933731,0.025071103,0.075331298,0.17699874,0.066439523,0.74783408,0.64906303,0.20238211
girdle_s11,girdle,348,8,2,9.12,2.89,2.9573539,78,9,12,11.095486,99.859375,25.750607,3877.9426,3862.828,3862.4813,36.427612,0.082097183,0.093692639,0.59990306,0.040302919,2.4319994,4.1084733,0.006645615,0.0051143346,0.010908605,0.0085679346,0.0067607749,52.877721,0.64882256,0.021285731,0.07883545,0.16969857,0.16089965,0.84782751,0.64532872,0.16784714
girdle_s11,girdle,354,8,3,9.32,2.745,2.7518159,77,9,12,11.108854,99.979687,25.812902,3873.2448,3864.9726,3864.6809,33.395012,0.075240141,0.082840087,0.59990306,0.040302919,2.5246468,4.0233602,0.0060836433,0.0046204665,0.010703344,0.0075443006,0.0054448453,52.75059,0.6677999,0.016701945,0.06798411,0.17573636,0.32604736,0.87142244,0.74134791,0.13481584
girdle_s7,girdle,0,8,2,7.685,2.07,2.0148279,58,9,12,11.108854,99.979687,25.84736,3868.0812,3871.3513,3871.1438,28.215644,0.055198573,0.064137265,0.72090865,0.054151717,2.3859906,3.9674288,0.0052402158,0.0039099658,0.0094188196,0.0062219589,0.0047415397,40.960458,0.62808757,0.0089911896,0.059688177,0.24366253,0.30434783,0.92823931,0.88888889,0.13691868
girdle_s7,girdle,6,16,3,10.59,2.21,2.2010691,58,11,11,9.0890625,99.979687,25.883674,3862.6543,3870.514,3870.2656,30.854935,0.058314524,0.034404188,0.75166285,0.03350064,2.289586,4.0257028,0.0057320418,0.0042936168,0.0099834572,0.0058697008,0.0042826877,41.909044,0.59153713,0.016783062,0.074843858,0.2567969,0.40950226,0.90175377,0.91855204,0.14145763
girdle_s7,girdle,12,9,1,10.665,2.475,2.364728,60,10,12,9.9859375,99.859375,25.851746,3862.7711,3865.5162,3865.1934,35.147197,0.072704239,0.036360654,0.75594496,0.033456632,2.3251962,4.0407646,0.0065611144,0.0050095366,0.011072588,0.005062562,0.0034632839,41.467059,0.55982772,0.029218137,0.060757415,0.18805019,0.41414141,0.83697864,0.8989899,0.14474468
girdle_s7,girdle,18,9,2,11.425,2.53,2.4067741,65,10,12,9.9979687,99.979687,25.90533,3859.4254,3857.3109,3856.9195,38.688341,0.09773882,0.053584938,0.75594496,0.033456632,2.5192723,4.0582414,0.0073052667,0.0056191005,0.01306638,0.004361346,0.003103395,40.61686,0.54474471,0.032097421,0.073316112,0.16997094,0.3083004,0.77965958,0.95454545,0.14530744
girdle_s7,girdle,24,15,5,11.23,2.69,2.6025167,68,12,11,8.3316406,99.979687,25.985099,3847.5777,3847.4117,3846.9891,40.221022,0.13232413,0.086021517,0.7570588,0.033639313,2.7302286,4.0376743,0.0077070762,0.0061942797,0.013437164,0.0042140037,0.0033235943,42.324882,0.52652488,0.017397481,0.080584898,0.13247567,0.21561338,0.76233037,0.98141264,0.17228009
girdle_s7,girdle,30,13,3,11.53,2.715,2.6877623,72,12,12,8.3316406,99.979687,26.021839,3842.1454,3837.6603,3837.2464,39.847391,0.17494864,0.17351844,0.72481547,0.053661085,2.9085356,4.0935307,0.00772259,0.0064305104,0.012979167,0.0049267821,0.0037565137,42.336477,0.5417924,0.019929886,0.069107431,0.083530606,0.16758748,0.75996771,0.95211786,0.20725033
girdle_s7,girdle,36,10,3,11.605,2.875,2.8576515,76,11,12,9.0890625,99.979687,26.027798,3841.2657,3829.932,3829.536,39.006505,0.22374944,0.19731851,0.73385177,0.059961511,3.0670748,4.109995,0.0075234328,0.0062243358,0.012674873,0.0061893381,0.0048895879,42.21547,0.54234275,0.017145625,0.049382352,0.093174962,0.13913043,0.78696434,0.83130435,0.19380691
girdle_s7,girdle,42,10,3,12.535,2.875,2.9072284,68,11,13,9.0890625,99.979687,26.014554,3843.2213,3825.8224,3825.4108,39.767264,0.2765937,0.25928318,0.73109696,0.059613568,3.1012106,4.7604627,0.0074303741,0.0059688019,0.013031585,0.0073542991,0.0060193964,42.400635,0.55763075,0.028024355,0.055020988,0.14708428,0.11652174,0.80572997,0.71826087,0.17023018
girdle_s7,girdle,48,14,4,13.875,2.75,2.8695533,91,13,14,7.6907452,99.979687,25.95898,3851.449,3826.3534,3825.8682,43.180778,0.33117188,0.3226916,0.7203713,0.058286228,3.2233702,6.2779809,0.0077265893,0.0060605759,0.013664876,0.0081445292,0.0066252928,43.612117,0.58044292,0.0046173716,0.068854652,0.1407814,0.18181818,0.76039577,0.66181818,0.17496379
girdle_s7,girdle,54,14,3,13.12,2.93,3.0718397,70,13,14,7.6907452,99.979687,25.988132,3847.1287,3831.7309,3831.1205,48.507927,0.38509865,0.39073806,0.7203713,0.058286228,3.4862735,6.4613426,0.0084626511,0.0068468139,0.014151992,0.0083138679,0.0068935665,44.552067,0.56866269,0.013615942,0.075041284,0.10599105,0.17576792,0.71056414,0.66382253,0.19472393
girdle_s7,girdle,60,13,5,12.285,2.78,2.8678947,79,12,14,8.3316406,99.979687,26.003914,3844.7937,3841.2375,3840.4749,54.361261,0.43601714,0.4587969,0.7203713,0.058286228,3.9382213,6.7984437,0.0094777118,0.0075493723,0.01515226,0.0080945703,0.0067408926,43.703289,0.59191049,0.01919369,0.059785045,0.11575349,0.1205036,0.66621892,0.70863309,0.1702228
girdle_s7,girdle,66,12,4,11.425,2.81,2.8914771,74,13,13,7.6907452,99.979687,25.991429,3846.6406,3853.3412,3852.4211,59.856412,0.48170199,0.50528671,0.75919303,0.03519236,4.3238906,6.7020792,0.010577457,0.0083015389,0.01847313,0.0080249779,0.0067128581,45.379106,0.59988831,0.022987223,0.073474791,0.091280963,0.13523132,0.64923198,0.70640569,0.1441072
girdle_s7,girdle,72,10,4,10.695,2.7,2.6858861,71,11,12,9.0890625,99.979687,25.888427,3861.9452,3866.0096,3864.9352,64.791032,0.52015654,0.49374242,0.76717737,0.040305931,4.5831794,6.848203,0.011635936,0.0091191602,0.020075687,0.0087413117,0.0075356176,46.684031,0.61021945,0.015804235,0.080196504,0.10567185,0.1037037,0.64365331,0.68518519,0.14408967
girdle_s7,girdle,78,7,2,9.215,2.64,2.6305696,72,8,12,12.482422,99.859375,25.782584,3873.1329,3877.1333,3875.9076,69.237844,0.54970014,0.55230639,0.76717737,0.040305931,4.6835046,6.9857814,0.012579632,0.010015754,0.021355739,0.0095346138,0.0080467993,46.090886,0.63190405,0.015424143,0.073234005,0.062568384,0.096590909,0.57791411,0.60984848,0.16159786
girdle_s7,girdle,84,8,2,8.82,2.365,2.3702305,65,9,11,11.108854,99.979687,25.802869,3874.7508,3884.9218,3883.5562,73.069277,0.56904159,0.59699076,0.75874939,0.041693754,4.6866794,7.0064362,0.013337385,0.010852934,0.022015019,0.01078096,0.0091052846,46.853056,0.64404032,0.016750773,0.07510494,0.067550164,0.076109937,0.50316343,0.49471459,0.18367176
girdle_s7,girdle,90,8,2,9.525,2.345,2.3218557,63,9,11,11.108854,99.979687,25.786286,3877.2426,3888.1761,3886.7056,75.798432,0.57733559,0.63597019,0.75874939,0.041693754,4.6464228,6.8552203,0.013820182,0.011518041,0.022387654,0.011532174,0.0098641994,46.879994,0.63446819,0.015514553,0.074819872,0.053746944,0.040511727,0.46648277,0.445629,0.19454126
girdle_s7,girdle,96,11,2,11.875,2.33,2.2773665,66,12,12,8.3316406,99.979687,25.895053,3860.957,3886.4175,3884.9094,76.754924,0.57421964,0.64569028,0.71806321,0.04043535,4.5913852,6.954174,0.013933825,0.011673949,0.022584868,0.012375857,0.010546889,46.568718,0.63715033,0.010194197,0.081701185,0.043688362,0.012875536,0.4650768,0.4527897,0.21901102
girdle_s7,girdle,102,10,2,11.2,2.43,2.3805005,67,11,12,9.078125,99.859375,25.754805,3877.3105,3879.9065,3878.4525,75.373704,0.55982992,0.65889311,0.71806321,0.04043535,4.5410784,6.9446161,0.01360385,0.011244369,0.022308609,0.012867203,0.010395215,46.423251,0.61995164,0.014207297,0.075675077,0.063501084,0.03909465,0.46984916,0.57407407,0.20327414
girdle_s7,girdle,108,12,2,11.43,2.52,2.4583942,78,11,11,9.0890625,99.979687,25.742927,3883.7732,3869.5862,3868.2804,71.431348,0.53479534,0.63765134,0.69523022,0.042015824,4.4744688,6.7740865,0.012802382,0.01046761,0.020789158,0.013055813,0.0097218397,47.50389,0.60880983,0.014631671,0.080589511,0.061776835,0.057539683,0.51212971,0.65674603,0.18227778
girdle_s7,girdle,114,9,2,11.705,2.58,2.6198387,68,10,10,9.9979687,99.979687,25.808974,3873.8343,3856.9676,3855.8791,65.192631,0.50021003,0.63201489,0.68194096,0.04485673,4.3497121,6.9946747,0.011577008,0.0092543227,0.018289047,0.012824944,0.0090310136,47.479552,0.58827117,0.024608146,0.089926657,0.096017344,0.1124031,0.58939342,0.64534884,0.15917432
girdle_s7,girdle,120,12,2,12.775,2.55,2.6534236,66,11,11,9.0890625,99.979687,25.943861,3853.6935,3843.9449,3843.0951,57.542329,0.45758552,0.61485821,0.67822421,0.047551791,4.0841204,7.0130754,0.010090129,0.0078943914,0.01572334,0.011847216,0.0086633648,47.762121,0.56157141,0.035793164,0.081241755,0.085943079,0.15294118,0.66645971,0.63333333,0.1521334
girdle_s7,girdle,126,48,2,15.525,2.315,2.444033,61,13,10,7.6907452,99.979687,26.065466,3835.7145,3832.5313,3831.8844,50.119518,0.40878472,0.61722831,0.74457734,0.030306823,3.6668365,6.6565383,0.0086603123,0.0066977212,0.014524509,0.010968034,0.0087261201,48.286901,0.57528611,0.051864016,0.090273537,0.13128558,0.079913607,0.75406061,0.63066955,0.14079616
girdle_s7,girdle,132,18,3,14.72,2.48,2.7662306,62,13,10,7.6907452,99.979687,26.237923,3810.5032,3824.539,3824.015,44.99911,0.35594046,0.56237909,0.74457734,0.030306823,3.4282817,5.6928069,0.0077042334,0.0058879025,0.013355619,0.01070563,0.0091509616,49.009543,0.5234366,0.024726233,0.11484386,0.2109922,0.038306452,0.78946538,0.60887097,0.17003183
girdle_s7,girdle,138,8,3,10.495,2.305,2.5263776,57,9,11,11.108854,99.979687,26.260749,3807.191,3821.2482,3820.7624,43.232465,0.30136228,0.43938071,0.68240318,0.07584245,2.8886263,4.1341716,0.0074284802,0.0057460459,0.012902648,0.01036883,0.0089514726,47.749899,0.52613347,0.038770238,0.1117939,0.17995479,0.086767896,0.78516721,0.51626898,0.1806873
girdle_s7,girdle,144,7,2,10.06,2.34,2.5100372,52,8,11,12.497461,99.979687,26.283439,3803.9044,3823.1113,3822.6162,43.606244,0.24743551,0.37768344,0.68240318,0.07584245,2.543621,4.1228923,0.0075741528,0.0060218496,0.013591424,0.0096799527,0.0083137054,48.091351,0.49459941,0.036133585,0.08957332,0.16243554,0.1025641,0.81069607,0.60470085,0.18006735
girdle_s7,girdle,150,9,2,9.77,2.21,2.3456997,60,10,11,9.9979687,99.979687,26.263964,3806.7249,3829.5961,3829.0958,43.841138,0.19651701,0.31585028,0.68240318,0.07584245,2.658985,4.0303439,0.0076947529,0.0061345997,0.013169619,0.0085562296,0.0070779716,47.159414,0.50206767,0.015402924,0.087191291,0.15568984,0.1040724,0.77243139,0.75113122,0.18219014
girdle_s7,girdle,156,13,2,9.605,2.495,2.5976474,59,10,10,9.9979687,99.979687,26.160658,3821.7574,3839.2878,3838.821,42.340565,0.15083217,0.27131692,0.66197161,0.032413607,2.7571908,4.1096705,0.0075029658,0.0059317244,0.012876149,0.0081789977,0.0069524955,51.05323,0.46405332,0.014397343,0.070937774,0.15042391,0.080160321,0.76100005,0.75551102,0.18693943
girdle_s7,girdle,162,7,2,8.885,2.185,2.2117552,66,8,10,12.497461,99.979687,26.079978,3833.5802,3850.2244,3849.8342,38.690483,0.11237762,0.21118656,0.66197161,0.032413607,2.705698,4.0850506,0.0069328184,0.0055141332,0.011891003,0.0075071059,0.0063252975,51.272562,0.5465505,0.015226717,0.051999631,0.17668343,0.068649886,0.84240232,0.79176201,0.18266525
girdle_s7,girdle,168,7,2,8.15,2.2,2.1187985,56,8,9,12.482422,99.859375,25.935381,3850.3145,3860.325,3860.0289,33.687807,0.082834022,0.15980134,0.66849122,0.029255308,2.6620658,4.0832659,0.0061229553,0.0047950094,0.011306413,0.0070047876,0.0060593903,53.769603,0.55856603,0.013736796,0.040345957,0.16817196,0.059090909,0.89597122,0.82045455,0.16507219
girdle_s7,girdle,174,7,2,8.07,1.945,1.8857689,51,8,10,12.497461,99.979687,25.896862,3860.6874,3867.7819,3867.5571,29.357164,0.063492568,0.11068276,0.66964109,0.034876818,2.5679758,3.946698,0.0054151578,0.0041327401,0.010470291,0.0066211207,0.0057248942,53.438143,0.61660217,0.01037225,0.046244753,0.17919184,0.11311054,0.90615896,0.90231362,0.12861387
girdle_s7,girdle,180,7,1,8.415,1.83,1.7780591,53,8,10,12.497461,99.979687,25.847258,3868.0964,3871.3513,3871.1438,28.215644,0.055198573,0.098687885,0.64001169,0.083474904,2.3859906,3.9674288,0.0052402158,0.0039099658,0.0094188196,0.0063061358,0.0055744732,53.725018,0.64186764,0.0089911896,0.059688177,0.24366253,0.068306011,0.92823931,0.90983607,0.13691868
girdle_s7,girdle,186,12,1,11.47,1.855,1.8356452,53,11,10,9.0890625,99.979687,25.8843,3862.561,3870.514,3870.2656,30.854935,0.058314524,0.086795128,0.64001169,0.083474904,2.289586,4.0257028,0.0057320418,0.0042936168,0.0099834572,0.0062753531,0.0054433242,54.491388,0.63453295,0.016783062,0.074843858,0.2567969,0.070080863,0.90175377,0.90296496,0.14145763
girdle_s7,girdle,192,9,1,9.895,1.87,1.8845141,48,10,11,9.9859375,99.859375,25.851744,3862.7714,3865.5162,3865.1934,35.147197,0.072704239,0.090028923,0.63572545,0.085492503,2.3251962,4.0407646,0.0065611144,0.0050095366,0.011072588,0.0063864335,0.0053118418,55.231174,0.62531209,0.029218137,0.060757415,0.18805019,0.10962567,0.83697864,0.90641711,0.14474468
girdle_s7,girdle,198,11,2,9.5,2.125,2.1452918,55,11,11,9.0890625,99.979687,25.90456,3859.5401,3857.3109,3856.9195,38.688341,0.09773882,0.099095949,0.63572545,0.085492503,2.5192723,4.0582414,0.0073052667,0.0056191005,0.01306638,0.006405475,0.0051338733,55.463167,0.58439948,0.032097421,0.073316112,0.16997094,0.21882353,0.77965958,0.89411765,0.14530744
girdle_s7,girdle,204,15,2,10.275,2.155,2.1818699,60,12,12,8.3316406,99.979687,25.98566,3847.4947,3847.4117,3846.9891,40.221022,0.13232413,0.11849165,0.63211121,0.085279083,2.7302286,4.0376743,0.0077070762,0.0061942797,0.013437164,0.0061373484,0.0050102738,55.798063,0.56980329,0.017397481,0.080584898,0.13247567,0.16473318,0.76233037,0.9350348,0.17228009
girdle_s7,girdle,210,15,5,12.4,2.195,2.3074376,57,12,13,8.3316406,99.979687,26.020168,3842.3921,3837.6603,3837.2464,39.847391,0.17494864,0.14811977,0.62983068,0.08497333,2.9085356,4.0935307,0.00772259,0.0064305104,0.012979167,0.0057226556,0.0046875108,60.264624,0.53896162,0.019929886,0.069107431,0.083530606,0.13895216,0.75996771,0.92255125,0.20725033
girdle_s7,girdle,216,10,3,12.24,2.36,2.3605833,52,11,12,9.0890625,99.979687,26.02807,3841.2256,3829.932,3829.536,39.006505,0.22374944,0.18780322,0.63341803,0.085180025,3.0670748,4.109995,0.0075234328,0.0062243358,0.012674873,0.0056080809,0.0047837491,57.525348,0.48795743,0.017145625,0.049382352,0.093174962,0.11652542,0.78696434,0.96186441,0.19380691
girdle_s7,girdle,222,10,2,12.44,2.2,2.267579,49,11,11,9.0890625,99.979687,26.016526,3842.93,3825.8224,3825.4108,39.767264,0.2765937,0.22177453,0.63388021,0.090374868,3.1012106,4.7604627,0.0074303741,0.0059688019,0.013031585,0.006516952,0.0054648664,61.211734,0.54964427,0.028024355,0.055020988,0.14708428,0.088636364,0.80572997,0.87272727,0.17023018
girdle_s7,girdle,228,16,2,13.865,2.225,2.1936992,60,13,12,7.6907452,99.979687,25.958595,3851.5061,3826.3534,3825.8682,43.180778,0.33117188,0.31072038,0.68555136,0.064538359,3.2233702,6.2779809,0.0077265893,0.0060605759,0.013664876,0.0081144404,0.0064195697,60.79311,0.54429603,0.0046173716,0.068854652,0.1407814,0.1258427,0.76039577,0.74606742,0.17496379
girdle_s7,girdle,234,14,2,13.3,2.21,2.2196696,50,13,11,7.6907452,99.979687,25.987238,3847.261,3831.7309,3831.1205,48.507927,0.38509865,0.36710778,0.68471852,0.061781852,3.4862735,6.4613426,0.0084626511,0.0068468139,0.014151992,0.0093871656,0.0074086702,62.131916,0.5497074,0.013615942,0.075041284,0.10599105,0.090497738,0.71056414,0.69909502,0.19472393
girdle_s7,girdle,240,11,2,10.73,2.225,2.1311661,59,12,12,8.3316406,99.979687,26.003253,3844.8915,3841.2375,3840.4749,54.361261,0.43601714,0.42857683,0.66620551,0.069932202,3.9382213,6.7984437,0.0094777118,0.0075493723,0.01515226,0.0098779474,0.0077321011,62.687662,0.55091947,0.01919369,0.059785045,0.11575349,0.14606742,0.66621892,0.58651685,0.1702228
girdle_s7,girdle,246,12,2,10.405,2.275,2.1888906,67,13,13,7.6907452,99.979687,25.992119,3846.5385,3853.3412,3852.4211,59.856412,0.48170199,0.48581858,0.66504614,0.069629386,4.3238906,6.7020792,0.010577457,0.0083015389,0.01847313,0.0099811731,0.0081186671,62.694751,0.56507995,0.022987223,0.073474791,0.091280963,0.14945055,0.64923198,0.4967033,0.1441072
girdle_s7,girdle,252,10,2,9.995,2.255,2.2287357,52,11,13,9.0890625,99.979687,25.889098,3861.8452,3866.0096,3864.9352,64.791032,0.52015654,0.53829869,0.66504614,0.069629386,4.5831794,6.848203,0.011635936,0.0091191602,0.020075687,0.0098652019,0.0085811834,65.461067,0.52935675,0.015804235,0.080196504,0.10567185,0.066518847,0.64365331,0.58093126,0.14408967
girdle_s7,girdle,258,7,2,10.19,2.135,2.0904539,52,8,15,12.482422,99.859375,25.782614,3873.1284,3877.1333,3875.9076,69.237844,0.54970014,0.60254615,0.68571994,0.062103954,4.6835046,6.9857814,0.012579632,0.010015754,0.021355739,0.0084399667,0.0072756491,64.449016,0.57852274,0.015424143,0.073234005,0.062568384,0.088992974,0.57791411,0.70960187,0.16159786
girdle_s7,girdle,264,8,2,9.6,2.07,2.0369321,58,9,16,11.108854,99.979687,25.802938,3874.7404,3884.9218,3883.5562,73.069277,0.56904159,0.63507044,0.68354308,0.062492638,4.6866794,7.0064362,0.013337385,0.010852934,0.022015019,0.0081442753,0.0065752949,65.410933,0.59998971,0.016750773,0.07510494,0.067550164,0.15458937,0.50316343,0.71014493,0.18367176
girdle_s7,girdle,270,8,2,9.175,2.04,2.0280096,56,9,13,11.108854,99.979687,25.788512,3876.908,3888.1761,3886.7056,75.798432,0.57733559,0.67848654,0.70818292,0.069743264,4.6464228,6.8552203,0.013820182,0.011518041,0.022387654,0.0091085777,0.0069406992,65.130953,0.60859976,0.015514553,0.074819872,0.053746944,0.1495098,0.46648277,0.73529412,0.19454126
girdle_s7,girdle,276,11,2,13.09,2.085,2.0549394,57,12,13,8.3316406,99.979687,25.895805,3860.8449,3886.4175,3884.9094,76.754924,0.57421964,0.6883448,0.70818292,0.069743264,4.5913852,6.954174,0.013933825,0.011673949,0.022584868,0.01129834,0.0080127863,63.085264,0.58204061,0.010194197,0.081701185,0.043688362,0.14388489,0.4650768,0.66666667,0.21901102
girdle_s7,girdle,282,10,3,10.21,2.045,2.0590688,59,11,11,9.078125,99.859375,25.756481,3877.0582,3879.9065,3878.4525,75.373704,0.55982992,0.70672934,0.73971994,0.065367297,4.5410784,6.9446161,0.01360385,0.011244369,0.022308609,0.010188844,0.0073103328,62.34836,0.58933209,0.014207297,0.075675077,0.063501084,0.16625917,0.46984916,0.65036675,0.20327414
girdle_s7,girdle,288,12,2,12.555,2.145,2.1769901,55,11,12,9.0890625,99.979687,25.742927,3883.7732,3869.5862,3868.2804,71.431348,0.53479534,0.70033854,0.74307641,0.06147513,4.4744688,6.7740865,0.012802382,0.01046761,0.020789158,0.0094487006,0.007166324,61.025351,0.56831069,0.014631671,0.080589511,0.061776835,0.13519814,0.51212971,0.68065268,0.18227778
girdle_s7,girdle,294,9,2,11.885,2.275,2.3042326,54,10,11,9.9979687,99.979687,25.808924,3873.8418,3856.9676,3855.8791,65.192631,0.50021003,0.69772565,0.77415447,0.060267839,4.3497121,6.9946747,0.011577008,0.0092543227,0.018289047,0.0080656429,0.0064301088,58.810619,0.54857571,0.024608146,0.089926657,0.096017344,0.12527473,0.58939342,0.80659341,0.15917432
girdle_s7,girdle,300,14,2,12.075,2.315,2.289724,55,11,13,9.0890625,99.979687,25.944514,3853.5964,3843.9449,3843.0951,57.542329,0.45758552,0.61798703,0.72953549,0.058790111,4.0841204,7.0130754,0.010090129,0.0078943914,0.01572334,0.0075581827,0.0063237855,59.361547,0.55262387,0.035793164,0.081241755,0.085943079,0.064794816,0.66645971,0.8488121,0.1521334
girdle_s7,girdle,306,44,2,12.07,2.355,2.4114484,64,13,13,7.6907452,99.979687,26.066746,3835.5262,3832.5313,3831.8844,50.119518,0.40878472,0.56346373,0.72953549,0.058790111,3.6668365,6.6565383,0.0086603123,0.0066977212,0.014524509,0.0072052544,0.0059989391,56.757059,0.56160042,0.051864016,0.090273537,0.13128558,0.057324841,0.75406061,0.85987261,0.14079616
girdle_s7,girdle,312,16,5,12.14,2.495,2.4861315,61,13,12,7.6907452,99.979687,26.238116,3810.4751,3824.539,3824.015,44.99911,0.35594046,0.50282104,0.73164449,0.058903998,3.4282817,5.6928069,0.0077042334,0.0058879025,0.013355619,0.0072733652,0.0058230233,55.585843,0.55812635,0.024726233,0.11484386,0.2109922,0.11422846,0.78946538,0.81763527,0.17003183
girdle_s7,girdle,318,8,2,11.12,2.52,2.5027123,57,9,13,11.108854,99.979687,26.261321,3807.108,3821.2482,3820.7624,43.232465,0.30136228,0.45150311,0.74057075,0.050737924,2.8886263,4.1341716,0.0074284802,0.0057460459,0.012902648,0.0078713301,0.0061936033,51.545153,0.56473609,0.038770238,0.1117939,0.17995479,0.1765873,0.78516721,0.74603175,0.1806873
girdle_s7,girdle,324,7,2,9.72,2.37,2.333533,62,8,12,12.497461,99.979687,26.283777,3803.8555,3823.1113,3822.6162,43.606244,0.24743551,0.39262541,0.76866845,0.049598554,2.543621,4.1228923,0.0075741528,0.0060218496,0.013591424,0.0078923083,0.0062706304,50.644258,0.58154272,0.036133585,0.08957332,0.16243554,0.21729958,0.81069607,0.75316456,0.18006735
girdle_s7,girdle,330,9,2,10.255,2.355,2.2881639,76,10,12,9.9979687,99.979687,26.264398,3806.662,3829.5961,3829.0958,43.841138,0.19651701,0.31873118,0.76866845,0.049598554,2.658985,4.0303439,0.0076947529,0.0061345997,0.013169619,0.0067824051,0.0053087591,46.656037,0.59917856,0.015402924,0.087191291,0.15568984,0.16772824,0.77243139,0.89171975,0.18219014
girdle_s7,girdle,336,13,2,11.57,2.535,2.4899588,59,10,11,9.9979687,99.979687,26.16093,3821.7177,3839.2878,3838.821,42.340565,0.15083217,0.24961486,0.77074075,0.049022586,2.7571908,4.1096705,0.0075029658,0.0059317244,0.012876149,0.0060077017,0.0048973668,46.907624,0.56279472,0.014397343,0.070937774,0.15042391,0.098619329,0.76100005,0.94280079,0.18693943
girdle_s7,girdle,342,7,2,8.555,2.345,2.3097212,61,8,11,12.497461,99.979687,26.079711,3833.6194,3850.2244,3849.8342,38.690483,0.11237762,0.18658331,0.77074075,0.049022586,2.705698,4.0850506,0.0069328184,0.0055141332,0.011891003,0.0054079566,0.0040465902,43.8393,0.59514784,0.015226717,0.051999631,0.17668343,0.21535181,0.84240232,0.89765458,0.18266525
girdle_s7,girdle,348,7,2,8.415,2.285,2.2557063,62,8,10,12.482422,99.859375,25.935732,3850.2625,3860.325,3860.0289,33.687807,0.082834022,0.11115289,0.75008638,0.047906639,2.6620658,4.0832659,0.0061229553,0.0047950094,0.011306413,0.0061470921,0.0046613895,42.449475,0.59908172,0.013736796,0.040345957,0.16817196,0.17067834,0.89597122,0.81400438,0.16507219
girdle_s7,girdle,354,7,1,7.265,2.115,2.0877378,58,8,11,12.497461,99.979687,25.896862,3860.6874,3867.7819,3867.5571,29.357164,0.063492568,0.076255773,0.7391254,0.049954595,2.5679758,3.946698,0.0054151578,0.0041327401,0.010470291,0.0063955806,0.0049020147,40.450887,0.62573638,0.01037225,0.046244753,0.17919184,0.22458629,0.90615896,0.79432624,0.12861387
girdle_s17,girdle,0,7,1,8.805,1.68,1.5173933,53,8,9,12.497461,99.979687,25.766896,3880.1603,3869.338,3869.1236,28.657279,0.063182058,0.056298638,0.68426588,0.053174747,2.5284452,4.0110818,0.0054600415,0.0042061239,0.010031916,0.0055735263,0.003472843,40.300536,0.6373827,0.0048499492,0.063345197,0.15410036,0.43154762,0.91335074,0.89285714,0.14493406
girdle_s17,girdle,6,7,1,8.915,1.66,1.4982579,51,8,9,12.497461,99.979687,25.792366,3876.3287,3868.799,3868.5577,30.423395,0.064015704,0.053191857,0.68426588,0.053174747,2.4434679,4.0720437,0.0055775183,0.0043307121,0.0098299591,0.0059586363,0.0037821148,39.798111,0.63198284,0.012864517,0.058319142,0.20041614,0.38554217,0.91203964,0.84036145,0.17034434
girdle_s17,girdle,12,6,1,9.965,1.755,1.5951205,48,7,8,14.265625,99.859375,25.809608,3869.0775,3864.9053,3864.6027,34.067222,0.074331536,0.0488162,0.73147679,0.043689334,2.4633776,4.0714451,0.0061447433,0.0046973833,0.010934192,0.0062397257,0.0042464033,40.084676,0.6374963,0.014063796,0.060102212,0.18904676,0.1965812,0.84307403,0.82051282,0.15810676
girdle_s17,girdle,18,9,1,10.18,1.76,1.6373431,49,10,8,9.9979687,99.979687,25.918819,3857.4168,3858.2174,3857.8513,37.445825,0.093678704,0.057674875,0.73147679,0.043689334,2.6129225,4.0726415,0.0068281208,0.0053197734,0.012165616,0.0055765705,0.0040928318,40.089952,0.62849478,0.0085446454,0.059801952,0.1492328,0.17897727,0.81738374,0.88920455,0.15582267
girdle_s17,girdle,24,12,2,10.665,1.73,1.6149377,52,11,9,9.0890625,99.979687,25.957184,3851.7156,3849.7915,3849.3916,39.119617,0.12121164,0.095283323,0.71302886,0.052056703,2.7600858,4.0794834,0.0073041982,0.0058687889,0.012770416,0.0051681034,0.0042657517,40.473256,0.61779175,0.01845499,0.064736432,0.15362311,0.066473988,0.80022136,0.93063584,0.18670543
girdle_s17,girdle,30,11,1,11.365,1.785,1.7050038,50,10,9,9.9979687,99.979687,25.969893,3849.8305,3841.0058,3840.6112,38.886476,0.15572703,0.12283021,0.71302886,0.052056703,3.0031629,4.1060389,0.0074262655,0.0060381909,0.012975303,0.0047034786,0.0039785408,40.998384,0.62022758,0.02425679,0.056676957,0.13130348,0.12605042,0.77662145,0.95518207,0.20449739
girdle_s17,girdle,36,9,1,12.09,1.825,1.7453852,51,10,8,9.9979687,99.979687,25.931945,3855.4643,3833.3266,3832.948,38.125668,0.19571638,0.13920078,0.76263569,0.055274134,3.1980334,4.1330459,0.0073230123,0.0059555389,0.012812063,0.0051666089,0.0043671882,42.900234,0.60986765,0.015341442,0.075298367,0.10824069,0.1260274,0.78775573,0.97534247,0.183709
girdle_s17,girdle,42,15,1,13.1,1.82,1.7411915,53,12,9,8.3316406,99.979687,26.142521,3824.4088,3828.0899,3827.6908,39.145796,0.23943197,0.1994296,0.715275,0.059280001,3.1945866,4.5519453,0.0073662487,0.0059977727,0.012459649,0.0069040695,0.0054599379,45.012366,0.60596982,0.016363736,0.082098686,0.10038373,0.10714286,0.79510726,0.8489011,0.19697856
girdle_s17,girdle,48,9,1,10.625,1.87,1.7779658,56,10,9,9.9979687,99.979687,26.152336,3822.9735,3826.3178,3825.8342,43.117651,0.28496321,0.23510819,0.715275,0.059280001,3.1396049,6.2078612,0.0079050211,0.0063861842,0.013310498,0.0086649794,0.0068983066,48.550682,0.61056549,0.020376303,0.076393744,0.12356012,0.088235294,0.7740776,0.75668449,0.17667446
girdle_s17,girdle,54,9,1,9.93,1.87,1.7597133,57,10,11,9.9979687,99.979687,26.16096,3821.7132,3828.5187,3827.8927,49.192653,0.33032017,0.31708442,0.69925256,0.063069448,3.2197034,6.6729436,0.0089707023,0.007059379,0.014481925,0.010759558,0.0089452501,50.27724,0.61048375,0.020009122,0.064912537,0.116095,0.058823529,0.73471271,0.59358289,0.15499497
girdle_s17,girdle,60,8,1,10.305,1.975,1.8916332,53,9,12,11.108854,99.979687,26.127751,3826.5707,3834.5006,3833.6924,56.097522,0.37352053,0.41759079,0.70984653,0.059593349,3.4882222,6.8692768,0.010352968,0.0079695261,0.01581465,0.012441902,0.010233431,51.720247,0.57871393,0.021253309,0.069871672,0.10938273,0.055696203,0.67873753,0.48101266,0.13883112
girdle_s17,girdle,66,6,1,9.675,1.895,1.8548878,49,7,12,14.282813,99.979687,25.834591,3869.9931,3843.3393,3842.3178,63.223716,0.41267624,0.4482627,0.70984653,0.059593349,3.7338086,6.6009948,0.01183511,0.0090203741,0.01917081,0.013153409,0.010840486,52.461464,0.58730479,0.013161255,0.078983377,0.12723896,0.050131926,0.64740482,0.47493404,0.12973262
girdle_s17,girdle,72,6,1,9.315,1.84,1.7849936,50,7,11,14.282813,99.979687,25.8291,3870.8157,3853.5814,3852.3207,70.291035,0.44607599,0.49324976,0.70730553,0.062814062,3.8737782,6.8854409,0.013251736,0.01022445,0.021350277,0.013690668,0.011330472,55.415951,0.59429641,0.018491972,0.065535071,0.099461821,0.038043478,0.57389569,0.4673913,0.15052453
girdle_s17,girdle,78,5,1,8.375,1.8,1.7907745,49,6,10,16.643229,99.859375,25.69903,3885.7255,3863.5915,3862.0866,76.783036,0.47226006,0.50570752,0.71315405,0.063239189,3.934775,6.8771241,0.014449149,0.011460632,0.023839256,0.013815999,0.011510528,55.780197,0.6174478,0.017245144,0.057372574,0.059285962,0.091666667,0.51378467,0.48611111,0.16721406
girdle_s17,girdle,84,12,2,8.385,1.8,1.7886855,56,11,11,9.0890625,99.979687,25.701978,3889.9608,3871.8795,3870.1681,81.879561,0.49008409,0.50598757,0.7084848,0.063727831,3.9236226,6.9078495,0.01527889,0.01218739,0.025312583,0.01310473,0.010832954,56.157715,0.62576129,0.017200237,0.058996268,0.060307375,0.094444444,0.49506552,0.48055556,0.1704456
girdle_s17,girdle,90,7,2,7.955,1.96,1.9234093,50,8,13,12.497461,99.979687,25.608398,3904.1757,3877.3142,3875.4816,84.78639,0.49876906,0.49058283,0.68106981,0.061238404,3.9346172,6.8968607,0.015635465,0.012457811,0.02549114,0.011458822,0.0095743248,55.26803,0.59455457,0.01548761,0.070478356,0.085037009,0.06122449,0.49517999,0.5127551,0.18378032
girdle_s17,girdle,96,7,2,7.985,1.995,1.9328208,59,8,12,12.497461,99.979687,25.689729,3891.8155,3879.2314,3877.3909,85.066168,0.49793542,0.47567756,0.68662081,0.061536198,3.9786456,6.8374387,0.015495296,0.012396931,0.025638054,0.0097144228,0.0080534058,57.313442,0.62804756,0.016857712,0.062362528,0.047665632,0.07518797,0.5107354,0.67919799,0.16786829
girdle_s17,girdle,102,9,2,9.56,2.11,2.0304097,64,10,17,9.9859375,99.859375,25.85599,3862.1369,3877.4864,3875.749,82.710643,0.48761958,0.46201123,0.68643529,0.054780883,4.0579619,6.7717216,0.01491983,0.011729871,0.025131425,0.0086757686,0.0072068116,57.74144,0.64421535,0.024027853,0.060761727,0.043634574,0.087677725,0.55819235,0.74170616,0.15903748
girdle_s17,girdle,108,11,2,11.18,2.485,2.3569789,67,10,17,9.9979687,99.979687,26.016262,3842.969,3872.4739,3870.9283,77.973303,0.46827242,0.35427142,0.6958697,0.044062867,4.1365189,6.7864125,0.014017751,0.010850445,0.024227658,0.0074860267,0.0060686755,56.359234,0.61014998,0.019909623,0.073883358,0.050111739,0.12676056,0.57664822,0.79879276,0.14700506
girdle_s17,girdle,114,9,2,13.12,2.535,2.4235206,83,9,18,11.108854,99.979687,25.876425,3863.7364,3865.0891,3863.7945,71.207269,0.44073948,0.3074953,0.68916407,0.042963111,4.1003154,6.7839888,0.012896961,0.010124107,0.022127058,0.0073452838,0.0058110009,54.544103,0.63187919,0.012091413,0.073437811,0.065610796,0.12031558,0.59089076,0.81854043,0.15009307
girdle_s17,girdle,120,6,1,11.035,2.88,2.8060669,76,7,18,14.282813,99.979687,25.778473,3878.4178,3856.5929,3855.5737,62.989015,0.40622409,0.26836389,0.68916407,0.042963111,3.930938,6.4561122,0.011653946,0.0093886298,0.019264413,0.0075201387,0.0062434958,54.339345,0.60974089,0.00970254,0.067136751,0.071224163,0.10069444,0.60435492,0.796875,0.16540634
girdle_s17,girdle,126,5,1,10.71,2.935,2.8358379,86,6,17,16.663281,99.979687,25.819687,3872.2269,3848.3977,3847.6286,54.587195,0.36623474,0.20692529,0.75297172,0.039077468,3.730367,6.4472239,0.010426447,0.0084208415,0.015647996,0.0076909334,0.0063751943,53.497211,0.61799287,0.0089311973,0.0551149,0.083203749,0.12947189,0.66474154,0.76660988,0.15558845
girdle_s17,girdle,132,11,5,12.03,2.945,2.917391,82,10,17,9.9979687,99.979687,25.984939,3847.6015,3841.8446,3841.244,48.208192,0.32251915,0.17369259,0.75297172,0.039077468,3.6377244,6.2718874,0.0094418758,0.0075116242,0.014410268,0.0074869014,0.0060126259,51.178067,0.63226426,0.0081642572,0.086195784,0.12483864,0.14940577,0.64671008,0.75721562,0.180186
girdle_s17,girdle,138,15,6,10.525,3,2.9974549,86,10,16,9.9979687,99.979687,26.060085,3836.5066,3838.0258,3837.4855,45.716422,0.27698791,0.13797222,0.77818105,0.040996817,3.3675337,5.3547245,0.0089066871,0.0072659723,0.013808581,0.0071344764,0.0056407503,49.424444,0.65451111,0.012864517,0.074877475,0.097193581,0.14,0.68591296,0.81666667,0.19290259
girdle_s17,girdle,144,13,3,9.695,2.81,2.792688,78,10,16,9.9979687,99.979687,26.072818,3834.633,3837.6136,3837.0583,46.266275,0.23163095,0.11287528,0.77818105,0.040996817,2.9280523,4.1328203,0.0087621886,0.007088242,0.013603633,0.0067122952,0.0052260433,47.815129,0.68984384,0.017060233,0.069758084,0.15598733,0.15124555,0.66825044,0.80604982,0.20311055
girdle_s17,girdle,150,10,2,9.595,2.86,2.8554067,83,11,16,9.0890625,99.979687,25.989795,3846.8825,3840.6634,3840.0918,46.854681,0.18843059,0.090224656,0.77818105,0.040996817,2.5656575,4.12404,0.0086754113,0.0070428256,0.014044309,0.0061188529,0.0047045688,45.921388,0.70709048,0.0087771049,0.077448617,0.12477613,0.13986014,0.67620073,0.87237762,0.19181162
girdle_s17,girdle,156,9,2,9.67,2.86,2.7972878,83,10,17,9.9979687,99.979687,25.923092,3856.781,3846.4945,3845.9617,45.191978,0.14927488,0.070675544,0.77091952,0.040891867,2.4999877,4.0743985,0.0083314312,0.0066900831,0.014163815,0.0051911449,0.0039419955,45.026452,0.72846216,0.0075795865,0.070141113,0.13883816,0.15034965,0.71693573,0.91958042,0.19036139
girdle_s17,girdle,162,9,2,9.93,2.94,2.804539,81,10,15,9.9979687,99.979687,25.838222,3869.4492,3853.8004,3853.3638,40.90877,0.11587513,0.024033129,0.80334639,0.017566386,2.5271171,4.0465438,0.0076411071,0.0061432737,0.012876938,0.0045875448,0.0035821782,42.815981,0.73110858,0.0088211313,0.061406274,0.14984124,0.079931973,0.75016158,0.95238095,0.19398124
girdle_s17,girdle,168,9,2,9.18,2.84,2.7076878,83,10,16,9.9859375,99.859375,25.779579,3873.5844,3860.9817,3860.6577,35.248197,0.089691056,0.019796033,0.81650747,0.01888625,2.5844308,4.0939444,0.0067410183,0.0053818457,0.011723952,0.0037815523,0.0030037709,41.247046,0.7514197,0.011747126,0.05891614,0.15066277,0.10211268,0.84801731,0.9806338,0.20145252
girdle_s17,girdle,174,8,2,10.045,2.64,2.5363842,74,9,12,11.108854,99.979687,25.811058,3873.5215,3866.5347,3866.2931,30.42882,0.071867034,0.017232443,0.89623221,0.014497231,2.6314618,4.0298621,0.0059088975,0.0045435739,0.01040003,0.0028650498,0.0023132775,39.608977,0.77486751,0.0092217716,0.059407475,0.1967461,0.18371212,0.87907795,0.99621212,0.15676131
girdle_s17,girdle,180,7,2,8.605,2.5,2.4316907,73,8,12,12.497461,99.979687,25.765343,3880.3942,3869.338,3869.1236,28.657279,0.063182058,0.019471822,0.92828768,0.014054234,2.5284452,4.0110818,0.0054600415,0.0042061239,0.010031916,0.0022306927,0.0017740419,38.508211,0.78732146,0.0048499492,0.063345197,0.15410036,0.324,0.91335074,1,0.14493406
girdle_s17,girdle,186,7,2,7.435,2.47,2.4126903,70,8,11,12.497461,99.979687,25.792366,3876.3287,3868.799,3868.5577,30.423395,0.064015704,0.02630116,0.8989971,0.015088483,2.4434679,4.0720437,0.0055775183,0.0043307121,0.0098299591,0.0022107216,0.0016898241,39.941882,0.75540929,0.012864517,0.058319142,0.20041614,0.39068826,0.91203964,1,0.17034434
girdle_s17,girdle,192,6,2,7.64,2.515,2.4635634,68,7,13,14.265625,99.859375,25.810171,3868.9931,3864.9053,3864.6027,34.067222,0.074331536,0.050351285,0.8558843,0.04554985,2.4633776,4.0714451,0.0061447433,0.0046973833,0.010934192,0.0031127561,0.0022974551,41.280297,0.72648313,0.014063796,0.060102212,0.18904676,0.36779324,0.84307403,1,0.15810676
girdle_s17,girdle,198,9,2,9.735,2.575,2.5029584,68,10,14,9.9979687,99.979687,25.91905,3857.3825,3858.2174,3857.8513,37.445825,0.093678704,0.055689914,0.82142037,0.043695536,2.6129225,4.0726415,0.0068281208,0.0053197734,0.012165616,0.004280292,0.0033640799,41.216965,0.6832103,0.0085446454,0.059801952,0.1492328,0.2,0.81738374,0.98834951,0.15582267
girdle_s17,girdle,204,14,4,10.305,2.45,2.4063487,74,11,13,9.0890625,99.979687,25.956624,3851.7985,3849.7915,3849.3916,39.119617,0.12121164,0.082277838,0.77343485,0.054741949,2.7600858,4.0794834,0.0073041982,0.0058687889,0.012770416,0.0053876327,0.0044502206,41.265985,0.67115405,0.01845499,0.064736432,0.15362311,0.11020408,0.80022136,0.94897959,0.18670543
girdle_s17,girdle,210,11,2,10.375,2.44,2.4438066,67,10,12,9.9979687,99.979687,25.968958,3849.9692,3841.0058,3840.6112,38.886476,0.15572703,0.096072236,0.7766704,0.054983989,3.0031629,4.1060389,0.0074262655,0.0060381909,0.012975303,0.0061038898,0.0051556722,44.348879,0.63045437,0.02425679,0.056676957,0.13130348,0.073770492,0.77662145,0.89344262,0.20449739
girdle_s17,girdle,216,9,2,11.795,2.285,2.2700725,66,10,14,9.9979687,99.979687,25.931945,3855.4643,3833.3266,3832.948,38.125668,0.19571638,0.11085103,0.78469944,0.052245112,3.1980334,4.1330459,0.0073230123,0.0059555389,0.012812063,0.0066645988,0.0056952629,45.214923,0.63313329,0.015341442,0.075298367,0.10824069,0.09190372,0.78775573,0.89277899,0.183709
girdle_s17,girdle,222,15,5,11.995,2.165,2.1427673,63,12,12,8.3316406,99.979687,26.143308,3824.2937,3828.0899,3827.6908,39.145796,0.23943197,0.12975645,0.77621,0.054184961,3.1945866,4.5519453,0.0073662487,0.0059977727,0.012459649,0.0070278439,0.0061246414,45.500979,0.6213106,0.016363736,0.082098686,0.10038373,0.10854503,0.79510726,0.91685912,0.19697856
girdle_s17,girdle,228,9,2,9.875,2.08,2.0398516,67,10,14,9.9979687,99.979687,26.151731,3823.0619,3826.3178,3825.8342,43.117651,0.28496321,0.18213157,0.65860157,0.043297946,3.1396049,6.2078612,0.0079050211,0.0063861842,0.013310498,0.0075897922,0.0068300897,45.579447,0.62595351,0.020376303,0.076393744,0.12356012,0.048076923,0.7740776,0.89182692,0.17667446
girdle_s17,girdle,234,9,2,10.69,2.38,2.340648,77,10,12,9.9979687,99.979687,26.161115,3821.6906,3828.5187,3827.8927,49.192653,0.33032017,0.22996202,0.68789994,0.021517202,3.2197034,6.6729436,0.0089707023,0.007059379,0.014481925,0.0075601474,0.0066596157,47.172456,0.57419024,0.020009122,0.064912537,0.116095,0.037815126,0.73471271,0.81512605,0.15499497
girdle_s17,girdle,240,9,2,10.605,2.24,2.1376059,61,10,13,9.9979687,99.979687,26.130377,3826.1863,3834.5006,3833.6924,56.097522,0.37352053,0.27045577,0.65654556,0.02056449,3.4882222,6.8692768,0.010352968,0.0079695261,0.01581465,0.0081614024,0.0070339402,47.102667,0.60744196,0.021253309,0.069871672,0.10938273,0.053571429,0.67873753,0.703125,0.13883112
girdle_s17,girdle,246,6,1,9.545,2.175,2.0784172,59,7,12,14.282813,99.979687,25.834591,3869.9931,3843.3393,3842.3178,63.223716,0.41267624,0.30835689,0.65662985,0.020607138,3.7338086,6.6009948,0.01183511,0.0090203741,0.01917081,0.008292071,0.0066338517,49.700748,0.61156439,0.013161255,0.078983377,0.12723896,0.12643678,0.64740482,0.6,0.12973262
girdle_s17,girdle,252,6,1,9.51,2.18,2.0589245,59,7,12,14.282813,99.979687,25.8291,3870.8157,3853.5814,3852.3207,70.291035,0.44607599,0.32998909,0.62285824,0.045383774,3.8737782,6.8854409,0.013251736,0.01022445,0.021350277,0.009092418,0.0071223484,50.550697,0.627169,0.018491972,0.065535071,0.099461821,0.17889908,0.57389569,0.61926606,0.15052453
girdle_s17,girdle,258,5,1,8.65,2.02,1.9846579,55,6,12,16.643229,99.859375,25.698299,3885.8359,3863.5915,3862.0866,76.783036,0.47226006,0.3580802,0.62285824,0.045383774,3.934775,6.8771241,0.014449149,0.011460632,0.023839256,0.0096444387,0.0075260073,50.071664,0.63920701,0.017245144,0.057372574,0.059285962,0.19306931,0.51378467,0.65841584,0.16721406
girdle_s17,girdle,264,14,1,11.285,1.745,1.7856692,47,11,12,9.0890625,99.979687,25.700856,3890.1307,3871.8795,3870.1681,81.879561,0.49008409,0.41412434,0.61607474,0.045690679,3.9236226,6.9078495,0.01527889,0.01218739,0.025312583,0.01069207,0.0082353766,51.504791,0.65744305,0.017200237,0.058996268,0.060307375,0.088825215,0.49506552,0.66189112,0.1704456
girdle_s17,girdle,270,7,2,9.725,1.615,1.6472028,53,8,11,12.497461,99.979687,25.612125,3903.6076,3877.3142,3875.4816,84.78639,0.49876906,0.44132783,0.60881699,0.046850864,3.9346172,6.8968607,0.015635465,0.012457811,0.02549114,0.01219041,0.0092044664,51.395156,0.66283203,0.01548761,0.070478356,0.085037009,0.052631579,0.49517999,0.64396285,0.18378032
girdle_s17,girdle,276,7,2,8.795,1.64,1.6499407,42,8,10,12.497461,99.979687,25.689729,3891.8155,3879.2314,3877.3909,85.066168,0.49793542,0.44326474,0.62467546,0.046968249,3.9786456,6.8374387,0.015495296,0.012396931,0.025638054,0.014012201,0.010886007,51.275108,0.64456358,0.016857712,0.062362528,0.047665632,0.045731707,0.5107354,0.5945122,0.16786829
girdle_s17,girdle,282,9,1,9.91,1.83,1.8745548,45,10,11,9.9859375,99.859375,25.85757,3861.901,3877.4864,3875.749,82.710643,0.48761958,0.42305469,0.58988542,0.05279206,4.0579619,6.7717216,0.01491983,0.011729871,0.025131425,0.014348898,0.011717508,51.829082,0.60737139,0.024027853,0.060761727,0.043634574,0.0081967213,0.55819235,0.53551913,0.15903748
girdle_s17,girdle,288,11,1,10.115,1.86,1.7674463,46,10,11,9.9979687,99.979687,26.016158,3842.9844,3872.4739,3870.9283,77.973303,0.46827242,0.41138095,0.58988542,0.05279206,4.1365189,6.7864125,0.014017751,0.010850445,0.024227658,0.013449756,0.011304505,50.885582,0.59681344,0.019909623,0.073883358,0.050111739,0.01344086,0.57664822,0.54569892,0.14700506
girdle_s17,girdle,294,9,1,9.565,1.92,1.8112352,50,9,12,11.108854,99.979687,25.874587,3864.0109,3865.0891,3863.7945,71.207269,0.44073948,0.37390306,0.60938862,0.050713631,4.1003154,6.7839888,0.012896961,0.010124107,0.022127058,0.012709013,0.010665426,53.515248,0.59831823,0.012091413,0.073437811,0.065610796,0.0234375,0.59089076,0.5625,0.15009307
girdle_s17,girdle,300,8,1,9.925,1.915,1.7620989,52,7,10,14.282813,99.979687,25.778239,3878.453,3856.5929,3855.5737,62.989015,0.40622409,0.37256983,0.62259854,0.027193839,3.930938,6.4561122,0.011653946,0.0093886298,0.019264413,0.012599873,0.010299774,54.800418,0.61279337,0.00970254,0.067136751,0.071224163,0.052219321,0.60435492,0.57180157,0.16540634
girdle_s17,girdle,306,5,1,10.615,1.96,1.8221639,59,6,11,16.663281,99.979687,25.819687,3872.2269,3848.3977,3847.6286,54.587195,0.36623474,0.3253777,0.64206014,0.026058258,3.730367,6.4472239,0.010426447,0.0084208415,0.015647996,0.010365518,0.0087226611,53.821385,0.60288497,0.0089311973,0.0551149,0.083203749,0.058673469,0.66474154,0.63265306,0.15558845
girdle_s17,girdle,312,13,1,10.4,1.95,1.7934478,58,10,11,9.9979687,99.979687,25.983884,3847.7576,3841.8446,3841.244,48.208192,0.32251915,0.2854426,0.64206014,0.026058258,3.6377244,6.2718874,0.0094418758,0.0075116242,0.014410268,0.010161002,0.0085861195,52.042038,0.57895214,0.0081642572,0.086195784,0.12483864,0.071794872,0.64671008,0.58717949,0.180186
girdle_s17,girdle,318,17,1,10.72,1.74,1.6724753,56,10,9,9.9979687,99.979687,26.059663,3836.5687,3838.0258,3837.4855,45.716422,0.27698791,0.12161337,0.74481848,0.023478757,3.3675337,5.3547245,0.0089066871,0.0072659723,0.013808581,0.0098125225,0.0080380482,51.859478,0.60978638,0.012864517,0.074877475,0.097193581,0.21551724,0.68591296,0.5316092,0.19290259
girdle_s17,girdle,324,13,2,13.485,1.68,1.6827524,41,10,9,9.9979687,99.979687,26.072818,3834.633,3837.6136,3837.0583,46.266275,0.23163095,0.096466628,0.74481848,0.023478757,2.9280523,4.1328203,0.0087621886,0.007088242,0.013603633,0.010000838,0.0079504168,52.459644,0.58974452,0.017060233,0.069758084,0.15598733,0.32738095,0.66825044,0.41369048,0.20311055
girdle_s17,girdle,330,10,2,11.28,1.54,1.555853,39,11,9,9.0890625,99.979687,25.990021,3846.8491,3840.6634,3840.0918,46.854681,0.18843059,0.073933565,0.74481848,0.023478757,2.5656575,4.12404,0.0086754113,0.0070428256,0.014044309,0.009303406,0.0069805529,48.8483,0.62785847,0.0087771049,0.077448617,0.12477613,0.34415584,0.67620073,0.50974026,0.19181162
girdle_s17,girdle,336,9,1,10.14,1.605,1.5615128,43,10,10,9.9979687,99.979687,25.923518,3856.7176,3846.4945,3845.9617,45.191978,0.14927488,0.085978248,0.73759206,0.054007902,2.4999877,4.0743985,0.0083314312,0.0066900831,0.014163815,0.0084514225,0.0061966851,46.857316,0.63913596,0.0075795865,0.070141113,0.13883816,0.33333333,0.71693573,0.62305296,0.19036139
girdle_s17,girdle,342,9,1,10.285,1.605,1.5055811,50,10,10,9.9979687,99.979687,25.837971,3869.4868,3853.8004,3853.3638,40.90877,0.11587513,0.071916358,0.73759206,0.054007902,2.5271171,4.0465438,0.0076411071,0.0061432737,0.012876938,0.0075779072,0.0055127446,45.431159,0.64386032,0.0088211313,0.061406274,0.14984124,0.37383178,0.75016158,0.73831776,0.19398124
girdle_s17,girdle,348,9,1,10.64,1.745,1.577777,56,10,11,9.9859375,99.859375,25.778984,3873.6737,3860.9817,3860.6577,35.248197,0.089691056,0.082254966,0.66846871,0.05039479,2.5844308,4.0939444,0.0067410183,0.0053818457,0.011723952,0.0066565903,0.0046770134,42.463068,0.63646873,0.011747126,0.05891614,0.15066277,0.36389685,0.84801731,0.79942693,0.20145252
girdle_s17,girdle,354,8,1,9.33,1.72,1.5536072,49,9,11,11.108854,99.979687,25.810985,3873.5324,3866.5347,3866.2931,30.42882,0.071867034,0.065331048,0.66846871,0.05039479,2.6314618,4.0298621,0.0059088975,0.0045435739,0.01040003,0.0055521668,0.0036852931,40.545728,0.62475194,0.0092217716,0.059407475,0.1967461,0.43023256,0.87907795,0.93604651,0.15676131
girdle_s23,girdle,0,10,1,9.67,2.065,2.0440591,59,11,12,9.0890625,99.979687,25.880278,3863.1613,3868.9614,3868.661,33.94466,0.071147719,0.093523164,0.68400361,0.039791451,2.3556952,4.0252211,0.0063494375,0.0048233968,0.011609946,0.0080610118,0.0068142853,52.196669,0.65029266,0.0092943771,0.049599793,0.21730764,0.14285714,0.85599978,0.71186441,0.16427336
girdle_s23,girdle,6,14,1,10.555,1.97,1.9464981,51,11,12,9.0890625,99.979687,25.88556,3862.3729,3866.9779,3866.6657,34.644783,0.076200075,0.095126021,0.68400361,0.039791451,2.5977815,3.9873777,0.0065506639,0.0048783832,0.011472515,0.008174112,0.0069010279,52.224193,0.64555832,0.00074715896,0.047713063,0.18677572,0.12182741,0.83425772,0.72081218,0.14510738
girdle_s23,girdle,12,10,2,10.395,1.99,1.9815103,60,9,13,11.095486,99.859375,25.984184,3843.0829,3861.8157,3861.4754,36.228241,0.089794988,0.10062476,0.68041666,0.039423146,2.7622761,4.0255694,0.0068705097,0.0051502303,0.011454156,0.0083766521,0.0072745736,52.304012,0.62153485,0.0022116956,0.05620247,0.14290357,0.095477387,0.83005506,0.73115578,0.1341181
girdle_s23,girdle,18,14,2,9.58,1.925,1.9317162,51,10,11,9.9979687,99.979687,26.154984,3822.5865,3854.1991,3853.8113,38.723278,0.1113383,0.11980894,0.67266793,0.03793096,2.8957829,4.0956172,0.0072698806,0.005657298,0.011975757,0.0086285795,0.0076263401,51.751583,0.6233126,0.011681257,0.055237208,0.13693418,0.062337662,0.85148004,0.76623377,0.15447709
girdle_s23,girdle,24,7,2,9.54,1.88,1.9171522,54,8,9,12.497461,99.979687,26.332779,3796.7769,3845.2814,3844.8299,41.790798,0.13988845,0.13972747,0.73170174,0.033239822,2.9577463,4.1190086,0.0077265575,0.0060824141,0.012558295,0.0089401893,0.0079447906,50.783057,0.63605312,0.012627249,0.072364053,0.1302842,0.053191489,0.8218442,0.65159574,0.15760937
girdle_s23,girdle,30,7,2,9.245,1.825,1.882446,56,8,10,12.497461,99.979687,26.380498,3789.909,3836.5133,3835.9953,44.722963,0.17419767,0.15744188,0.71648917,0.032480449,2.8367855,4.0980845,0.008209094,0.00650307,0.01301645,0.0093124306,0.0081427512,48.811846,0.64039872,0.0076485252,0.062441642,0.13128713,0.063013699,0.75122059,0.55616438,0.17529856
girdle_s23,girdle,36,7,2,9.6,2.13,2.1565276,54,8,10,12.497461,99.979687,26.399424,3787.192,3829.4242,3828.8589,46.67713,0.21276649,0.17531848,0.71648917,0.032480449,2.637954,4.127467,0.008651837,0.0069254788,0.013901647,0.009361955,0.0079598647,47.633477,0.60333676,0.0094967144,0.061025281,0.15354686,0.10798122,0.67841683,0.53286385,0.20215599
girdle_s23,girdle,42,8,2,10.265,2,2.0555751,56,9,10,11.108854,99.979687,26.321668,3798.3796,3825.3085,3824.7302,47.23072,0.25390925,0.19308635,0.71648917,0.032480449,2.6576856,4.3065309,0.0090027595,0.0071879733,0.014332743,0.0096826267,0.0081752611,45.965456,0.65340011,0.0085980215,0.050039504,0.12965879,0.11,0.64795412,0.535,0.21723231
girdle_s23,girdle,48,11,2,10.905,2.075,2.1483475,53,10,9,9.9979687,99.979687,26.228583,3811.86,3824.8906,3824.3194,47.031581,0.29582783,0.19783258,0.73231815,0.034736011,3.0167269,5.048302,0.009319483,0.0072024046,0.01438632,0.0097863927,0.0082680312,45.014885,0.66334795,0.018476637,0.051375281,0.16941238,0.11325301,0.64508811,0.53012048,0.18516491
girdle_s23,girdle,54,13,2,12.28,2.26,2.2596082,57,10,10,9.9979687,99.979687,26.194971,3816.7512,3828.1287,3827.5408,47.798188,0.33669018,0.22634786,0.70592958,0.033876819,3.2958016,5.941153,0.0097761415,0.00740307,0.015245175,0.0094554657,0.0080149866,44.833367,0.63552761,0.019648616,0.055593707,0.1112969,0.13495575,0.67886705,0.59292035,0.14239641
girdle_s23,girdle,60,13,2,13.03,2.35,2.4432655,65,10,10,9.9979687,99.979687,26.123186,3827.2394,3834.2729,3833.6045,50.990282,0.37471041,0.2397917,0.70592958,0.033876819,3.4506776,6.6766937,0.010504272,0.0080652404,0.015636438,0.0091802426,0.0079492167,45.121593,0.62583539,0.020792567,0.067976574,0.13381678,0.1212766,0.66794259,0.64255319,0.13304948
girdle_s23,girdle,66,14,3,10.76,2.355,2.4560853,75,11,10,9.0890625,99.979687,26.053173,3837.5244,3842.1066,3841.2901,56.364391,0.40822687,0.25052765,0.70592958,0.033876819,3.7203404,6.9495523,0.011447635,0.0090081952,0.017827692,0.0089289267,0.0076192289,44.389808,0.63767298,0.015965377,0.067963436,0.094093853,0.11677282,0.58449728,0.66242038,0.1628027
girdle_s23,girdle,72,11,4,9.09,2.24,2.3154033,60,9,10,11.108854,99.979687,25.916678,3857.7355,3850.2221,3849.2233,62.375216,0.43577472,0.25808648,0.70592958,0.033876819,3.8898905,6.8513283,0.012413027,0.0099088841,0.020473381,0.0086970873,0.0069049231,46.140294,0.66065214,0.013970909,0.081565583,0.086320071,0.089285714,0.57487969,0.71205357,0.16536476
girdle_s23,girdle,78,6,2,8.375,2.18,2.2768606,55,7,10,14.265625,99.859375,25.830213,3865.9912,3857.2595,3856.0944,67.428425,0.45614999,0.26213785,0.70592958,0.033876819,3.9695814,6.7411557,0.01319689,0.010535572,0.022396383,0.0088690596,0.0069793853,47.803874,0.66213463,0.012077172,0.070109437,0.068654536,0.077981651,0.56507816,0.70412844,0.15880675
girdle_s23,girdle,84,13,6,9.405,2.16,2.2406651,61,8,10,12.497461,99.979687,25.846926,3868.1462,3862.0975,3860.8267,70.477377,0.46846219,0.26250469,0.70592958,0.033876819,4.0101428,6.8304098,0.013653657,0.01082695,0.022513937,0.0093342819,0.0074855351,46.138737,0.65228983,0.008213493,0.058897673,0.075844955,0.046296296,0.53506479,0.68287037,0.15206042
girdle_s23,girdle,90,9,2,9.18,2.13,2.1682814,53,10,10,9.9979687,99.979687,25.980083,3848.3206,3863.992,3862.6996,71.089991,0.4721732,0.25917097,0.70592958,0.033876819,4.0158888,6.9617788,0.013713712,0.010859388,0.022708609,0.010092858,0.0082738771,47.156821,0.66952423,0.0087311612,0.051299951,0.081867775,0.079812207,0.52535698,0.58450704,0.15399708
girdle_s23,girdle,96,7,2,8.655,2.25,2.3321963,65,8,11,12.497461,99.979687,25.783789,3877.6181,3862.6655,3861.4345,69.343994,0.46712084,0.25255947,0.70083036,0.038855157,4.0284144,6.8923025,0.013375,0.010681403,0.02254063,0.010910598,0.0090629607,46.291034,0.62714713,0.0043366753,0.053254127,0.086182552,0.084444444,0.52426646,0.50222222,0.16765967
girdle_s23,girdle,102,9,3,9.375,2.525,2.5875748,60,10,13,9.9859375,99.859375,25.753127,3877.563,3858.351,3857.2441,65.676243,0.45352593,0.25051389,0.68057533,0.040690296,4.0189704,6.8907098,0.012683584,0.010242499,0.021815267,0.01037921,0.0086566739,45.758671,0.57587139,0.0084964149,0.050190162,0.0746721,0.085148515,0.5537096,0.53069307,0.1575209
girdle_s23,girdle,108,9,3,10.175,2.7,2.7782717,72,10,12,9.9979687,99.979687,25.83076,3870.5671,3851.7792,3850.8289,60.764729,0.43198262,0.2326399,0.68387823,0.040934418,3.9283782,6.7996816,0.011725366,0.0094707676,0.020034252,0.0095623684,0.0079340066,45.519603,0.55059337,0.013370029,0.039319131,0.064851295,0.14259259,0.59977944,0.59814815,0.15953552
girdle_s23,girdle,114,10,3,10.255,2.655,2.706663,70,11,11,9.0890625,99.979687,25.925332,3856.4478,3844.0908,3843.2971,55.475342,0.40343247,0.21809034,0.69174465,0.035974019,3.7579495,6.8739388,0.010640867,0.0084863609,0.01706774,0.0089912652,0.007492708,46.775653,0.54884658,0.010309567,0.05025498,0.068651032,0.10169492,0.65784587,0.64595104,0.16010574
girdle_s23,girdle,120,16,7,11.935,2.975,3.0312645,72,12,10,8.3316406,99.979687,26.067452,3835.4223,3836.6743,3836.0095,50.761388,0.36912324,0.17783387,0.71782039,0.037314728,3.6292591,6.620825,0.0096343197,0.0076290851,0.015369204,0.0078066265,0.0065078683,47.823276,0.53446428,0.017416775,0.05419136,0.10270414,0.099159664,0.72204285,0.76470588,0.17494644
girdle_s23,girdle,126,15,5,12.78,2.96,3.0423135,72,12,10,8.3316406,99.979687,26.05564,3837.1611,3830.9402,3830.3628,47.309058,0.33055443,0.1609905,0.71782039,0.037314728,3.4163691,6.1641329,0.0089073435,0.0069969004,0.013882644,0.007113306,0.006138191,47.852674,0.53572646,0.011534102,0.057871972,0.12317699,0.050675676,0.7146501,0.83277027,0.15969056
girdle_s23,girdle,132,14,7,11.695,3.19,3.3885455,84,9,11,11.108854,99.979687,25.960738,3851.1882,3828.0518,3827.5268,45.069223,0.28941166,0.13960991,0.70710398,0.04198569,3.2431543,5.5875663,0.0085127235,0.0067202264,0.013470373,0.0067053306,0.0057033436,48.682926,0.50755242,0.019125693,0.05608247,0.13921244,0.072100313,0.71470002,0.89968652,0.18640258
girdle_s23,girdle,138,26,12,13,3.36,3.5822177,77,13,12,7.6907452,99.979687,25.99699,3845.8178,3828.654,3828.1669,43.327527,0.24749309,0.1345934,0.69657865,0.044217736,3.0734391,5.0022384,0.0083009304,0.0068213349,0.013066282,0.0067397009,0.0054991483,49.291145,0.49108776,0.014535877,0.068694828,0.1141086,0.1264881,0.73980824,0.84672619,0.21256891
girdle_s23,girdle,144,15,2,13.645,3.72,4.2312685,87,10,13,9.9979687,99.979687,25.916822,3857.714,3832.6963,3832.2498,41.410227,0.20663074,0.12868838,0.71533178,0.045499374,3.0250586,4.1341587,0.0080670409,0.006722314,0.012905851,0.0070150539,0.0058745548,47.448049,0.4538764,0.010449714,0.067292482,0.12229582,0.051075269,0.72034883,0.82526882,0.21722442
girdle_s23,girdle,150,16,2,13.005,3.54,3.8813399,83,11,13,9.0890625,99.979687,25.975055,3849.0655,3839.445,3839.0441,39.198191,0.1686105,0.11733852,0.71533178,0.045499374,2.9998519,4.1319702,0.0077085658,0.0064284022,0.012539224,0.0068775253,0.0058129067,48.413799,0.47428178,0.01404361,0.065463563,0.10653628,0.074858757,0.76063322,0.86158192,0.19705639
girdle_s23,girdle,156,11,4,10.99,3.25,3.3983848,104,10,14,9.9979687,99.979687,26.042566,3839.0874,3847.6802,3847.3223,37.033533,0.13509404,0.11101866,0.72851155,0.042026879,3.0105989,4.1193638,0.0072502338,0.0059341765,0.012618542,0.006628554,0.0055820839,49.553507,0.52985694,0.015943479,0.089743163,0.11803622,0.070769231,0.80065396,0.87692308,0.18269745
girdle_s23,girdle,162,8,3,9.955,3.1,3.3118503,86,9,13,11.108854,99.979687,26.04992,3838.0037,3855.9756,3855.65,35.347752,0.10754619,0.10475026,0.73188334,0.042254172,2.8429674,4.1290966,0.0067956443,0.005515221,0.011746588,0.0060752256,0.004911685,50.65475,0.56386487,0.022478711,0.084141661,0.13655053,0.12741935,0.83670591,0.8983871,0.19496206
girdle_s23,girdle,168,8,2,11.065,3.06,3.1732047,91,9,13,11.095486,99.859375,25.922458,3852.2341,3862.9637,3862.6565,34.332481,0.087170923,0.10044406,0.73188334,0.042254172,2.5812145,4.1082096,0.0064604548,0.005100618,0.010899003,0.0056704093,0.0041959259,49.978509,0.56496609,0.025512894,0.071310322,0.20166547,0.33660131,0.88096786,0.92320261,0.18808873
girdle_s23,girdle,174,11,2,11.43,3.03,3.1202447,92,10,14,9.9979687,99.979687,25.907725,3859.0686,3867.5343,3867.2347,33.892063,0.074858731,0.097518823,0.72584567,0.041746011,2.2931629,4.0570231,0.0063100386,0.0048524981,0.010917193,0.0053370163,0.0039429627,51.650484,0.57939651,0.020284534,0.057231675,0.21919436,0.30858086,0.84325866,0.94224422,0.15616673
girdle_s23,girdle,180,10,3,10.425,3.01,3.0202191,92,11,15,9.0890625,99.979687,25.882473,3862.8336,3868.9614,3868.661,33.94466,0.071147719,0.095688762,0.6721725,0.041942697,2.3556952,4.0252211,0.0063494375,0.0048233968,0.011609946,0.0054375846,0.004177155,50.830548,0.60108467,0.0092943771,0.049599793,0.21730764,0.20099668,0.85599978,0.9269103,0.16427336
girdle_s23,girdle,186,14,5,10.485,3.02,3.0239369,90,11,17,9.0890625,99.979687,25.886444,3862.241,3866.9779,3866.6657,34.644783,0.076200075,0.10102005,0.6725861,0.042387742,2.5977815,3.9873777,0.0065506639,0.0048783832,0.011472515,0.0058071,0.0045787595,50.409244,0.60392516,0.00074715896,0.047713063,0.18677572,0.13576159,0.83425772,0.90231788,0.14510738
girdle_s23,girdle,192,10,5,8.925,3.325,3.3793406,97,9,16,11.095486,99.859375,25.983057,3843.2497,3861.8157,3861.4754,36.228241,0.089794988,0.10407865,0.71566461,0.041498174,2.7622761,4.0255694,0.0068705097,0.0051502303,0.011454156,0.0060585989,0.0046999976,50.368005,0.58343498,0.0022116956,0.05620247,0.14290357,0.14887218,0.83005506,0.90676692,0.1341181
girdle_s23,girdle,198,14,2,10.15,3.465,3.5188361,92,10,15,9.9979687,99.979687,26.154686,3822.63,3854.1991,3853.8113,38.723278,0.1113383,0.11727925,0.7411667,0.038913277,2.8957829,4.0956172,0.0072698806,0.005657298,0.011975757,0.006503238,0.005067036,49.90024,0.57725133,0.011681257,0.055237208,0.13693418,0.14141414,0.85148004,0.88744589,0.15447709
girdle_s23,girdle,204,7,2,8.735,3.525,3.5366861,86,8,15,12.497461,99.979687,26.332646,3796.7961,3845.2814,3844.8299,41.790798,0.13988845,0.12775145,0.7411667,0.038913277,2.9577463,4.1190086,0.0077265575,0.0060824141,0.012558295,0.0071449626,0.0059647049,49.058793,0.59215427,0.012627249,0.072364053,0.1302842,0.075177305,0.8218442,0.82695035,0.15760937
girdle_s23,girdle,210,7,3,8.375,3.64,3.7046583,103,8,14,12.497461,99.979687,26.380534,3789.9038,3836.5133,3835.9953,44.722963,0.17419767,0.15741374,0.70232842,0.039511355,2.8367855,4.0980845,0.008209094,0.00650307,0.01301645,0.0073856528,0.0062894739,49.071264,0.58998865,0.0076485252,0.062441642,0.13128713,0.087912088,0.75122059,0.7760989,0.17529856
girdle_s23,girdle,216,7,3,9.485,3.955,4.1073291,102,8,15,12.497461,99.979687,26.399377,3787.1988,3829.4242,3828.8589,46.67713,0.21276649,0.175112,0.70263078,0.039631329,2.637954,4.127467,0.008651837,0.0069254788,0.013901647,0.0072461281,0.0058746042,50.892381,0.5474016,0.0094967144,0.061025281,0.15354686,0.13147914,0.67841683,0.75474083,0.20215599
girdle_s23,girdle,222,8,3,10.565,3.86,3.9601743,100,9,15,11.108854,99.979687,26.321465,3798.409,3825.3085,3824.7302,47.23072,0.25390925,0.19321916,0.70263078,0.039631329,2.6576856,4.3065309,0.0090027595,0.0071879733,0.014332743,0.0071261945,0.0053723602,51.225854,0.55173012,0.0085980215,0.050039504,0.12965879,0.22409326,0.64795412,0.74093264,0.21723231
girdle_s23,girdle,228,13,3,10.845,3.645,3.8498623,96,10,14,9.9979687,99.979687,26.227441,3812.026,3824.8906,3824.3194,47.031581,0.29582783,0.21092281,0.70232842,0.039511355,3.0167269,5.048302,0.009319483,0.0072024046,0.01438632,0.006873957,0.0049260176,51.897154,0.55675254,0.018476637,0.051375281,0.16941238,0.27572016,0.64508811,0.76954733,0.18516491
girdle_s23,girdle,234,13,7,9.515,3.48,3.6239527,98,10,16,9.9979687,99.979687,26.194971,3816.7512,3828.1287,3827.5408,47.798188,0.33669018,0.29113384,0.65884564,0.038421783,3.2958016,5.941153,0.0097761415,0.00740307,0.015245175,0.0068061467,0.0048478117,50.309996,0.57597992,0.019648616,0.055593707,0.1112969,0.28735632,0.67886705,0.80747126,0.14239641
girdle_s23,girdle,240,15,10,9.51,3.28,3.5433949,88,10,15,9.9979687,99.979687,26.119589,3827.7665,3834.2729,3833.6045,50.990282,0.37471041,0.33136342,0.64309843,0.036714865,3.4506776,6.6766937,0.010504272,0.0080652404,0.015636438,0.0076073247,0.0058412056,51.77398,0.58191288,0.020792567,0.067976574,0.13381678,0.14481707,0.66794259,0.77743902,0.13304948
girdle_s23,girdle,246,14,6,10.615,3.34,3.6250227,75,11,16,9.0890625,99.979687,26.052041,3837.6912,3842.1066,3841.2901,56.364391,0.40822687,0.3495935,0.62237714,0.045529474,3.7203404,6.9495523,0.011447635,0.0090081952,0.017827692,0.0086010169,0.006827393,51.234844,0.5652283,0.015965377,0.067963436,0.094093853,0.10928144,0.58449728,0.70508982,0.1628027
girdle_s23,girdle,252,11,4,10.56,3.05,3.1502624,79,9,15,11.108854,99.979687,25.916275,3857.7954,3850.2221,3849.2233,62.375216,0.43577472,0.29694816,0.65546364,0.046084813,3.8898905,6.8513283,0.012413027,0.0099088841,0.020473381,0.0093245344,0.0072810095,52.103682,0.60660081,0.013970909,0.081565583,0.086320071,0.13114754,0.57487969,0.7,0.16536476
girdle_s23,girdle,258,6,2,9,2.78,2.821656,79,7,15,14.265625,99.859375,25.828948,3866.1804,3857.2595,3856.0944,67.428425,0.45614999,0.38518214,0.630349,0.038557874,3.9695814,6.7411557,0.01319689,0.010535572,0.022396383,0.0098140268,0.0076111714,51.092986,0.62637789,0.012077172,0.070109437,0.068654536,0.079136691,0.56507816,0.68884892,0.15880675
girdle_s23,girdle,264,13,1,9.285,2.575,2.5148505,76,8,15,12.497461,99.979687,25.847472,3868.0644,3862.0975,3860.8267,70.477377,0.46846219,0.38794466,0.630349,0.038557874,4.0101428,6.8304098,0.013653657,0.01082695,0.022513937,0.010496404,0.0083983055,51.311754,0.65292268,0.008213493,0.058897673,0.075844955,0.075728155,0.53506479,0.67378641,0.15206042
girdle_s23,girdle,270,9,2,9.48,2.36,2.2463544,71,10,15,9.9979687,99.979687,25.982494,3847.9635,3863.992,3862.6996,71.089991,0.4721732,0.38371129,0.630349,0.038557874,4.0158888,6.9617788,0.013713712,0.010859388,0.022708609,0.010558087,0.0086461227,51.51094,0.67973573,0.0087311612,0.051299951,0.081867775,0.059322034,0.52535698,0.66737288,0.15399708
girdle_s23,girdle,276,7,2,9.45,2.39,2.3137587,67,8,14,12.497461,99.979687,25.782875,3877.7556,3862.6655,3861.4345,69.343994,0.46712084,0.36946178,0.61607617,0.040406235,4.0284144,6.8923025,0.013375,0.010681403,0.02254063,0.010349131,0.0087381819,52.949808,0.69607511,0.0043366753,0.053254127,0.086182552,0.037656904,0.52426646,0.60669456,0.16765967
girdle_s23,girdle,282,9,3,9.545,2.39,2.2658281,69,10,15,9.9859375,99.859375,25.753527,3877.5028,3858.351,3857.2441,65.676243,0.45352593,0.35306697,0.61489241,0.040474541,4.0189704,6.8907098,0.012683584,0.010242499,0.021815267,0.01037069,0.0088877064,51.786796,0.67563316,0.0084964149,0.050190162,0.0746721,0.025104603,0.5537096,0.59623431,0.1575209
girdle_s23,girdle,288,9,3,10.8,2.52,2.4150735,70,10,16,9.9979687,99.979687,25.83076,3870.5671,3851.7792,3850.8289,60.764729,0.43198262,0.34078759,0.63672745,0.043968939,3.9283782,6.7996816,0.011725366,0.0094707676,0.020034252,0.0093622622,0.0080319584,52.522282,0.66028595,0.013370029,0.039319131,0.064851295,0.051587302,0.59977944,0.70833333,0.15953552
girdle_s23,girdle,294,10,3,11.44,2.64,2.5224742,69,11,17,9.0890625,99.979687,25.926291,3856.3051,3844.0908,3843.2971,55.475342,0.40343247,0.30943885,0.64260661,0.042842641,3.7579495,6.8739388,0.010640867,0.0084863609,0.01706774,0.0085142622,0.0070939856,51.704638,0.62852197,0.010309567,0.05025498,0.068651032,0.075757576,0.65784587,0.73863636,0.16010574
girdle_s23,girdle,300,13,3,11.96,2.7,2.6375051,84,12,18,8.3316406,99.979687,26.067879,3835.3595,3836.6743,3836.0095,50.761388,0.36912324,0.30933977,0.6303334,0.042854597,3.6292591,6.620825,0.0096343197,0.0076290851,0.015369204,0.0073361491,0.0060786878,50.393964,0.61948849,0.017416775,0.05419136,0.10270414,0.1037037,0.72204285,0.78703704,0.17494644
girdle_s23,girdle,306,17,4,12.575,2.915,2.9091069,73,12,18,8.3316406,99.979687,26.055712,3837.1505,3830.9402,3830.3628,47.309058,0.33055443,0.27664831,0.6303334,0.042854597,3.4163691,6.1641329,0.0089073435,0.0069969004,0.013882644,0.0065999081,0.0054427891,50.744253,0.61114436,0.011534102,0.057871972,0.12317699,0.085763293,0.7146501,0.8490566,0.15969056
girdle_s23,girdle,312,14,2,12.535,3.175,3.265401,76,9,17,11.108854,99.979687,25.961267,3851.1097,3828.0518,3827.5268,45.069223,0.28941166,0.24892613,0.62313881,0.039239305,3.2431543,5.5875663,0.0085127235,0.0067202264,0.013470373,0.0064531706,0.0052114153,51.424756,0.59160156,0.019125693,0.05608247,0.13921244,0.12913386,0.71470002,0.85511811,0.18640258
girdle_s23,girdle,318,26,4,15.89,3,3.1119742,80,13,18,7.6907452,99.979687,25.996822,3845.8426,3828.654,3828.1669,43.327527,0.24749309,0.20781749,0.6303334,0.042854597,3.0734391,5.0022384,0.0083009304,0.0068213349,0.013066282,0.0070331753,0.005691304,48.366023,0.59117737,0.014535877,0.068694828,0.1141086,0.19666667,0.73980824,0.80666667,0.21256891
girdle_s23,girdle,324,13,5,11.425,2.87,3.0285667,91,10,19,9.9979687,99.979687,25.91636,3857.7828,3832.6963,3832.2498,41.410227,0.20663074,0.17312035,0.62552331,0.043431098,3.0250586,4.1341587,0.0080670409,0.006722314,0.012905851,0.0074182846,0.0059919683,48.621844,0.59935741,0.010449714,0.067292482,0.12229582,0.067944251,0.72034883,0.77700348,0.21722442
girdle_s23,girdle,330,16,7,12.88,2.995,3.3706677,76,11,17,9.0890625,99.979687,25.975443,3849.008,3839.445,3839.0441,39.198191,0.1686105,0.14247932,0.65009213,0.043075363,2.9998519,4.1319702,0.0077085658,0.0064284022,0.012539224,0.0075717324,0.0062800793,47.972021,0.55522998,0.01404361,0.065463563,0.10653628,0.051752922,0.76063322,0.77796327,0.19705639
girdle_s23,girdle,336,11,4,12.25,2.725,3.0279512,74,10,16,9.9979687,99.979687,26.042478,3839.1004,3847.6802,3847.3223,37.033533,0.13509404,0.11769008,0.65088776,0.043978183,3.0105989,4.1193638,0.0072502338,0.0059341765,0.012618542,0.008076059,0.006801862,47.979355,0.58067021,0.015943479,0.089743163,0.11803622,0.11376147,0.80065396,0.76330275,0.18269745
girdle_s23,girdle,342,8,2,10.625,2.575,2.7243491,64,9,15,11.108854,99.979687,26.04992,3838.0037,3855.9756,3855.65,35.347752,0.10754619,0.11349249,0.67129027,0.049362541,2.8429674,4.1290966,0.0067956443,0.005515221,0.011746588,0.0081567735,0.006985502,49.170214,0.58130256,0.022478711,0.084141661,0.13655053,0.077669903,0.83670591,0.75533981,0.19496206
girdle_s23,girdle,348,8,1,9.78,2.575,2.7736543,76,9,14,11.095486,99.859375,25.921587,3852.3635,3862.9637,3862.6565,34.332481,0.087170923,0.099918896,0.69319728,0.044080805,2.5812145,4.1082096,0.0064604548,0.005100618,0.010899003,0.0080844915,0.0068551978,50.19352,0.5835251,0.025512894,0.071310322,0.20166547,0.10485437,0.88096786,0.72815534,0.18808873
girdle_s23,girdle,354,11,1,9.2,2.285,2.3634376,62,10,13,9.9979687,99.979687,25.908307,3858.9819,3867.5343,3867.2347,33.892063,0.074858731,0.096564191,0.69377444,0.03846628,2.2931629,4.0570231,0.0063100386,0.0048524981,0.010917193,0.007945779,0.0065957076,50.924905,0.6269268,0.020284534,0.057231675,0.21919436,0.1619256,0.84325866,0.73522976,0.15616673
girdle_s41,girdle,0,8,2,8.31,2.255,2.1927126,63,9,15,11.108854,99.979687,25.904841,3859.4983,3867.9653,3867.6816,32.945125,0.067645117,0.090960638,0.60156393,0.058679427,2.3852413,4.0076635,0.0064142494,0.0048906858,0.011698734,0.0072733593,0.0056763138,44.270414,0.58398643,0.0089711944,0.068064374,0.20320418,0.21064302,0.84620273,0.76053215,0.15159475
girdle_s41,girdle,6,10,2,8.81,2.26,2.221534,63,11,16,9.0890625,99.979687,25.955892,3851.9073,3865.45,3865.103,36.415087,0.077464865,0.10954857,0.60069373,0.059144474,2.316993,4.0674045,0.007015446,0.005381367,0.012942863,0.0085247662,0.0065933904,43.708588,0.58459215,0.013833575,0.050607954,0.21238479,0.1460177,0.80634964,0.61946903,0.18432028
girdle_s41,girdle,12,11,2,10.59,2.37,2.2910352,67,10,15,9.9859375,99.859375,26.01067,3839.1696,3860.6692,3860.2567,39.715114,0.094550095,0.13972617,0.60977896,0.051814338,2.3585445,4.0535808,0.0076193556,0.0059557498,0.013383802,0.0090702578,0.0068782215,44.57284,0.57682732,0.010876589,0.052440856,0.19125273,0.17510549,0.75191032,0.58649789,0.1954752
girdle_s41,girdle,18,14,3,12.585,2.42,2.3291488,70,11,16,9.0890625,99.979687,26.137345,3825.1662,3854.3668,3853.9112,41.764864,0.1181541,0.15022295,0.60679672,0.069133982,2.5161733,4.1162061,0.0080345653,0.0063967602,0.013543406,0.0083735274,0.006132511,44.830694,0.5835482,0.014273006,0.048909298,0.16721111,0.25206612,0.72139,0.67355372,0.19730005
girdle_s41,girdle,24,11,1,11.065,2.52,2.3778304,68,10,17,9.9979687,99.979687,26.159484,3821.9289,3847.5075,3847.0389,42.391466,0.14724527,0.17578103,0.59870557,0.079069791,2.6272087,4.1035841,0.0082176351,0.0065378934,0.013554322,0.0075804816,0.0058440023,44.481474,0.59013736,0.013438892,0.051896713,0.15283071,0.17857143,0.72821237,0.76388889,0.18281583
girdle_s41,girdle,30,11,1,11.75,2.705,2.5072357,69,10,17,9.9979687,99.979687,26.083128,3833.1172,3841.1349,3840.6719,42.171992,0.18055218,0.22094751,0.58641889,0.071614279,2.8194821,4.1004342,0.008260813,0.0065707157,0.013858882,0.0079398529,0.0065354539,44.700101,0.57954973,0.0072609039,0.057152881,0.1189444,0.12384473,0.75808294,0.75785582,0.17533924
girdle_s41,girdle,36,9,1,11.785,2.655,2.5140344,71,10,17,9.9979687,99.979687,25.993446,3846.3422,3836.2187,3835.7577,42.133424,0.21661917,0.23505113,0.65713237,0.051997333,3.0212672,4.1241421,0.008332501,0.006586051,0.013549128,0.010693783,0.0086020176,44.243302,0.5844352,0.0047075502,0.04759369,0.10607292,0.084745763,0.73107627,0.58568738,0.17089839
girdle_s41,girdle,42,9,1,11.28,2.715,2.5678252,81,10,15,9.9979687,99.979687,25.932818,3855.3345,3833.4999,3833.0142,43.319079,0.25386992,0.26273258,0.69454503,0.054268409,3.2647367,4.3907263,0.0086032372,0.0066436759,0.013699143,0.014690141,0.012099551,44.602074,0.56075847,0.0063954664,0.055664543,0.1031213,0.044198895,0.73164369,0.49723757,0.15564987
girdle_s41,girdle,48,12,1,11.125,2.63,2.4581473,71,11,13,9.0890625,99.979687,25.868798,3864.8757,3833.3589,3832.8082,46.221192,0.29067641,0.34559338,0.70221325,0.049364406,3.3696722,5.1717018,0.009156938,0.0068414983,0.014439903,0.019012774,0.016341154,43.318315,0.56992614,0.0061475593,0.045932623,0.14134554,0.039923954,0.73420331,0.34790875,0.12141363
girdle_s41,girdle,54,10,1,12.24,2.64,2.4435841,71,11,12,9.0890625,99.979687,25.776026,3878.786,3835.7339,3835.0761,50.603047,0.32543001,0.4235754,0.75948007,0.05557189,3.5328819,6.2693031,0.0099438982,0.0072741817,0.01525284,0.021676235,0.018838037,44.255475,0.5429476,0.015713015,0.049551888,0.15495716,0.0625,0.73462663,0.27083333,0.11363632
girdle_s41,girdle,60,9,1,10.905,2.595,2.3856959,63,10,12,9.9979687,99.979687,25.674385,3894.1414,3840.1116,3839.3105,55.905867,0.35661183,0.45606966,0.75948007,0.05557189,3.6697752,6.5663192,0.010825777,0.0079824021,0.017615263,0.023298071,0.02078906,44.347244,0.55793705,0.0131883,0.060473225,0.13848342,0.061657033,0.69949005,0.20423892,0.13274754
girdle_s41,girdle,66,12,1,10.48,2.59,2.3436226,60,12,12,8.3316406,99.979687,25.641249,3899.1739,3845.6263,3844.6562,61.529632,0.38285906,0.48095821,0.75948007,0.05557189,3.6603542,6.746823,0.011647079,0.0088356301,0.020434864,0.022764419,0.020304391,43.249232,0.56388486,0.013794196,0.073230149,0.096355318,0.030888031,0.64065014,0.16795367,0.13831158
girdle_s41,girdle,72,13,2,9.105,2.44,2.2822981,66,12,12,8.3316406,99.979687,25.666471,3895.3422,3851.2497,3850.1065,66.775395,0.40302459,0.49715329,0.75948007,0.05557189,3.6934498,6.7996474,0.012275552,0.0094934854,0.021421625,0.020576273,0.018196657,42.502175,0.61885793,0.016046839,0.083411345,0.13695928,0.022540984,0.60897084,0.24180328,0.15227314
girdle_s41,girdle,78,9,2,10.445,2.405,2.1827537,70,8,15,12.482422,99.859375,25.85468,3862.3327,3855.9959,3854.7079,70.879145,0.41622707,0.48707636,0.74820843,0.056207748,3.6520942,6.7475398,0.012625594,0.0098400579,0.022757812,0.017309562,0.014730108,42.247867,0.62866871,0.018166132,0.083677152,0.11306891,0.027027027,0.58417118,0.37422037,0.14548746
girdle_s41,girdle,84,8,2,11.435,2.37,2.1582323,63,9,16,11.108854,99.979687,25.961679,3851.0486,3859.0807,3857.708,73.215298,0.4218895,0.48543016,0.7371329,0.063291107,3.6377408,6.7488982,0.012675346,0.0098580305,0.021676302,0.013235656,0.011223228,42.913342,0.63945418,0.025812768,0.0763536,0.086105209,0.025316456,0.61464048,0.51265823,0.14093564
girdle_s41,girdle,90,6,1,9.79,2.27,2.0787375,65,7,16,14.282813,99.979687,26.057872,3836.8324,3860.0263,3858.6474,73.447664,0.4197644,0.4648751,0.71480908,0.06103244,3.6759227,6.7931096,0.012464589,0.0095847676,0.02177118,0.0097386962,0.0084350132,44.012868,0.65536349,0.019616881,0.07021499,0.081554279,0.050660793,0.61821231,0.64317181,0.12928937
girdle_s41,girdle,96,6,1,10.345,2.32,2.1461625,65,7,17,14.282813,99.979687,26.11119,3828.9977,3858.7251,3857.4188,71.528699,0.40994466,0.44141873,0.70622295,0.060238132,3.6934034,6.8876004,0.012061398,0.0092346923,0.020100383,0.009147095,0.0077460364,44.962301,0.63621833,0.011753661,0.063559087,0.090286516,0.05387931,0.63054949,0.6637931,0.12804805
girdle_s41,girdle,102,7,1,9.915,2.485,2.3134862,66,8,16,12.482422,99.859375,26.200987,3811.283,3855.4566,3854.2884,67.614885,0.39285943,0.37929271,0.65332843,0.042857391,3.7236327,6.7236248,0.011511975,0.0088602697,0.019691671,0.010472252,0.008826315,46.495196,0.58864327,0.021280633,0.073603352,0.090439556,0.062374245,0.6376851,0.58148893,0.12187275
girdle_s41,girdle,108,9,1,10.985,2.675,2.4166901,63,10,18,9.9979687,99.979687,26.160868,3821.7267,3850.846,3849.8595,62.036919,0.36925542,0.34314055,0.58322639,0.044598133,3.6700249,6.7110599,0.01082055,0.0084093213,0.015862818,0.0099390678,0.0081302333,49.054101,0.56036949,0.024019245,0.062250639,0.093730367,0.08411215,0.64575775,0.68785047,0.13781935
girdle_s41,girdle,114,13,1,12.1,2.79,2.6208243,72,10,18,9.9979687,99.979687,26.041473,3839.2486,3845.7598,3844.9684,55.418594,0.34016425,0.31320172,0.58322639,0.044598133,3.5790087,6.5098981,0.009991411,0.0078733567,0.015294765,0.0095843584,0.0074521164,48.815019,0.52546294,0.026908214,0.058282335,0.081965071,0.094982079,0.6702916,0.73476703,0.15106045
girdle_s41,girdle,120,10,1,12.525,2.95,2.7378439,73,10,19,9.9979687,99.979687,26.00402,3844.7781,3841.1599,3840.5415,48.845925,0.30685734,0.26382387,0.59359953,0.054551557,3.4360906,6.6526907,0.0090924834,0.0073304241,0.01463139,0.0087951203,0.0067445815,48.653312,0.51248404,0.017808143,0.066688802,0.095591907,0.1,0.68223589,0.77457627,0.17772613
girdle_s41,girdle,126,13,1,15.125,2.93,2.6422912,73,12,21,8.3316406,99.979687,25.994066,3846.2504,3837.949,3837.4503,43.77687,0.27079035,0.21469145,0.61447194,0.051473697,3.2517445,6.4434804,0.0082654397,0.006760362,0.013625113,0.0080472736,0.0065024412,48.580852,0.50007838,0.016248208,0.0700709,0.1348552,0.092150171,0.70993973,0.81569966,0.22315936
girdle_s41,girdle,132,10,2,11.95,2.77,2.5986471,76,11,19,9.0890625,99.979687,25.985344,3847.5414,3836.822,3836.3773,41.329164,0.2335396,0.18540526,0.65381874,0.051663972,3.0911358,5.3803665,0.0076597424,0.0063057094,0.013349695,0.0081887935,0.0072379678,51.01757,0.51578899,0.014785824,0.061421895,0.11391197,0.066787004,0.81686287,0.78158845,0.19595401
girdle_s41,girdle,138,8,1,12.145,3.09,3.0050233,62,9,19,11.108854,99.979687,26.003654,3844.8322,3838.1381,3837.6961,41.20403,0.19673311,0.15321242,0.63646505,0.050305979,2.9205669,4.1323307,0.0073291651,0.0058737782,0.012864937,0.0083786858,0.0073776931,50.679234,0.4756887,0.014829678,0.053164888,0.16764606,0.064724919,0.80656354,0.6828479,0.1885884
girdle_s41,girdle,144,14,1,12.95,2.9,2.8419304,67,11,20,9.0890625,99.979687,25.981558,3848.102,3841.829,3841.376,41.68823,0.16197951,0.12217532,0.63986369,0.04968929,2.7092989,4.08871,0.0071756891,0.0057895689,0.012530311,0.0085289321,0.007328474,51.73217,0.49299144,0.011174614,0.054452752,0.17736277,0.12586207,0.82110862,0.58965517,0.19598086
girdle_s41,girdle,150,9,1,12.42,2.74,2.6491191,65,10,18,9.9979687,99.979687,25.9526,3852.3958,3847.3679,3846.9284,41.026971,0.13079769,0.061403144,0.59882467,0.042357696,2.540277,4.1264173,0.0070214569,0.005685229,0.011948715,0.0082065213,0.0069303412,51.777341,0.51317898,0.0055667228,0.061685912,0.15020665,0.1149635,0.83041811,0.71532847,0.1833367
girdle_s41,girdle,156,23,14,12.295,2.775,2.6883831,80,12,17,8.3316406,99.979687,25.96498,3850.5591,3853.8331,3853.4445,38.566037,0.10455046,0.040672502,0.60530796,0.035791575,2.6588934,4.0910735,0.0067500769,0.0054013141,0.012197641,0.0069713929,0.0054716807,50.399018,0.49780617,0.0087581912,0.067044106,0.14179213,0.18558559,0.83567249,0.86486486,0.18380656
girdle_s41,girdle,162,9,2,10.775,2.54,2.4145079,68,10,17,9.9979687,99.979687,25.93994,3854.2759,3860.0898,3859.7705,34.969062,0.084384935,0.036042631,0.60530796,0.035791575,2.6784757,4.0141645,0.0063864125,0.0049761535,0.011923679,0.0056401508,0.0041596321,51.510722,0.52523067,0.01760051,0.06252271,0.16513477,0.16929134,0.8297263,0.90748031,0.16272104
girdle_s41,girdle,168,11,2,10.235,2.275,2.2179092,69,10,17,9.9859375,99.859375,25.893125,3856.598,3865.0361,3864.7712,31.864527,0.071182451,0.038472684,0.60530796,0.035791575,2.6200916,3.9977381,0.0060879094,0.0046669751,0.011588086,0.004610053,0.0032791983,49.540484,0.56629304,0.014359818,0.060837479,0.18909227,0.27032967,0.87002239,0.94725275,0.14561187
girdle_s41,girdle,174,9,2,10.46,2.23,2.1339805,65,10,15,9.9979687,99.979687,25.880567,3863.1182,3867.8178,3867.5667,31.019329,0.06552002,0.048287937,0.60905427,0.031806234,2.4511029,4.0826731,0.0060639207,0.0046223929,0.010531884,0.0053844639,0.0041410953,45.808635,0.57382182,0.015674531,0.073791296,0.17449976,0.21748879,0.90145469,0.90358744,0.15782196
girdle_s41,girdle,180,8,2,10.615,2.285,2.2407275,68,9,16,11.108854,99.979687,25.904807,3859.5032,3867.9653,3867.6816,32.945125,0.067645117,0.063591021,0.63950114,0.037180138,2.3852413,4.0076635,0.0064142494,0.0048906858,0.011698734,0.007344383,0.0057462902,45.774269,0.58384475,0.0089711944,0.068064374,0.20320418,0.23194748,0.84620273,0.77680525,0.15159475
girdle_s41,girdle,186,10,2,10.72,2.29,2.2781934,59,11,15,9.0890625,99.979687,25.955408,3851.979,3865.45,3865.103,36.415087,0.077464865,0.098535242,0.615899,0.038543947,2.316993,4.0674045,0.007015446,0.005381367,0.012942863,0.0086757398,0.0069754731,44.851888,0.58464635,0.013833575,0.050607954,0.21238479,0.19432314,0.80634964,0.63100437,0.18432028
girdle_s41,girdle,192,11,2,11.335,2.44,2.4534981,65,10,14,9.9859375,99.859375,26.012019,3838.9705,3860.6692,3860.2567,39.715114,0.094550095,0.12429276,0.62080319,0.037007555,2.3585445,4.0535808,0.0076193556,0.0059557498,0.013383802,0.0093335761,0.0078688053,46.840597,0.56673583,0.010876589,0.052440856,0.19125273,0.086065574,0.75191032,0.61680328,0.1954752
girdle_s41,girdle,198,13,3,10.2,2.595,2.6096076,70,11,14,9.0890625,99.979687,26.137856,3825.0914,3854.3668,3853.9112,41.764864,0.1181541,0.16402808,0.52770972,0.038615474,2.5161733,4.1162061,0.0080345653,0.0063967602,0.013543406,0.0094418324,0.0079955521,47.40108,0.55626891,0.014273006,0.048909298,0.16721111,0.046242775,0.72139,0.69749518,0.19730005
girdle_s41,girdle,204,13,8,11.235,2.735,2.8261863,77,10,13,9.9979687,99.979687,26.160223,3821.821,3847.5075,3847.0389,42.391466,0.14724527,0.20976992,0.524021,0.03900033,2.6272087,4.1035841,0.0082176351,0.0065378934,0.013554322,0.009322941,0.007336802,46.929673,0.54361874,0.013438892,0.051896713,0.15283071,0.07678245,0.72821237,0.75502742,0.18281583
girdle_s41,girdle,210,11,3,11.125,2.745,2.8362873,75,10,13,9.9979687,99.979687,26.08114,3833.4095,3841.1349,3840.6719,42.171992,0.18055218,0.25651686,0.524021,0.03900033,2.8194821,4.1004342,0.008260813,0.0065707157,0.013858882,0.0087063156,0.0071082621,46.516484,0.56094596,0.0072609039,0.057152881,0.1189444,0.052823315,0.75808294,0.75045537,0.17533924
girdle_s41,girdle,216,9,3,11.37,2.73,2.812451,76,10,13,9.9979687,99.979687,25.994277,3846.2192,3836.2187,3835.7577,42.133424,0.21661917,0.30374238,0.524021,0.03900033,3.0212672,4.1241421,0.008332501,0.006586051,0.013549128,0.010450537,0.0088959828,47.560925,0.58178383,0.0047075502,0.04759369,0.10607292,0.025641026,0.73107627,0.56776557,0.17089839
girdle_s41,girdle,222,9,4,9.72,2.875,2.8206834,74,10,13,9.9979687,99.979687,25.933043,3855.301,3833.4999,3833.0142,43.319079,0.25386992,0.3493825,0.524021,0.03900033,3.2647367,4.3907263,0.0086032372,0.0066436759,0.013699143,0.01351678,0.011387118,48.226967,0.58213252,0.0063954664,0.055664543,0.1031213,0.04,0.73164369,0.41913043,0.15564987
girdle_s41,girdle,228,12,6,9.77,2.98,2.9701529,82,11,13,9.0890625,99.979687,25.868939,3864.8546,3833.3589,3832.8082,46.221192,0.29067641,0.39144254,0.524021,0.03900033,3.3696722,5.1717018,0.009156938,0.0068414983,0.014439903,0.015587656,0.012995506,46.662087,0.57974089,0.0061475593,0.045932623,0.14134554,0.060402685,0.73420331,0.40100671,0.12141363
girdle_s41,girdle,234,10,3,9.475,3.045,2.9800236,79,11,13,9.0890625,99.979687,25.776594,3878.7005,3835.7339,3835.0761,50.603047,0.32543001,0.42808426,0.524021,0.03900033,3.5328819,6.2693031,0.0099438982,0.0072741817,0.01525284,0.016379869,0.013285962,45.827313,0.59265782,0.015713015,0.049551888,0.15495716,0.039408867,0.73462663,0.49917898,0.11363632
girdle_s41,girdle,240,9,3,10.14,3.005,2.9151764,78,10,14,9.9979687,99.979687,25.674926,3894.0595,3840.1116,3839.3105,55.905867,0.35661183,0.45079884,0.59384524,0.04573394,3.6697752,6.5663192,0.010825777,0.0079824021,0.017615263,0.017103673,0.013779483,45.926434,0.6111614,0.0131883,0.060473225,0.13848342,0.03327787,0.69949005,0.50915141,0.13274754
girdle_s41,girdle,246,12,3,10.28,2.755,2.702826,82,12,14,8.3316406,99.979687,25.641214,3899.1792,3845.6263,3844.6562,61.529632,0.38285906,0.43965134,0.6074156,0.049425914,3.6603542,6.746823,0.011647079,0.0088356301,0.020434864,0.016999907,0.013652503,46.101241,0.66443158,0.013794196,0.073230149,0.096355318,0.034482759,0.64065014,0.51361162,0.13831158
girdle_s41,girdle,252,11,3,10.615,2.84,2.7833021,81,12,14,8.3316406,99.979687,25.665452,3895.4968,3851.2497,3850.1065,66.775395,0.40302459,0.45185982,0.6074156,0.049425914,3.6934498,6.7996474,0.012275552,0.0094934854,0.021421625,0.015369236,0.012305459,45.672698,0.652394,0.016046839,0.083411345,0.13695928,0.11267606,0.60897084,0.50352113,0.15227314
girdle_s41,girdle,258,7,1,9.005,2.77,2.7235211,77,8,15,12.482422,99.859375,25.852705,3862.6277,3855.9959,3854.7079,70.879145,0.41622707,0.44429483,0.61859714,0.052154962,3.6520942,6.7475398,0.012625594,0.0098400579,0.022757812,0.01350297,0.011011044,46.717192,0.67637395,0.018166132,0.083677152,0.11306891,0.10108303,0.58417118,0.49638989,0.14548746
girdle_s41,girdle,264,8,1,8.23,2.775,2.7228435,85,9,17,11.108854,99.979687,25.962634,3850.9069,3859.0807,3857.708,73.215298,0.4218895,0.44091885,0.58090943,0.058230451,3.6377408,6.7488982,0.012675346,0.0098580305,0.021676302,0.011341785,0.0091514959,46.332204,0.6640401,0.025812768,0.0763536,0.086105209,0.03963964,0.61464048,0.65045045,0.14093564
girdle_s41,girdle,270,6,1,8.055,2.86,2.8305057,81,7,17,14.282813,99.979687,26.059421,3836.6043,3860.0263,3858.6474,73.447664,0.4197644,0.47186445,0.53181497,0.056752014,3.6759227,6.7931096,0.012464589,0.0095847676,0.02177118,0.0097174964,0.0074787629,45.792127,0.64515936,0.019616881,0.07021499,0.081554279,0.08041958,0.61821231,0.68531469,0.12928937
girdle_s41,girdle,276,6,2,8.45,2.81,2.8063128,79,7,18,14.282813,99.979687,26.110426,3829.1098,3858.7251,3857.4188,71.528699,0.40994466,0.44023862,0.5252553,0.056435012,3.6934034,6.8876004,0.012061398,0.0092346923,0.020100383,0.0088055786,0.0070894398,46.271788,0.63356143,0.011753661,0.063559087,0.090286516,0.053380783,0.63054949,0.68327402,0.12804805
girdle_s41,girdle,282,7,3,9.575,3.03,3.0528546,77,8,18,12.482422,99.859375,26.201599,3811.194,3855.4566,3854.2884,67.614885,0.39285943,0.40645185,0.5252553,0.056435012,3.7236327,6.7236248,0.011511975,0.0088602697,0.019691671,0.0086775995,0.0071167819,45.693196,0.602232,0.021280633,0.073603352,0.090439556,0.12376238,0.6376851,0.65346535,0.12187275
girdle_s41,girdle,288,9,3,10.59,3.12,3.2450014,82,10,17,9.9979687,99.979687,26.160156,3821.8307,3850.846,3849.8595,62.036919,0.36925542,0.35502457,0.53780407,0.058666862,3.6700249,6.7110599,0.01082055,0.0084093213,0.015862818,0.0090915052,0.0074413114,45.820727,0.56963215,0.024019245,0.062250639,0.093730367,0.13621795,0.64575775,0.57852564,0.13781935
girdle_s41,girdle,294,15,3,13.06,3.205,3.2854636,81,10,17,9.9979687,99.979687,26.042311,3839.125,3845.7598,3844.9684,55.418594,0.34016425,0.31792087,0.54338931,0.059246635,3.5790087,6.5098981,0.009991411,0.0078733567,0.015294765,0.0088979327,0.0073635735,45.461692,0.55202454,0.026908214,0.058282335,0.081965071,0.085803432,0.6702916,0.62558502,0.15106045
girdle_s41,girdle,300,10,2,13.18,3.13,3.2147703,69,10,17,9.9979687,99.979687,26.004132,3844.7616,3841.1599,3840.5415,48.845925,0.30685734,0.26901715,0.53780407,0.058666862,3.4360906,6.6526907,0.0090924834,0.0073304241,0.01463139,0.0087598182,0.0072582916,45.717635,0.54261635,0.017808143,0.066688802,0.095591907,0.10383387,0.68223589,0.6485623,0.17772613
girdle_s41,girdle,306,15,3,12.825,3.165,3.0708081,80,12,16,8.3316406,99.979687,25.995153,3846.0896,3837.949,3837.4503,43.77687,0.27079035,0.22809114,0.54389054,0.059053994,3.2517445,6.4434804,0.0082654397,0.006760362,0.013625113,0.0084741582,0.0070561478,46.503875,0.53454223,0.016248208,0.0700709,0.1348552,0.10900474,0.70993973,0.67614534,0.22315936
girdle_s41,girdle,312,12,2,12.555,3.275,3.2825455,74,11,17,9.0890625,99.979687,25.985246,3847.5559,3836.822,3836.3773,41.329164,0.2335396,0.17236787,0.55685646,0.055190455,3.0911358,5.3803665,0.0076597424,0.0063057094,0.013349695,0.0080431864,0.0064941857,46.245494,0.49114797,0.014785824,0.061421895,0.11391197,0.15572519,0.81686287,0.74503817,0.19595401
girdle_s41,girdle,318,8,2,11.855,3.29,3.1905063,74,9,15,11.108854,99.979687,26.00298,3844.932,3838.1381,3837.6961,41.20403,0.19673311,0.086442276,0.60134196,0.055450427,2.9205669,4.1323307,0.0073291651,0.0058737782,0.012864937,0.0076611591,0.0060619806,46.176218,0.47926149,0.014829678,0.053164888,0.16764606,0.12613982,0.80656354,0.80547112,0.1885884
girdle_s41,girdle,324,14,2,14.78,3.09,2.9591104,76,11,15,9.0890625,99.979687,25.981423,3848.1221,3841.829,3841.376,41.68823,0.16197951,0.10537659,0.57660463,0.067554592,2.7092989,4.08871,0.0071756891,0.0057895689,0.012530311,0.0077939763,0.0061245077,46.572231,0.49594563,0.011174614,0.054452752,0.17736277,0.2184466,0.82110862,0.72977346,0.19598086
girdle_s41,girdle,330,9,2,13.645,3.31,3.0719448,81,10,16,9.9979687,99.979687,25.951606,3852.5434,3847.3679,3846.9284,41.026971,0.13079769,0.088485852,0.59379078,0.064093584,2.540277,4.1264173,0.0070214569,0.005685229,0.011948715,0.0072300703,0.0055416999,46.508877,0.47094584,0.0055667228,0.061685912,0.15020665,0.32326284,0.83041811,0.77945619,0.1833367
girdle_s41,girdle,336,27,2,12.28,3.115,2.8947304,82,12,19,8.3316406,99.979687,25.964924,3850.5673,3853.8331,3853.4445,38.566037,0.10455046,0.081945452,0.55989618,0.070071679,2.6588934,4.0910735,0.0067500769,0.0054013141,0.012197641,0.0064675528,0.0049309121,46.590948,0.50311196,0.0087581912,0.067044106,0.14179213,0.22792937,0.83567249,0.81701445,0.18380656
girdle_s41,girdle,342,9,2,10.825,2.885,2.6545259,81,10,19,9.9979687,99.979687,25.939776,3854.3003,3860.0898,3859.7705,34.969062,0.084384935,0.077614624,0.55989618,0.070071679,2.6784757,4.0141645,0.0063864125,0.0049761535,0.011923679,0.0056868746,0.0041817425,46.623364,0.531201,0.01760051,0.06252271,0.16513477,0.20450607,0.8297263,0.85788562,0.16272104
girdle_s41,girdle,348,11,2,12.82,2.725,2.6040415,73,10,17,9.9859375,99.859375,25.893799,3856.4976,3865.0361,3864.7712,31.864527,0.071182451,0.086122144,0.5879715,0.073851135,2.6200916,3.9977381,0.0060879094,0.0046669751,0.011588086,0.0052809496,0.0039396005,46.363141,0.54313409,0.014359818,0.060837479,0.18909227,0.2146789,0.87002239,0.91376147,0.14561187
girdle_s41,girdle,354,9,2,9.22,2.42,2.3477186,63,10,16,9.9979687,99.979687,25.880567,3863.1182,3867.8178,3867.5667,31.019329,0.06552002,0.090795261,0.59120605,0.063655911,2.4511029,4.0826731,0.0060639207,0.0046223929,0.010531884,0.005959739,0.0046871488,46.048273,0.55861706,0.015674531,0.073791296,0.17449976,0.22107438,0.90145469,0.90082645,0.15782196
girdle_s53,girdle,0,10,2,9.68,1.47,1.414183,41,11,10,9.0890625,99.979687,25.805299,3874.3859,3878.4447,3878.3084,22.864005,0.040335554,0.022541229,0.87353043,0.012295121,2.1055666,3.9910342,0.0044069656,0.0031625642,0.0089523214,0.0021174028,0.001722972,35.728421,0.71935152,0.021028899,0.051156929,0.26384453,0.32653061,0.94363584,1,0.10345308
girdle_s53,girdle,6,9,2,10.355,1.515,1.4452924,48,10,11,9.9979687,99.979687,25.743507,3883.6856,3877.9138,3877.7531,24.799477,0.042586799,0.014055073,0.86743062,0.013054148,2.126915,3.8769993,0.0046151508,0.0031694188,0.0095079759,0.0025575133,0.0015108821,35.254686,0.68940031,0.0081103343,0.051533919,0.31376317,0.60066007,0.92748855,1,0.09776154
girdle_s53,girdle,12,9,2,10.515,1.74,1.5873353,48,10,11,9.9859375,99.859375,25.700035,3885.5735,3873.6621,3873.4387,29.245455,0.053799743,0.016923582,0.86743062,0.013054148,2.1676718,3.9160119,0.0053837608,0.0038286039,0.011033603,0.0039386893,0.0023282005,33.779334,0.6734984,0.0099861128,0.049682906,0.29457611,0.57471264,0.90941687,0.93965517,0.11653033
girdle_s53,girdle,18,8,1,10.895,1.785,1.6296364,49,9,11,11.108854,99.979687,25.76932,3879.7954,3866.2602,3865.9539,34.254824,0.073484326,0.030959826,0.86743062,0.013054148,2.375717,4.0884561,0.0063164884,0.0046890801,0.011589876,0.0053171,0.0035165672,35.033489,0.66516336,0.0071206204,0.063093117,0.25405104,0.41176471,0.85936247,0.8767507,0.14202991
girdle_s53,girdle,24,16,1,9.115,1.96,1.776139,47,9,11,11.108854,99.979687,25.845923,3868.2963,3856.731,3856.3431,38.550927,0.10078024,0.055550356,0.86743062,0.013054148,2.6169508,4.0130663,0.0071218628,0.0054582154,0.01226716,0.0061083673,0.0044246063,33.753424,0.63738,0.007031647,0.06936895,0.22358363,0.27806122,0.78260415,0.82397959,0.1769891
girdle_s53,girdle,30,6,1,9.015,2.005,1.820462,48,7,12,14.282813,99.979687,25.983923,3847.7518,3846.4365,3845.9895,41.38998,0.13449451,0.10251091,0.84644215,0.017147451,2.6962931,4.1135264,0.0076247222,0.0060531791,0.013004489,0.0062006406,0.0047450707,32.001089,0.61672184,0.02520606,0.066342938,0.17375579,0.16708229,0.75622217,0.88279302,0.19838032
girdle_s53,girdle,36,8,1,9.395,2.115,1.9525473,56,7,12,14.282813,99.979687,26.069256,3835.1569,3836.8891,3836.4184,42.489168,0.17315368,0.14547004,0.84644215,0.017147451,2.7211965,4.0901719,0.0077581288,0.0062563674,0.013391841,0.0065951665,0.0048513078,32.316893,0.61307125,0.032416571,0.066218192,0.15385695,0.26713948,0.7623118,0.80141844,0.19744472
girdle_s53,girdle,42,7,2,9.6,2.175,2.0174242,60,8,12,12.497461,99.979687,26.075068,3834.3021,3829.4908,3829.0272,42.187487,0.21506814,0.20682454,0.8443821,0.018479212,2.8607894,4.1231305,0.0076026626,0.0060968305,0.013561405,0.0070640838,0.0052515716,30.362195,0.61065011,0.02034463,0.074866035,0.16663517,0.27816092,0.76523692,0.78850575,0.19061946
girdle_s53,girdle,48,7,2,9.56,2.075,1.9156145,56,8,13,12.497461,99.979687,26.113128,3828.7136,3825.2602,3824.8114,41.514377,0.25840605,0.28991809,0.72286656,0.015385604,2.8654089,4.4588494,0.0074103907,0.0058405412,0.013309849,0.0094788705,0.0074702156,31.629735,0.62555023,0.0083479023,0.090985806,0.14452208,0.20963855,0.79840839,0.61927711,0.18566905
girdle_s53,girdle,54,18,2,13.02,2.305,2.192442,59,9,11,11.108854,99.979687,26.202546,3815.6478,3824.6315,3824.1761,41.815202,0.30127331,0.36617315,0.71978732,0.014738928,3.0739262,6.2748487,0.0075109561,0.0058112359,0.013928127,0.012604174,0.0099535314,32.34045,0.61026774,0.013383611,0.099496979,0.18218808,0.22125813,0.78869653,0.43600868,0.16115001
girdle_s53,girdle,60,7,2,8.71,2.34,2.2616961,63,8,12,12.497461,99.979687,26.173467,3819.8871,3827.3796,3826.8768,43.97525,0.34179643,0.41951439,0.7146137,0.014611581,3.2976261,6.6651808,0.0080880018,0.0063731036,0.014172879,0.014949783,0.011842537,33.067644,0.6338658,0.025036369,0.080325514,0.13675022,0.22863248,0.75863821,0.42307692,0.16039787
girdle_s53,girdle,66,9,2,9.74,2.425,2.3816666,68,8,11,12.497461,99.979687,26.084831,3832.867,3832.6852,3832.091,47.913851,0.37820435,0.47764547,0.71324754,0.012617154,3.6638865,6.6372764,0.0090619226,0.0071346277,0.014807575,0.016816024,0.013328052,33.641441,0.64327292,0.018921056,0.076023606,0.1238289,0.070103093,0.71073936,0.40412371,0.17553251
girdle_s53,girdle,72,8,2,10.1,2.48,2.4834709,63,9,12,11.108854,99.979687,26.001297,3845.1808,3839.3183,3838.5995,52.843219,0.40890587,0.52716245,0.71517023,0.012964427,3.9680095,6.8358815,0.010218075,0.0080503078,0.016787043,0.018090857,0.014255709,33.443591,0.64463535,0.019911687,0.089823649,0.083322173,0.052419355,0.67142873,0.48387097,0.15576575
girdle_s53,girdle,78,11,2,8.895,2.405,2.4625503,74,10,12,9.9859375,99.859375,25.891863,3856.7859,3845.8987,3845.0434,57.7611,0.43255919,0.56560842,0.71517023,0.012964427,4.0727262,6.8111476,0.011344294,0.0089265878,0.01990412,0.018833779,0.015125459,35.016412,0.66119626,0.022209401,0.072173903,0.097381798,0.033264033,0.64035501,0.51559252,0.1424546
girdle_s53,girdle,84,8,2,9.83,2.255,2.2981259,62,9,12,11.108854,99.979687,25.812722,3873.2718,3851.1629,3850.1891,61.697604,0.44813054,0.59303629,0.71517023,0.012964427,4.0692039,6.8302795,0.012261321,0.00972524,0.022723952,0.018298315,0.014769396,36.417348,0.67769082,0.024905202,0.051024845,0.072475679,0.046563193,0.60363195,0.50776053,0.15135744
girdle_s53,girdle,90,10,3,8.96,2.22,2.2634561,64,11,11,9.0890625,99.979687,25.699671,3890.3101,3854.1737,3853.1313,63.849898,0.45493938,0.63654264,0.74314775,0.013499298,4.0595341,6.7149956,0.012827285,0.01017264,0.022750817,0.016961671,0.013908885,36.20847,0.70131907,0.017407592,0.053838054,0.07174463,0.063063063,0.58324146,0.51126126,0.15268379
girdle_s53,girdle,96,14,5,9.9,2.305,2.3446502,67,11,11,9.0890625,99.979687,25.79412,3876.065,3854.4408,3853.4017,63.737885,0.45268814,0.65572996,0.73113813,0.013103579,4.0614877,6.6180778,0.012957053,0.010221333,0.023440884,0.015263705,0.013086963,35.024019,0.693094,0.0089569571,0.050521274,0.0786552,0.065075922,0.57425515,0.40997831,0.15686186
girdle_s53,girdle,102,11,2,10.125,2.39,2.4126029,65,10,10,9.9859375,99.859375,25.933236,3850.633,3851.9671,3851.0039,61.338045,0.44147519,0.62798862,0.7414103,0.013134453,4.072183,6.5263452,0.012640833,0.0099597101,0.022591536,0.014508352,0.012974013,35.397755,0.7084205,0.014340304,0.04917108,0.076162111,0.025104603,0.59067211,0.28870293,0.16032907
girdle_s53,girdle,108,9,2,12.225,2.3,2.3022078,74,8,9,12.497461,99.979687,26.073788,3834.4903,3847.241,3846.4036,57.14727,0.42179061,0.62804315,0.67877176,0.0091207887,4.0032185,6.7950517,0.01194873,0.0093619393,0.020263765,0.013802447,0.012462085,34.030164,0.75109643,0.012434256,0.04077915,0.11880053,0.036956522,0.58791944,0.24130435,0.14385983
girdle_s53,girdle,114,6,2,9.285,2.375,2.3218897,67,7,10,14.282813,99.979687,26.119648,3827.7578,3841.1793,3840.4797,52.165334,0.3944947,0.61650554,0.68666972,0.0090347937,3.9173911,6.7783016,0.011025435,0.0087325217,0.018083196,0.013572562,0.01235368,34.231221,0.75589652,0.016359174,0.065078049,0.09017037,0.023157895,0.62151743,0.27368421,0.15038882
girdle_s53,girdle,120,10,2,10.805,2.36,2.286465,59,9,9,11.108854,99.979687,26.047923,3838.2979,3835.0114,3834.4237,47.724449,0.36078042,0.55201594,0.67877176,0.0091207887,3.6573537,6.6966562,0.010073917,0.0081037562,0.015821557,0.012459667,0.011274521,34.899663,0.79826104,0.0075599836,0.071895976,0.080671318,0.029661017,0.67287615,0.40466102,0.15898897
girdle_s53,girdle,126,10,2,11.675,2.34,2.214517,82,11,9,9.0890625,99.979687,26.186788,3817.9439,3830.0929,3829.5684,45.002792,0.32212126,0.49890632,0.67877176,0.0091207887,3.2967153,6.2922768,0.0093071137,0.007520358,0.013853387,0.011049502,0.010071525,34.628489,0.79646253,0.018094613,0.073273688,0.084353164,0.02991453,0.66815598,0.55128205,0.18559109
girdle_s53,girdle,132,11,2,10.18,2.2,2.1235564,61,10,8,9.9979687,99.979687,26.239048,3810.3398,3827.6535,3827.1437,44.308008,0.28020679,0.4475418,0.69062218,0.0093031474,2.9341866,5.6835585,0.0088577847,0.0072072423,0.01426621,0.0083941651,0.0075735475,34.634787,0.85606679,0.023665079,0.091852609,0.095669291,0.013636364,0.71527792,0.80909091,0.20081562
girdle_s53,girdle,138,11,2,9.175,2.14,2.0776373,58,10,6,9.9979687,99.979687,26.26544,3806.5111,3828.5218,3827.9995,44.819769,0.23686889,0.41933013,0.75470541,0.0093625905,2.7384138,4.1061452,0.008699198,0.0070160971,0.01387378,0.0059319919,0.0049219944,34.538357,0.88295105,0.016939793,0.096601218,0.10502709,0.11214953,0.69572488,0.90654206,0.21950461
girdle_s53,girdle,144,9,2,11.07,2.075,2.0504042,60,10,6,9.9979687,99.979687,26.17091,3820.2603,3832.9128,3832.3823,45.141585,0.19400163,0.35354988,0.72507782,0.015921662,2.5513591,4.0794961,0.0086505286,0.0069873877,0.014188825,0.0042477958,0.0031880397,34.506436,0.89787233,0.015262141,0.10046743,0.12570193,0.21686747,0.6874421,0.96144578,0.22351116
girdle_s53,girdle,150,10,2,14.59,2.17,2.0939294,62,11,7,9.0890625,99.979687,26.119912,3827.7192,3840.3525,3839.8469,44.045713,0.15347851,0.28011692,0.72226868,0.016110287,2.6158842,4.1326871,0.0084697457,0.0069093008,0.014150463,0.0052412264,0.0038270499,34.838754,0.84419767,0.0044349091,0.085601542,0.12412792,0.19585253,0.70439749,0.94700461,0.22244624
girdle_s53,girdle,156,8,2,10.335,2.215,2.1421983,62,9,9,11.108854,99.979687,25.962582,3850.9147,3849.7659,3849.3292,40.919421,0.11707059,0.20215073,0.697867,0.019044507,2.6644052,4.0852116,0.0079707222,0.006497875,0.013672338,0.0065108805,0.0053050849,34.207902,0.79840412,0.011173953,0.078411211,0.11960312,0.090293454,0.73203518,0.87358916,0.20119169
girdle_s53,girdle,162,9,2,9.765,2.175,2.1046233,60,10,9,9.9979687,99.979687,25.920221,3857.2082,3859.7022,3859.3658,35.920172,0.086369066,0.14518546,0.697867,0.019044507,2.5794094,4.0791152,0.0071063131,0.0057164254,0.012279974,0.0068035939,0.0059024846,33.552733,0.76226337,0.01078779,0.055044239,0.14107139,0.011494253,0.80605734,0.83448276,0.18503798
girdle_s53,girdle,168,7,2,8.815,2.105,2.0559039,62,8,9,12.482422,99.859375,25.846571,3863.5444,3868.6268,3868.3924,29.998687,0.062715748,0.096902956,0.697867,0.019044507,2.4898232,4.0810703,0.006002488,0.004704493,0.010641811,0.0060502684,0.0052769787,32.686026,0.7359693,0.020182276,0.06068992,0.1867881,0.0095011876,0.90201282,0.90736342,0.17428872
girdle_s53,girdle,174,8,2,9.495,2.025,1.971399,56,9,9,11.108854,99.979687,25.838492,3869.4088,3875.1939,3875.0324,24.908019,0.047144396,0.059413395,0.697867,0.019044507,2.2684658,4.0218046,0.0049603182,0.0037854724,0.0086747622,0.0049775504,0.004224437,30.815983,0.70672849,0.017391998,0.04954807,0.20547342,0.041975309,0.93559705,0.96790123,0.13049548
girdle_s53,girdle,180,10,1,9.56,1.995,1.9661758,57,11,9,9.0890625,99.979687,25.805341,3874.3797,3878.4447,3878.3084,22.864005,0.040335554,0.031455347,0.6386859,0.017846626,2.1055666,3.9910342,0.0044069656,0.0031625642,0.0089523214,0.0039757018,0.003209888,30.093268,0.67843825,0.021028899,0.051156929,0.26384453,0.14285714,0.94363584,0.98496241,0.10345308
girdle_s53,girdle,186,9,1,9.325,2.035,2.0166098,58,10,11,9.9979687,99.979687,25.743186,3883.734,3877.9138,3877.7531,24.799477,0.042586799,0.023227298,0.57463908,0.021158616,2.126915,3.8769993,0.0046151508,0.0031694188,0.0095079759,0.00339926,0.002096624,30.294831,0.64440051,0.0081103343,0.051533919,0.31376317,0.36609337,0.92748855,0.95823096,0.09776154
girdle_s53,girdle,192,9,2,9.905,2.245,2.1587048,56,10,12,9.9859375,99.859375,25.700115,3885.5614,3873.6621,3873.4387,29.245455,0.053799743,0.022410808,0.58746989,0.020483014,2.1676718,3.9160119,0.0053837608,0.0038286039,0.011033603,0.003469141,0.001402915,33.227742,0.59347457,0.0099861128,0.049682906,0.29457611,0.71937639,0.90941687,0.95100223,0.11653033
girdle_s53,girdle,198,8,2,9.845,2.29,2.2306179,57,9,12,11.108854,99.979687,25.76886,3879.8645,3866.2602,3865.9539,34.254824,0.073484326,0.034275871,0.58746989,0.020483014,2.375717,4.0884561,0.0063164884,0.0046890801,0.011589876,0.0039593343,0.001837597,31.868174,0.59350278,0.0071206204,0.063093117,0.25405104,0.61572052,0.85936247,0.93886463,0.14202991
girdle_s53,girdle,204,14,4,9.04,2.34,2.2782595,56,9,12,11.108854,99.979687,25.845905,3868.299,3856.731,3856.3431,38.550927,0.10078024,0.057627709,0.58746989,0.020483014,2.6169508,4.0130663,0.0071218628,0.0054582154,0.01226716,0.0036197742,0.0023884798,33.095861,0.58535543,0.007031647,0.06936895,0.22358363,0.42735043,0.78260415,0.96794872,0.1769891
girdle_s53,girdle,210,6,2,8.76,2.365,2.2936595,56,7,12,14.282813,99.979687,25.982982,3847.8912,3846.4365,3845.9895,41.38998,0.13449451,0.091445736,0.58746989,0.020483014,2.6962931,4.1135264,0.0076247222,0.0060531791,0.013004489,0.0042471688,0.0030248133,31.534427,0.6050546,0.02520606,0.066342938,0.17375579,0.29809725,0.75622217,0.98097252,0.19838032
girdle_s53,girdle,216,10,1,8.385,2.485,2.3989643,58,7,11,14.282813,99.979687,26.068996,3835.1952,3836.8891,3836.4184,42.489168,0.17315368,0.10533232,0.67619497,0.019947291,2.7211965,4.0901719,0.0077581288,0.0062563674,0.013391841,0.0056985273,0.0040435432,33.807788,0.59396292,0.032416571,0.066218192,0.15385695,0.23943662,0.7623118,0.83098592,0.19744472
girdle_s53,girdle,222,7,2,8.13,2.36,2.2702865,57,8,9,12.497461,99.979687,26.075068,3834.3021,3829.4908,3829.0272,42.187487,0.21506814,0.15593657,0.71527664,0.017754645,2.8607894,4.1231305,0.0076026626,0.0060968305,0.013561405,0.0069481952,0.004970887,32.482406,0.60940661,0.02034463,0.074866035,0.16663517,0.25847458,0.76523692,0.73940678,0.19061946
girdle_s53,girdle,228,7,2,8.445,2.265,2.2206139,51,8,9,12.497461,99.979687,26.113128,3828.7136,3825.2602,3824.8114,41.514377,0.25840605,0.20825554,0.71527664,0.017754645,2.8654089,4.4588494,0.0074103907,0.0058405412,0.013309849,0.0078723601,0.0056478832,35.612988,0.59525717,0.0083479023,0.090985806,0.14452208,0.38410596,0.79840839,0.68874172,0.18566905
girdle_s53,girdle,234,16,2,8.4,2.19,2.11192,57,9,10,11.108854,99.979687,26.203564,3815.4996,3824.6315,3824.1761,41.815202,0.30127331,0.25032239,0.72354011,0.016742408,3.0739262,6.2748487,0.0075109561,0.0058112359,0.013928127,0.0093167721,0.0066490511,37.083497,0.57499701,0.013383611,0.099496979,0.18218808,0.36757991,0.78869653,0.68721461,0.16115001
girdle_s53,girdle,240,7,2,8.685,2.385,2.283407,53,8,10,12.497461,99.979687,26.172101,3820.0865,3827.3796,3826.8768,43.97525,0.34179643,0.30503501,0.72354011,0.016742408,3.2976261,6.6651808,0.0080880018,0.0063731036,0.014172879,0.0079176804,0.0052572813,32.591557,0.49147141,0.025036369,0.080325514,0.13675022,0.44444444,0.75863821,0.76100629,0.16039787
girdle_s53,girdle,246,9,2,10.125,2.055,1.9410216,55,8,12,12.497461,99.979687,26.085953,3832.7022,3832.6852,3832.091,47.913851,0.37820435,0.38953993,0.73657911,0.020695278,3.6638865,6.6372764,0.0090619226,0.0071346277,0.014807575,0.0092025314,0.006838301,38.665042,0.58147858,0.018921056,0.076023606,0.1238289,0.27980535,0.71073936,0.63990268,0.17553251
girdle_s53,girdle,252,8,2,10.785,1.86,1.7196077,44,9,10,11.108854,99.979687,26.001297,3845.1808,3839.3183,3838.5995,52.843219,0.40890587,0.44596442,0.7545906,0.010828332,3.9680095,6.8358815,0.010218075,0.0080503078,0.016787043,0.0089968387,0.0072455801,39.838033,0.63061536,0.019911687,0.089823649,0.083322173,0.21236559,0.67142873,0.65591398,0.15576575
girdle_s53,girdle,258,9,1,10.575,1.705,1.5949718,45,10,10,9.9859375,99.859375,25.889105,3857.1969,3845.8987,3845.0434,57.7611,0.43255919,0.48197659,0.75057514,0.01000432,4.0727262,6.8111476,0.011344294,0.0089265878,0.01990412,0.010503169,0.0083662992,39.542235,0.68482857,0.022209401,0.072173903,0.097381798,0.020527859,0.64035501,0.68914956,0.1424546
girdle_s53,girdle,264,8,1,10.16,1.61,1.4917225,44,9,10,11.108854,99.979687,25.812254,3873.342,3851.1629,3850.1891,61.697604,0.44813054,0.51830573,0.75057514,0.01000432,4.0692039,6.8302795,0.012261321,0.00972524,0.022723952,0.012269474,0.0095491541,39.763684,0.7019614,0.024905202,0.051024845,0.072475679,0.037267081,0.60363195,0.62732919,0.15135744
girdle_s53,girdle,270,10,1,10.895,1.46,1.3581781,45,11,9,9.0890625,99.979687,25.70375,3889.6926,3854.1737,3853.1313,63.849898,0.45493938,0.55340419,0.73612025,0.010136258,4.0595341,6.7149956,0.012827285,0.01017264,0.022750817,0.013334619,0.0099113164,38.45686,0.72296241,0.017407592,0.053838054,0.07174463,0.092465753,0.58324146,0.63356164,0.15268379
girdle_s53,girdle,276,14,1,11.045,1.445,1.3717377,40,11,9,9.0890625,99.979687,25.794998,3875.9332,3854.4408,3853.4017,63.737885,0.45268814,0.56780949,0.73612025,0.010136258,4.0614877,6.6180778,0.012957053,0.010221333,0.023440884,0.013783136,0.010270849,37.87144,0.71966768,0.0089569571,0.050521274,0.0786552,0.13148789,0.57425515,0.62629758,0.15686186
girdle_s53,girdle,282,11,1,11.305,1.455,1.403129,42,10,10,9.9859375,99.859375,25.932294,3850.7729,3851.9671,3851.0039,61.338045,0.44147519,0.53585375,0.707153,0.010082634,4.072183,6.5263452,0.012640833,0.0099597101,0.022591536,0.013443583,0.010410354,36.368942,0.71439481,0.014340304,0.04917108,0.076162111,0.089347079,0.59067211,0.62886598,0.16032907
girdle_s53,girdle,288,9,1,9.475,1.385,1.3028853,42,8,11,12.497461,99.979687,26.074022,3834.4559,3847.241,3846.4036,57.14727,0.42179061,0.50839175,0.7171836,0.010035485,4.0032185,6.7950517,0.01194873,0.0093619393,0.020263765,0.012469407,0.009718374,35.257392,0.70134099,0.012434256,0.04077915,0.11880053,0.10108303,0.58791944,0.55956679,0.14385983
girdle_s53,girdle,294,6,1,8.75,1.3,1.2054967,42,7,10,14.282813,99.979687,26.119648,3827.7578,3841.1793,3840.4797,52.165334,0.3944947,0.52725332,0.79937544,0.0071568416,3.9173911,6.7783016,0.011025435,0.0087325217,0.018083196,0.011354874,0.0092373799,35.13732,0.69737806,0.016359174,0.065078049,0.09017037,0.088461538,0.62151743,0.55769231,0.15038882
girdle_s53,girdle,300,8,0,10.255,1.23,1.0889471,39,9,11,11.108854,99.979687,26.047233,3838.3995,3835.0114,3834.4237,47.724449,0.36078042,0.48733671,0.79619229,0.0070516218,3.6573537,6.6966562,0.010073917,0.0081037562,0.015821557,0.0093037373,0.007496339,34.351491,0.72487728,0.0075599836,0.071895976,0.080671318,0.10569106,0.67287615,0.70731707,0.15898897
girdle_s53,girdle,306,10,1,8.69,1.12,0.99120159,31,11,11,9.0890625,99.979687,26.18735,3817.862,3830.0929,3829.5684,45.002792,0.32212126,0.45372371,0.77625149,0.0073747615,3.2967153,6.2922768,0.0093071137,0.007520358,0.013853387,0.0081598315,0.0067379976,31.480278,0.71645514,0.018094613,0.073273688,0.084353164,0.080357143,0.66815598,0.78125,0.18559109
girdle_s53,girdle,312,11,1,9.085,0.95,0.86098002,34,10,10,9.9979687,99.979687,26.239071,3810.3365,3827.6535,3827.1437,44.308008,0.28020679,0.4290541,0.81798897,0.014104837,2.9341866,5.6835585,0.0088577847,0.0072072423,0.01426621,0.0069682853,0.0062359602,30.042727,0.72349881,0.023665079,0.091852609,0.095669291,0.042105263,0.71527792,0.89473684,0.20081562
girdle_s53,girdle,318,11,1,8.735,0.94,0.87944347,28,10,10,9.9979687,99.979687,26.265142,3806.5542,3828.5218,3827.9995,44.819769,0.23686889,0.36575834,0.83479585,0.013900462,2.7384138,4.1061452,0.008699198,0.0070160971,0.01387378,0.0074522463,0.006727112,31.134871,0.72395358,0.016939793,0.096601218,0.10502709,0.031914894,0.69572488,0.87234043,0.21950461
girdle_s53,girdle,324,9,1,8.825,0.95,0.87007821,29,10,9,9.9979687,99.979687,26.170171,3820.3681,3832.9128,3832.3823,45.141585,0.19400163,0.30604866,0.84313103,0.014190596,2.5513591,4.0794961,0.0086505286,0.0069873877,0.014188825,0.0085118215,0.0077011087,35.046345,0.70841971,0.015262141,0.10046743,0.12570193,0.063157895,0.6874421,0.75789474,0.22351116
girdle_s53,girdle,330,10,1,8.785,0.97,0.92464145,32,11,8,9.0890625,99.979687,26.120674,3827.6075,3840.3525,3839.8469,44.045713,0.15347851,0.2573056,0.87346061,0.0082538207,2.6158842,4.1326871,0.0084697457,0.0069093008,0.014150463,0.0085628828,0.0079563343,36.152816,0.74706825,0.0044349091,0.085601542,0.12412792,0.056701031,0.70439749,0.7371134,0.22244624
girdle_s53,girdle,336,8,1,8.895,1.155,1.118534,34,9,7,11.108854,99.979687,25.962326,3850.9526,3849.7659,3849.3292,40.919421,0.11707059,0.21315048,0.86982312,0.0015265778,2.6644052,4.0852116,0.0079707222,0.006497875,0.013672338,0.0075322951,0.007002246,36.622514,0.73708001,0.011173953,0.078411211,0.11960312,0.056277056,0.73203518,0.86147186,0.20119169
girdle_s53,girdle,342,9,2,8.98,1.21,1.1845009,38,10,8,9.9979687,99.979687,25.920801,3857.1218,3859.7022,3859.3658,35.920172,0.086369066,0.1490621,0.86683283,0.0074825978,2.5794094,4.0791152,0.0071063131,0.0057164254,0.012279974,0.0061032476,0.0056836996,37.068679,0.74960115,0.01078779,0.055044239,0.14107139,0.049586777,0.80605734,0.99173554,0.18503798
girdle_s53,girdle,348,7,1,9.105,1.24,1.2331147,35,8,9,12.482422,99.859375,25.846434,3863.5648,3868.6268,3868.3924,29.998687,0.062715748,0.077090274,0.89942276,0.013017011,2.4898232,4.0810703,0.006002488,0.004704493,0.010641811,0.0046200564,0.0042476462,38.21748,0.75009839,0.020182276,0.06068992,0.1867881,0.064516129,0.90201282,1,0.17428872
girdle_s53,girdle,354,8,1,9.695,1.285,1.2772549,42,9,10,11.108854,99.979687,25.838585,3869.3949,3875.1939,3875.0324,24.908019,0.047144396,0.044353733,0.87002506,0.012942627,2.2684658,4.0218046,0.0049603182,0.0037854724,0.0086747622,0.0031333893,0.0027887132,36.691588,0.7359303,0.017391998,0.04954807,0.20547342,0.11673152,0.93559705,1,0.13049548
girdle_s71,girdle,0,7,2,7.815,2.64,2.6382798,76,8,15,12.497461,99.979687,25.87498,3863.9523,3866.8395,3866.5659,32.383034,0.08650556,0.14952077,0.71355506,0.085994481,2.5734633,4.0522494,0.0055308969,0.0040524263,0.010196487,0.0057759796,0.0042311077,44.207718,0.62631615,0.014654602,0.082622258,0.27139037,0.30871212,0.90222126,0.9280303,0.14034413
girdle_s71,girdle,6,7,2,7.87,2.52,2.5877437,78,8,14,12.497461,99.979687,25.788237,3876.9493,3866.6665,3866.3256,36.111453,0.079549957,0.11937556,0.69520351,0.09136277,2.2761606,4.042618,0.0060906251,0.004414255,0.011380769,0.006514594,0.0046738141,42.361109,0.6204759,0.015018625,0.067473883,0.32602706,0.33531746,0.87506916,0.83531746,0.14148305
girdle_s71,girdle,12,10,5,8.975,2.675,2.7531148,69,9,13,11.095486,99.859375,25.699911,3885.5923,3863.9605,3863.5625,38.989661,0.081820675,0.10006891,0.69531698,0.090687473,2.1521841,3.9986502,0.0067590123,0.0049589504,0.012385578,0.0071722356,0.0048667718,43.831027,0.58127096,0.015676388,0.065104134,0.23826704,0.34018692,0.80307112,0.77009346,0.14113434
girdle_s71,girdle,18,6,2,9.65,2.54,2.5578781,69,7,12,14.282813,99.979687,25.743102,3883.7467,3859.0349,3858.6159,39.996423,0.093218473,0.087933828,0.69933079,0.086213494,2.4368041,4.0319783,0.0072313051,0.005400708,0.013153903,0.0069276987,0.0043917825,41.14301,0.57092961,0.0133598,0.081152653,0.24165136,0.42519685,0.76167349,0.78543307,0.15579796
girdle_s71,girdle,24,6,3,9.175,2.505,2.4871731,70,7,13,14.282813,99.979687,25.756589,3881.7131,3852.5006,3852.0875,39.738166,0.11324521,0.094594242,0.69531698,0.090687473,2.6331518,4.0186881,0.007441428,0.0058246806,0.013108948,0.0065235927,0.004424356,40.652673,0.55557598,0.027708047,0.071716005,0.15578084,0.27345309,0.76452801,0.77844311,0.19504569
girdle_s71,girdle,30,12,2,11.085,2.485,2.384232,60,9,13,11.108854,99.979687,25.856413,3866.727,3845.2374,3844.8257,39.721203,0.14102563,0.10933215,0.69531698,0.090687473,2.7865103,4.0514409,0.0074889626,0.0060519973,0.013223525,0.0060688369,0.004619547,39.605905,0.54420254,0.031324843,0.072588217,0.15365797,0.17706237,0.7808171,0.84909457,0.18741564
girdle_s71,girdle,36,7,2,10.9,2.575,2.4336542,59,8,12,12.497461,99.979687,25.887882,3862.0266,3838.3306,3837.8849,41.356118,0.17534559,0.13980969,0.71782298,0.093822551,2.8515205,4.1199103,0.0075582535,0.0061967239,0.013393079,0.0058838297,0.0049392545,41.439923,0.50949634,0.034214496,0.079875872,0.12800251,0.083495146,0.79407418,0.92621359,0.21095004
girdle_s71,girdle,42,10,2,10.685,2.3,2.2068169,53,9,12,11.108854,99.979687,25.905831,3859.3507,3832.959,3832.4397,44.639762,0.21470514,0.19054367,0.72353382,0.085506772,2.7842052,4.1160696,0.007779333,0.0061432206,0.01321867,0.0060632176,0.0052166752,37.141467,0.56572328,0.016094473,0.07334059,0.16412722,0.052173913,0.73544406,0.90434783,0.2005727
girdle_s71,girdle,48,9,2,10.935,2.175,2.1671152,61,10,10,9.9979687,99.979687,25.956431,3851.8272,3830.1955,3829.5921,48.178448,0.25738408,0.29878903,0.79696699,0.020235928,2.5991939,4.6902765,0.0081385896,0.0064271414,0.01357871,0.0062318694,0.0054141794,35.341388,0.59384292,0.013628312,0.084051316,0.13741483,0.062068966,0.74568534,0.88275862,0.1802289
girdle_s71,girdle,54,15,2,14.36,2.23,2.2004758,58,12,10,8.3316406,99.979687,26.003039,3844.9232,3830.7056,3830.0373,50.874451,0.30151714,0.36616386,0.79696699,0.020235928,2.923256,5.6504197,0.0085914604,0.0066260587,0.013996989,0.0056855033,0.0047737718,35.981697,0.60874811,0.013211128,0.054157333,0.15240913,0.12780269,0.73198765,0.92825112,0.15125579
girdle_s71,girdle,60,11,2,13.455,2.25,2.2432991,69,10,11,9.9979687,99.979687,26.15431,3822.685,3834.4723,3833.7459,53.257633,0.34517548,0.44311878,0.81683606,0.018301593,3.423384,6.4110972,0.0092197937,0.0069706437,0.014558727,0.0049643507,0.0040037596,37.073675,0.61136677,0.013545415,0.049942243,0.12354053,0.19333333,0.74984547,0.97555556,0.13879072
girdle_s71,girdle,66,9,2,11.875,2.385,2.3438636,62,10,10,9.9979687,99.979687,26.118886,3827.8696,3840.7658,3839.9364,57.053989,0.38645105,0.50043362,0.77454569,0.017136012,3.7320775,6.6079845,0.01016237,0.0076138142,0.0153423,0.0052262944,0.0043230705,37.60006,0.61289169,0.011746028,0.048941182,0.11799189,0.10901468,0.69904363,0.95807128,0.10066209
girdle_s71,girdle,72,11,2,11.035,2.465,2.4454122,64,10,10,9.9979687,99.979687,26.135177,3825.4835,3848.4061,3847.3874,63.232994,0.42353988,0.56041161,0.77454569,0.017136012,3.8812811,6.7055974,0.011393318,0.0086335539,0.017392539,0.0062096147,0.0049473459,40.188125,0.61625461,0.016297208,0.039444163,0.10681533,0.085192698,0.67694459,0.93103448,0.10479608
girdle_s71,girdle,78,10,2,12.785,2.525,2.5532223,70,11,11,9.078125,99.859375,26.143353,3819.6851,3856.1224,3854.8431,70.812738,0.45482102,0.61383405,0.78675285,0.016624111,3.9390376,6.692936,0.012675773,0.0096711172,0.021101212,0.0080048864,0.00598457,41.232541,0.63152317,0.0090410895,0.045178416,0.11036995,0.15841584,0.62163482,0.84950495,0.12455511
girdle_s71,girdle,84,15,2,11.475,2.45,2.4650406,72,14,11,7.1414063,99.979687,26.076524,3834.088,3862.8129,3861.272,77.717182,0.47892734,0.65486433,0.78675285,0.016624111,3.922166,6.7872395,0.013712365,0.01049072,0.022627015,0.0094956813,0.0066898852,40.932939,0.65691484,0.0072317903,0.051401035,0.0968795,0.22653061,0.55156683,0.76122449,0.12305307
girdle_s71,girdle,90,11,3,10.43,2.46,2.4678714,71,12,12,8.3316406,99.979687,25.821894,3871.896,3867.6584,3865.9415,82.088022,0.49480527,0.68100804,0.7682676,0.016352099,3.8015123,6.7298126,0.014279824,0.010945349,0.023515149,0.010690138,0.0074042245,42.242965,0.66862502,0.01112701,0.053520294,0.073758675,0.20731707,0.52554464,0.72764228,0.12729609
girdle_s71,girdle,96,11,4,11.09,2.575,2.6733883,73,12,12,8.3316406,99.979687,25.59261,3906.5843,3870.1355,3868.3842,82.972307,0.50176087,0.69527516,0.7682676,0.016352099,3.809265,6.8857198,0.014285641,0.010875456,0.023786932,0.010807931,0.0073509196,42.607919,0.64813877,0.010924274,0.043955697,0.10319943,0.17087379,0.53478396,0.75145631,0.11887762
girdle_s71,girdle,102,13,5,10.345,2.67,2.8324184,74,12,11,8.3216146,99.859375,25.412256,3929.5754,3870.0063,3868.357,80.520594,0.49949015,0.5770864,0.74752848,0.022736097,3.8736409,6.9092172,0.013779258,0.010510916,0.023435369,0.011158319,0.0075303909,45.477365,0.63771784,0.016280088,0.058642737,0.077669212,0.11235955,0.58038136,0.74719101,0.11729539
girdle_s71,girdle,108,7,2,9.525,2.61,2.7978907,69,8,12,12.497461,99.979687,25.499267,3920.8847,3867.349,3865.8833,75.780383,0.48809236,0.41521354,0.62563141,0.017939643,3.9904615,6.8907373,0.012922897,0.0099650289,0.02300923,0.010956566,0.0071949531,47.297371,0.64151794,0.015163693,0.059902399,0.088698007,0.10153257,0.59048028,0.78544061,0.13989
girdle_s71,girdle,114,7,2,9.395,2.855,2.9424115,88,8,13,12.497461,99.979687,25.683259,3892.7959,3862.6115,3861.3462,70.213186,0.46806562,0.38942806,0.62222807,0.019338012,4.0349502,6.9855491,0.011935048,0.0094000887,0.020312076,0.010455787,0.0066570556,47.698162,0.60561169,0.011211708,0.063328173,0.09992233,0.20140105,0.56974632,0.78633975,0.15702698
girdle_s71,girdle,120,7,1,9.71,3,2.9934381,69,8,13,12.497461,99.979687,25.886843,3862.1815,3856.6013,3855.5032,65.313657,0.4402852,0.36358978,0.62222807,0.019338012,3.8895722,6.7296148,0.011050987,0.0088076079,0.018150352,0.0099437455,0.0065426875,49.410777,0.59436861,0.012134378,0.069549892,0.098036442,0.18833333,0.59169579,0.75666667,0.16632757
girdle_s71,girdle,126,13,1,10.255,2.895,2.8141599,66,9,13,11.108854,99.979687,26.073817,3834.486,3850.3753,3849.3779,62.37682,0.40596524,0.33154697,0.62222807,0.019338012,3.7558412,6.6487611,0.010493771,0.0081740855,0.015418235,0.0085830249,0.0059502394,53.417542,0.58552576,0.0093447418,0.060213259,0.11668898,0.17443869,0.6264464,0.76165803,0.14953479
girdle_s71,girdle,132,8,1,11.185,3.095,2.9628107,66,9,12,11.108854,99.979687,26.196241,3816.5661,3845.0845,3844.1102,61.881314,0.36660569,0.30452242,0.6205596,0.0083849992,3.5093122,5.8086658,0.010369003,0.0077177183,0.014700146,0.0075878297,0.0058771173,52.736155,0.55949093,0.021112395,0.077833202,0.11827032,0.15508885,0.69172444,0.77059774,0.10336703
girdle_s71,girdle,138,11,1,12.515,2.915,2.7369244,68,8,13,12.497461,99.979687,26.243841,3809.6438,3841.7977,3840.8007,62.686951,0.32392675,0.26062382,0.62110914,0.013608946,3.1431012,4.4758654,0.010517074,0.007754112,0.014318639,0.0066059446,0.0053719211,53.984106,0.61460826,0.0084112587,0.08266641,0.11852802,0.11835334,0.70402641,0.87135506,0.082821389
girdle_s71,girdle,144,6,2,11.045,2.83,2.6963165,73,7,13,14.282813,99.979687,26.037263,3839.8693,3841.266,3840.274,62.419091,0.27979369,0.21959008,0.62110914,0.013608946,2.718124,4.1274537,0.010558294,0.0079003485,0.01418137,0.0063366554,0.0051990982,53.573136,0.62553174,0.0066866579,0.085374051,0.099787173,0.12720848,0.72159319,0.90282686,0.086984219
girdle_s71,girdle,150,7,2,10.83,2.965,2.8579336,83,8,12,12.497461,99.979687,25.868987,3864.8474,3843.645,3842.752,59.036926,0.23613534,0.16269642,0.65470539,0.013651444,2.5507666,4.1026517,0.010146537,0.0076337911,0.014514371,0.0063277026,0.0051303077,53.676497,0.61406706,0.023394743,0.077825093,0.11726655,0.094435076,0.72374939,0.90219224,0.10182173
girdle_s71,girdle,156,9,2,10,2.825,2.7423888,77,8,13,12.497461,99.979687,25.788337,3876.9342,3848.358,3847.658,52.099003,0.19485978,0.16750833,0.55238758,0.017960156,2.8520139,4.0852047,0.0091768203,0.0070310883,0.013562567,0.0056931737,0.0045584472,51.620185,0.65599024,0.017468567,0.069673335,0.11826041,0.12389381,0.70791082,0.93628319,0.12530748
girdle_s71,girdle,162,6,2,9.785,2.805,2.7593908,72,7,13,14.282813,99.979687,25.778512,3878.4119,3854.2634,3853.783,43.027575,0.15777095,0.12412217,0.55238758,0.017960156,2.9355372,4.0901373,0.007818435,0.0062111078,0.011652129,0.0057365404,0.0042468159,53.519734,0.67041353,0.010794524,0.059543783,0.15233614,0.19251337,0.80439296,0.90552585,0.15555558
girdle_s71,girdle,168,6,2,8.83,2.65,2.5977816,75,7,13,14.265625,99.859375,25.74116,3879.3657,3860.032,3859.7166,34.781415,0.12648981,0.092536244,0.51478225,0.02299817,2.9410432,4.1160366,0.0064506475,0.0050724539,0.010312929,0.0054774408,0.0037726981,54.234388,0.7052485,0.012483083,0.063347996,0.1735062,0.28301887,0.88842085,0.88301887,0.16766743
girdle_s71,girdle,174,7,2,7.865,2.635,2.6067015,71,8,13,12.497461,99.979687,25.84492,3868.4463,3864.4951,3864.2456,30.910153,0.10238349,0.062305232,0.51478225,0.02299817,2.7729178,4.0357894,0.0055759284,0.0041219839,0.010522779,0.0047512212,0.0031391755,53.205532,0.70953672,0.016050322,0.059277073,0.23681455,0.33965844,0.89328739,0.92030361,0.13011997
girdle_s71,girdle,180,7,2,9.675,2.605,2.576634,70,8,12,12.497461,99.979687,25.8755,3863.8746,3866.8395,3866.5659,32.383034,0.08650556,0.040377261,0.53248112,0.023580125,2.5734633,4.0522494,0.0055308969,0.0040524263,0.010196487,0.0042142736,0.0026679594,54.052889,0.69533841,0.014654602,0.082622258,0.27139037,0.48560461,0.90222126,0.96545106,0.14034413
girdle_s71,girdle,186,7,2,10.065,2.59,2.5965642,84,8,12,12.497461,99.979687,25.788205,3876.9542,3866.6665,3866.3256,36.111453,0.079549957,0.028036286,0.53248112,0.023580125,2.2761606,4.042618,0.0060906251,0.004414255,0.011380769,0.0038145632,0.0023606657,54.496361,0.66563054,0.015018625,0.067473883,0.32602706,0.51351351,0.87506916,0.97297297,0.14148305
girdle_s71,girdle,192,10,2,8.67,2.57,2.5389439,72,9,13,11.095486,99.859375,25.699729,3885.6198,3863.9605,3863.5625,38.989661,0.081820675,0.028569108,0.534817,0.027244903,2.1521841,3.9986502,0.0067590123,0.0049589504,0.012385578,0.0043442479,0.0028248572,56.775625,0.66114793,0.015676388,0.065104134,0.23826704,0.30155642,0.80307112,0.92996109,0.14113434
girdle_s71,girdle,198,6,2,7.865,2.675,2.6867063,68,7,13,14.282813,99.979687,25.743102,3883.7467,3859.0349,3858.6159,39.996423,0.093218473,0.04297001,0.501624,0.02953698,2.4368041,4.0319783,0.0072313051,0.005400708,0.013153903,0.0053176068,0.0036099554,56.683774,0.64337529,0.0133598,0.081152653,0.24165136,0.21495327,0.76167349,0.89906542,0.15579796
girdle_s71,girdle,204,8,4,8.23,2.95,2.8415129,70,7,14,14.282813,99.979687,25.756728,3881.6921,3852.5006,3852.0875,39.738166,0.11324521,0.065048748,0.50842392,0.032028184,2.6331518,4.0186881,0.007441428,0.0058246806,0.013108948,0.0068931094,0.005183104,56.825827,0.58272994,0.027708047,0.071716005,0.15578084,0.20677966,0.76452801,0.83559322,0.19504569
girdle_s71,girdle,210,10,1,9.97,3.245,3.091003,69,9,14,11.108854,99.979687,25.856081,3866.7765,3845.2374,3844.8257,39.721203,0.14102563,0.092894276,0.50842392,0.032028184,2.7865103,4.0514409,0.0074889626,0.0060519973,0.013223525,0.0077163181,0.0061636706,54.340084,0.52388789,0.031324843,0.072588217,0.15365797,0.18027735,0.7808171,0.77657935,0.18741564
girdle_s71,girdle,216,7,1,11.025,3.08,2.8942153,77,8,15,12.497461,99.979687,25.888101,3861.9939,3838.3306,3837.8849,41.356118,0.17534559,0.14982171,0.49293338,0.050227413,2.8515205,4.1199103,0.0075582535,0.0061967239,0.013393079,0.00862152,0.0071803972,55.846342,0.52358133,0.034214496,0.079875872,0.12800251,0.13961039,0.79407418,0.66883117,0.21095004
girdle_s71,girdle,222,16,1,13.06,3.42,3.3345338,72,9,16,11.108854,99.979687,25.906041,3859.3194,3832.959,3832.4397,44.639762,0.21470514,0.18667728,0.49546032,0.049390112,2.7842052,4.1160696,0.007779333,0.0061432206,0.01321867,0.0081157531,0.0064633216,54.611191,0.47436949,0.016094473,0.07334059,0.16412722,0.20614035,0.73544406,0.69444444,0.2005727
girdle_s71,girdle,228,9,1,11.795,3.31,3.2986924,77,10,16,9.9979687,99.979687,25.957712,3851.6372,3830.1955,3829.5921,48.178448,0.25738408,0.22857255,0.49546032,0.049390112,2.5991939,4.6902765,0.0081385896,0.0064271414,0.01357871,0.0073335419,0.0058727234,54.044296,0.4783904,0.013628312,0.084051316,0.13741483,0.19939577,0.74568534,0.79909366,0.1802289
girdle_s71,girdle,234,15,1,11.835,3.705,3.5093264,75,12,15,8.3316406,99.979687,26.002059,3845.0681,3830.7056,3830.0373,50.874451,0.30151714,0.27938816,0.51443209,0.046129414,2.923256,5.6504197,0.0085914604,0.0066260587,0.013996989,0.0061635122,0.004818922,52.614638,0.45568575,0.013211128,0.054157333,0.15240913,0.25775978,0.73198765,0.88529015,0.15125579
girdle_s71,girdle,240,11,2,10.615,3.295,3.2087833,85,10,14,9.9979687,99.979687,26.154245,3822.6944,3834.4723,3833.7459,53.257633,0.34517548,0.31079552,0.5464404,0.046218619,3.423384,6.4110972,0.0092197937,0.0069706437,0.014558727,0.0054440943,0.0043627288,49.250604,0.5297998,0.013545415,0.049942243,0.12354053,0.23216995,0.74984547,0.95751138,0.13879072
girdle_s71,girdle,246,9,2,11.595,2.985,3.0445403,78,10,13,9.9979687,99.979687,26.119164,3827.8287,3840.7658,3839.9364,57.053989,0.38645105,0.35728316,0.55043321,0.04630793,3.7320775,6.6079845,0.01016237,0.0076138142,0.0153423,0.0062765588,0.0044485247,49.356791,0.57735044,0.011746028,0.048941182,0.11799189,0.19932998,0.69904363,0.87102178,0.10066209
girdle_s71,girdle,252,11,2,15.12,3.055,3.088948,79,10,12,9.9979687,99.979687,26.135544,3825.4297,3848.4061,3847.3874,63.232994,0.42353988,0.50714268,0.68811308,0.046442886,3.8812811,6.7055974,0.011393318,0.0086335539,0.017392539,0.0090744682,0.0057104189,48.253354,0.59146273,0.016297208,0.039444163,0.10681533,0.30932897,0.67694459,0.80360065,0.10479608
girdle_s71,girdle,258,10,2,11.54,2.945,2.9389605,79,11,11,9.078125,99.859375,26.143269,3819.6974,3856.1224,3854.8431,70.812738,0.45482102,0.55021945,0.67772887,0.046826557,3.9390376,6.692936,0.012675773,0.0096711172,0.021101212,0.011733537,0.0073553866,46.432966,0.61746193,0.0090410895,0.045178416,0.11036995,0.27674024,0.62163482,0.78947368,0.12455511
girdle_s71,girdle,264,15,5,11.55,3.01,2.9459353,81,14,10,7.1414063,99.979687,26.075607,3834.2228,3862.8129,3861.272,77.717182,0.47892734,0.59461128,0.67914622,0.049004968,3.922166,6.7872395,0.013712365,0.01049072,0.022627015,0.015010621,0.0099617625,45.814402,0.63226796,0.0072317903,0.051401035,0.0968795,0.24750831,0.55156683,0.6910299,0.12305307
girdle_s71,girdle,270,12,2,12.235,2.65,2.5464406,70,13,10,7.6907452,99.979687,25.826414,3871.2184,3867.6584,3865.9415,82.088022,0.49480527,0.61603457,0.67914622,0.049004968,3.8015123,6.7298126,0.014279824,0.010945349,0.023515149,0.016270774,0.010530421,42.06599,0.6641521,0.01112701,0.053520294,0.073758675,0.23207547,0.52554464,0.66037736,0.12729609
girdle_s71,girdle,276,11,2,10.3,2.535,2.4328934,74,12,12,8.3316406,99.979687,25.59261,3906.5843,3870.1355,3868.3842,82.972307,0.50176087,0.58761309,0.68287317,0.066312957,3.809265,6.8857198,0.014285641,0.010875456,0.023786932,0.017744889,0.011796273,41.971996,0.68027641,0.010924274,0.043955697,0.10319943,0.20907298,0.53478396,0.617357,0.11887762
girdle_s71,girdle,282,13,2,10.925,2.6,2.4821206,72,12,12,8.3216146,99.859375,25.408164,3930.2082,3870.0063,3868.357,80.520594,0.49949015,0.58763053,0.68287317,0.066312957,3.8736409,6.9092172,0.013779258,0.010510916,0.023435369,0.017909417,0.012036715,41.975705,0.67632854,0.016280088,0.058642737,0.077669212,0.28269231,0.58038136,0.59807692,0.11729539
girdle_s71,girdle,288,7,1,10.3,2.495,2.3854321,68,8,12,12.497461,99.979687,25.499646,3920.8265,3867.349,3865.8833,75.780383,0.48809236,0.59350512,0.68967606,0.067553512,3.9904615,6.8907373,0.012922897,0.0099650289,0.02300923,0.017159025,0.012030158,42.655909,0.68658464,0.015163693,0.059902399,0.088698007,0.23647295,0.59048028,0.62725451,0.13989
girdle_s71,girdle,294,7,1,10.815,2.58,2.4252894,72,8,11,12.497461,99.979687,25.682221,3892.9534,3862.6115,3861.3462,70.213186,0.46806562,0.564942,0.71328318,0.067131556,4.0349502,6.9855491,0.011935048,0.0094000887,0.020312076,0.014896501,0.01074956,44.552671,0.67272448,0.011211708,0.063328173,0.09992233,0.12790698,0.56974632,0.62790698,0.15702698
girdle_s71,girdle,300,7,1,11.28,2.67,2.4855601,67,8,11,12.497461,99.979687,25.887642,3862.0623,3856.6013,3855.5032,65.313657,0.4402852,0.53273697,0.71328318,0.067131556,3.8895722,6.7296148,0.011050987,0.0088076079,0.018150352,0.011978097,0.00912419,46.268421,0.65285923,0.012134378,0.069549892,0.098036442,0.095505618,0.59169579,0.59363296,0.16632757
girdle_s71,girdle,306,7,1,9.83,2.615,2.3933556,61,8,11,12.497461,99.979687,26.073574,3834.5219,3850.3753,3849.3779,62.37682,0.40596524,0.64354441,0.72482639,0.096920366,3.7558412,6.6487611,0.010493771,0.0081740855,0.015418235,0.010604936,0.0083099312,47.922424,0.64479316,0.0093447418,0.060213259,0.11668898,0.072657744,0.6264464,0.68451243,0.14953479
girdle_s71,girdle,312,8,1,10.835,2.625,2.390705,64,9,12,11.108854,99.979687,26.196446,3816.5364,3845.0845,3844.1102,61.881314,0.36660569,0.595004,0.70237825,0.095093589,3.5093122,5.8086658,0.010369003,0.0077177183,0.014700146,0.011324145,0.0081299318,48.738683,0.64275296,0.021112395,0.077833202,0.11827032,0.051428571,0.69172444,0.81142857,0.10336703
girdle_s71,girdle,318,11,1,11.915,2.715,2.5859293,94,8,13,12.497461,99.979687,26.244198,3809.592,3841.7977,3840.8007,62.686951,0.32392675,0.55080673,0.69985385,0.096877009,3.1431012,4.4758654,0.010517074,0.007754112,0.014318639,0.012231601,0.0085086281,47.315691,0.5878291,0.0084112587,0.08266641,0.11852802,0.075506446,0.70402641,0.8305709,0.082821389
girdle_s71,girdle,324,6,1,11.4,2.805,2.6393994,68,7,13,14.282813,99.979687,26.037263,3839.8693,3841.266,3840.274,62.419091,0.27979369,0.50152408,0.69985385,0.096877009,2.718124,4.1274537,0.010558294,0.0079003485,0.01418137,0.013178987,0.0096470995,46.706903,0.58472247,0.0066866579,0.085374051,0.099787173,0.049910873,0.72159319,0.76470588,0.086984219
girdle_s71,girdle,330,7,1,9.94,2.67,2.5799252,70,8,13,12.497461,99.979687,25.867179,3865.1176,3843.645,3842.752,59.036926,0.23613534,0.44680009,0.69985385,0.096877009,2.5507666,4.1026517,0.010146537,0.0076337911,0.014514371,0.012811337,0.0098757902,49.004106,0.60302924,0.023394743,0.077825093,0.11726655,0.033707865,0.72374939,0.72659176,0.10182173
girdle_s71,girdle,336,9,4,9.445,2.675,2.6610364,74,8,14,12.497461,99.979687,25.789772,3876.7185,3848.358,3847.658,52.099003,0.19485978,0.36635164,0.73549912,0.088802465,2.8520139,4.0852047,0.0091768203,0.0070310883,0.013562567,0.011692801,0.0093724868,46.662435,0.60539388,0.017468567,0.069673335,0.11826041,0.035514019,0.70791082,0.71588785,0.12530748
girdle_s71,girdle,342,6,2,8.95,2.795,2.806821,71,7,14,14.282813,99.979687,25.779047,3878.3314,3854.2634,3853.783,43.027575,0.15777095,0.30593473,0.73549912,0.088802465,2.9355372,4.0901373,0.007818435,0.0062111078,0.011652129,0.0092805541,0.0075058806,47.617645,0.57135197,0.010794524,0.059543783,0.15233614,0.098389982,0.80439296,0.71914132,0.15555558
girdle_s71,girdle,348,6,2,8.55,2.745,2.8188702,73,7,15,14.265625,99.859375,25.740842,3879.4137,3860.032,3859.7166,34.781415,0.12648981,0.24053795,0.71355506,0.085994481,2.9410432,4.1160366,0.0064506475,0.0050724539,0.010312929,0.0069868401,0.0057599232,45.635826,0.59057761,0.012483083,0.063347996,0.1735062,0.12750455,0.88842085,0.84699454,0.16766743
girdle_s71,girdle,354,7,3,7.975,2.67,2.7074691,77,8,15,12.497461,99.979687,25.844888,3868.4512,3864.4951,3864.2456,30.910153,0.10238349,0.19116954,0.71355506,0.085994481,2.7729178,4.0357894,0.0055759284,0.0041219839,0.010522779,0.0056767619,0.0042917129,45.3534,0.62045054,0.016050322,0.059277073,0.23681455,0.28464419,0.89328739,0.93071161,0.13011997
girdle_s89,girdle,0,7,2,8.455,2.815,2.8772413,76,8,17,12.497461,99.979687,25.948093,3853.065,3872.5759,3872.3066,32.099198,0.068102837,0.13356366,0.53292484,0.12339577,2.0657976,4.0662246,0.005937003,0.0043647179,0.0095204225,0.0098009606,0.0083081597,58.208481,0.65070831,0.0099840728,0.039214002,0.2826001,0.10834813,0.90389168,0.52397869,0.13395137
girdle_s89,girdle,6,8,2,10.495,2.895,2.9229468,90,9,15,11.108854,99.979687,25.900098,3860.205,3873.514,3873.2695,30.566524,0.063415369,0.13161647,0.52727787,0.12905762,2.1416151,4.0381934,0.0056565389,0.0041769078,0.0090105817,0.0086564818,0.0072940351,56.901248,0.65635953,0.015207522,0.053711507,0.23641653,0.058721934,0.90736551,0.59758204,0.11929433
girdle_s89,girdle,12,8,3,10.32,3.19,3.2738777,88,9,15,11.095486,99.859375,25.877733,3858.892,3870.6348,3870.3919,30.481539,0.06830199,0.13790047,0.48598549,0.13606512,2.3475433,4.0191021,0.0057096138,0.0042827355,0.0093954345,0.0072683684,0.0060916137,57.896905,0.60510391,0.016450491,0.055317373,0.19770743,0.11285266,0.90327984,0.79153605,0.12501041
girdle_s89,girdle,18,9,3,10.37,3.255,3.4190562,109,10,16,9.9979687,99.979687,25.935883,3854.8789,3864.2542,3863.9811,32.352585,0.082549131,0.1382235,0.47678251,0.13450545,2.6098564,4.0898511,0.0061015613,0.0047106439,0.0097600946,0.0062912954,0.0052495223,55.229433,0.59762958,0.024333438,0.060532934,0.17437854,0.08141321,0.90844106,0.88325653,0.14838664
girdle_s89,girdle,24,19,13,10.63,3.38,3.5273731,99,12,16,8.3316406,99.979687,25.96054,3851.2175,3855.256,3854.9221,35.789585,0.10553412,0.14790579,0.47678251,0.13450545,2.8084322,4.0948432,0.0066992878,0.0053379025,0.011459531,0.0061531092,0.0047242283,56.4283,0.58924062,0.022765264,0.063632467,0.12978593,0.19526627,0.82318374,0.82840237,0.16065592
girdle_s89,girdle,30,14,3,15.425,3.75,3.9173574,84,11,15,9.0890625,99.979687,25.966425,3850.3447,3845.0247,3844.6172,39.535997,0.13625241,0.13363978,0.55437285,0.07644435,2.9179952,4.1255768,0.007297362,0.0058586936,0.012310318,0.0069178996,0.005330222,56.320589,0.57184918,0.021986874,0.067014254,0.12598953,0.216,0.78206584,0.84,0.17632013
girdle_s89,girdle,36,8,3,11.065,3.87,4.1367655,98,9,15,11.108854,99.979687,26.043791,3838.9069,3835.2748,3834.8114,42.149977,0.17336146,0.16492833,0.55437285,0.07644435,2.7502236,4.0727031,0.0076987071,0.0061505794,0.013132978,0.0083825689,0.0071549603,56.69885,0.56425753,0.014293265,0.059750162,0.15143796,0.090439276,0.75704079,0.72868217,0.18199852
girdle_s89,girdle,42,12,7,10.725,3.865,4.1324415,105,11,15,9.0890625,99.979687,26.077229,3833.9844,3827.7531,3827.2782,42.676913,0.21523943,0.20234118,0.55437285,0.07644435,2.6439415,4.1061512,0.00779245,0.0062421658,0.013500605,0.0092327304,0.0080467119,55.747218,0.55472232,0.014013641,0.065842287,0.16803046,0.06080207,0.75258871,0.62871928,0.17212138
girdle_s89,girdle,48,21,14,12.615,3.835,4.2327563,111,14,17,7.1414063,99.979687,26.043802,3838.9053,3823.8434,3823.3987,41.33268,0.26005604,0.25381328,0.58904181,0.063898692,2.8489612,4.1326856,0.0076579232,0.0061957536,0.013307715,0.0094764268,0.0081761376,56.437276,0.56083929,0.0089216763,0.060065725,0.12394889,0.089960887,0.77552403,0.56453716,0.179538
girdle_s89,girdle,54,13,4,13.53,3.83,4.1073029,98,12,18,8.3316406,99.979687,26.077603,3833.9294,3824.2077,3823.7908,40.061548,0.30585261,0.31756463,0.60104368,0.065336511,3.3211484,5.5900649,0.0076285316,0.0062041293,0.012496667,0.0094257289,0.0080061188,56.718527,0.58101887,0.018996035,0.063295866,0.11679524,0.065274151,0.76619388,0.5535248,0.18153744
girdle_s89,girdle,60,10,4,12.085,3.795,4.0581223,98,11,17,9.0890625,99.979687,26.067553,3835.4075,3828.6404,3828.1853,41.885429,0.35062759,0.35812819,0.58904181,0.063898692,3.6480433,6.6974837,0.0081171628,0.0066108759,0.01329521,0.009242681,0.0078239793,57.232266,0.58016139,0.015168953,0.053345979,0.13382602,0.07773386,0.73269245,0.63768116,0.1955765
girdle_s89,girdle,66,14,3,12.65,3.565,3.6578383,92,11,16,9.0890625,99.979687,26.020103,3842.4017,3836.1936,3835.5939,48.125494,0.3924241,0.41359034,0.55543462,0.065831779,3.8014929,6.8732006,0.0092129985,0.0074705535,0.014457973,0.0094531071,0.0078726941,57.175216,0.58291283,0.022297178,0.051293065,0.13025051,0.085553997,0.70555663,0.61570827,0.17694337
girdle_s89,girdle,72,16,3,16.245,3.325,3.3357163,86,13,16,7.6907452,99.979687,25.970504,3849.74,3845.4648,3844.6252,57.043151,0.42941545,0.45633348,0.55543462,0.065831779,3.9342334,6.9357575,0.01061208,0.0083882274,0.015766008,0.010259235,0.0083280552,57.903167,0.5858177,0.014205609,0.054556515,0.14463494,0.11578947,0.60829037,0.56842105,0.16154475
girdle_s89,girdle,78,10,2,13.875,3.155,3.1576201,90,10,16,9.9859375,99.859375,25.839429,3864.6123,3854.8962,3853.7782,65.977276,0.45998492,0.49274304,0.55543462,0.065831779,3.9670054,7.015394,0.011942362,0.0093285653,0.019080544,0.010844027,0.008646301,57.819047,0.59546676,0.018470973,0.05520605,0.10461801,0.17274168,0.5597953,0.49286846,0.15002757
girdle_s89,girdle,84,9,2,10.06,2.765,2.6583336,67,10,16,9.9979687,99.979687,25.92747,3856.1297,3863.018,3861.6556,72.986863,0.48279649,0.52122774,0.55543462,0.065831779,3.9280059,6.9501343,0.012960064,0.010130713,0.021875596,0.011739217,0.0095839568,59.335275,0.63525143,0.0095931249,0.056462167,0.11815129,0.15551537,0.56950677,0.43218807,0.13838416
girdle_s89,girdle,90,9,2,9.62,2.58,2.4814124,71,10,13,9.9979687,99.979687,25.913417,3858.2209,3868.6264,3867.1119,77.072945,0.49685319,0.56584502,0.57810239,0.065441665,3.9057837,6.9600747,0.013553699,0.010545253,0.023028851,0.011551816,0.0096842038,59.895893,0.64364253,0.0092153255,0.068503537,0.10745983,0.098837209,0.56780448,0.50775194,0.1389811
girdle_s89,girdle,96,10,2,10.29,2.5,2.4033518,67,11,10,9.0890625,99.979687,25.869759,3864.7321,3870.9132,3869.3632,78.018538,0.50154065,0.55431942,0.56500141,0.063720316,3.9482857,6.9454805,0.01370226,0.010672337,0.023203496,0.011388482,0.0093187404,60.573697,0.65672736,0.015786055,0.060894079,0.079987413,0.078,0.56913773,0.684,0.14340863
girdle_s89,girdle,102,10,2,11.705,2.6,2.514647,72,11,11,9.078125,99.859375,25.938505,3849.8508,3869.5647,3868.086,76.17119,0.49665403,0.55197141,0.55874801,0.065642995,4.0500205,6.8638427,0.013442008,0.010576431,0.023124956,0.010375676,0.0080238168,60.756397,0.66027251,0.01715262,0.066241124,0.069090836,0.044230769,0.56628714,0.78461538,0.14851549
girdle_s89,girdle,108,10,2,10.55,2.74,2.5714679,87,9,14,11.108854,99.979687,26.086503,3832.6213,3864.824,3863.4911,72.224,0.48240689,0.54789766,0.58024527,0.058082324,4.0855424,6.9676967,0.01284711,0.010266154,0.022035411,0.0095243244,0.0066352624,59.413587,0.63243452,0.021291758,0.074018883,0.078541957,0.069343066,0.56672017,0.83941606,0.16373704
girdle_s89,girdle,114,9,4,10.755,3.055,2.8423629,95,8,14,12.497461,99.979687,26.18359,3818.4102,3857.4921,3856.3394,67.064877,0.4594219,0.52689263,0.58024527,0.058082324,4.028555,6.8886351,0.012022963,0.0097296143,0.019636319,0.0091883608,0.006048643,58.498733,0.58449118,0.019634174,0.087364582,0.10518602,0.19803601,0.54862699,0.81996727,0.18344835
girdle_s89,girdle,120,12,2,13.07,3.26,3.1005236,85,9,13,11.108854,99.979687,26.247112,3809.1691,3848.8441,3847.867,61.689326,0.42870361,0.50165506,0.58434339,0.055133104,3.8311112,6.9459268,0.011105781,0.0089764858,0.017279872,0.0086769985,0.0058213648,58.235704,0.56098362,0.019883119,0.08130226,0.090605242,0.18558282,0.62869242,0.75613497,0.17551457
girdle_s89,girdle,126,16,4,11.88,3.05,2.984875,88,13,13,7.6907452,99.979687,26.186839,3817.9364,3840.4527,3839.6172,57.039812,0.39159456,0.46290295,0.58434339,0.055133104,3.5857511,6.65833,0.010250134,0.0080382162,0.015476906,0.0073648387,0.0049103001,60.310954,0.57074151,0.023441972,0.072131639,0.11154199,0.23114754,0.68259677,0.83606557,0.14609968
girdle_s89,girdle,132,10,2,10.695,3.255,3.1428158,82,11,13,9.0890625,99.979687,26.203337,3815.5327,3833.9281,3833.1892,53.643394,0.3497166,0.41794907,0.58434339,0.055133104,3.3267984,6.0907603,0.0095790493,0.0074904927,0.014791783,0.0063594778,0.0041442345,60.654569,0.5472881,0.028836351,0.062862843,0.10058055,0.22734255,0.69553925,0.9047619,0.14726814
girdle_s89,girdle,138,12,4,10.515,3.035,2.9961115,85,11,14,9.0890625,99.979687,26.189451,3817.5556,3830.5948,3829.9181,51.283962,0.30489998,0.34553196,0.54937187,0.057867731,3.0911763,5.3809836,0.0091129373,0.0071879524,0.014124772,0.0060959685,0.0041295802,60.917258,0.5482123,0.014957701,0.073535896,0.16210926,0.17627677,0.69350299,0.88632619,0.17747281
girdle_s89,girdle,144,8,2,12.19,3.305,3.1976299,72,9,14,11.108854,99.979687,26.239727,3810.2412,3831.1714,3830.5456,49.21659,0.25910342,0.2974462,0.54937187,0.057867731,2.8445329,4.1287433,0.0087660098,0.0070579956,0.013985415,0.0066889856,0.0051975765,61.783274,0.4972906,0.0095238763,0.065945721,0.12192841,0.12556732,0.69110471,0.84871407,0.1926891
girdle_s89,girdle,150,9,2,11.245,3.16,3.1327507,89,10,14,9.9979687,99.979687,26.144846,3824.0687,3835.5734,3835.005,46.797439,0.21432844,0.24953653,0.54937187,0.057867731,2.7927784,4.1091626,0.0084312262,0.0068068294,0.014000855,0.007658874,0.006594572,61.450734,0.51827173,0.017570741,0.05070489,0.11365451,0.045886076,0.70589411,0.75,0.18794425
girdle_s89,girdle,156,11,2,13.24,3.12,3.0227961,88,10,14,9.9979687,99.979687,26.093529,3831.5894,3842.942,3842.441,43.847932,0.17253192,0.20389684,0.54937187,0.057867731,2.7893532,4.0714517,0.0080424636,0.0064995565,0.013810439,0.0081625584,0.0072805677,62.022739,0.5374767,0.020636088,0.066070194,0.11909886,0.059294872,0.71023924,0.74198718,0.18994282
girdle_s89,girdle,162,17,7,12.895,3.16,3.0514322,76,10,14,9.9979687,99.979687,26.048451,3838.2201,3851.8775,3851.4477,40.575794,0.13554057,0.1625218,0.54937187,0.057867731,2.7047068,4.0968471,0.0075701317,0.0060326741,0.012915242,0.0083047674,0.0072973489,62.192531,0.54371981,0.020641347,0.06451955,0.16625716,0.056962025,0.76710813,0.74683544,0.19279516
girdle_s89,girdle,168,11,5,11.055,2.835,2.8163546,91,10,14,9.9859375,99.859375,25.999418,3840.8312,3860.7633,3860.3992,37.341536,0.1049711,0.12721969,0.54937187,0.057867731,2.5068408,4.0494421,0.0070168469,0.0054853846,0.01170482,0.0085256164,0.0072170428,61.186099,0.59904703,0.0065768655,0.06342998,0.19441243,0.072310406,0.81880529,0.68430335,0.18031288
girdle_s89,girdle,174,7,2,8.99,2.73,2.652091,71,8,13,12.497461,99.979687,26.059572,3836.5822,3868.0689,3867.7589,34.454254,0.082159529,0.10037773,0.55475264,0.056733027,2.2774037,4.0102716,0.0064364893,0.0049335971,0.010619395,0.0086756444,0.0072145342,62.689357,0.59252112,0.0095940015,0.047899882,0.21440774,0.076923077,0.85881872,0.67582418,0.14867065
girdle_s89,girdle,180,7,2,8.76,2.415,2.3514379,64,8,12,12.497461,99.979687,25.947778,3853.1117,3872.5759,3872.3066,32.099198,0.068102837,0.081083859,0.55764002,0.055396026,2.0657976,4.0662246,0.005937003,0.0043647179,0.0095204225,0.0087627311,0.0070231816,62.109519,0.62598176,0.0099840728,0.039214002,0.2826001,0.14492754,0.90389168,0.65838509,0.13395137
girdle_s89,girdle,186,8,1,8.2,2.35,2.3138988,69,9,12,11.108854,99.979687,25.899177,3860.3423,3873.514,3873.2695,30.566524,0.063415369,0.071594851,0.55764002,0.055396026,2.1416151,4.0381934,0.0056565389,0.0041769078,0.0090105817,0.0091501045,0.0076625315,62.362885,0.6458204,0.015207522,0.053711507,0.23641653,0.095744681,0.90736551,0.62553191,0.11929433
girdle_s89,girdle,192,8,1,9.34,2.41,2.368071,74,9,12,11.095486,99.859375,25.878204,3858.8217,3870.6348,3870.3919,30.481539,0.06830199,0.07232381,0.55764002,0.055396026,2.3475433,4.0191021,0.0057096138,0.0042827355,0.0093954345,0.0095263466,0.0081268104,61.577718,0.62538725,0.016450491,0.055317373,0.19770743,0.080912863,0.90327984,0.62240664,0.12501041
girdle_s89,girdle,198,9,1,10.95,2.54,2.4128343,70,10,11,9.9979687,99.979687,25.935819,3854.8884,3864.2542,3863.9811,32.352585,0.082549131,0.083591302,0.55573237,0.055616717,2.6098564,4.0898511,0.0061015613,0.0047106439,0.0097600946,0.0097720581,0.0086279238,61.627506,0.59983095,0.024333438,0.060532934,0.17437854,0.047244094,0.90844106,0.65944882,0.14838664
girdle_s89,girdle,204,19,1,11.645,2.63,2.5217084,84,12,11,8.3316406,99.979687,25.960013,3851.2958,3855.256,3854.9221,35.789585,0.10553412,0.10418048,0.55573237,0.055616717,2.8084322,4.0948432,0.0066992878,0.0053379025,0.011459531,0.0095912165,0.008272189,60.409997,0.59302396,0.022765264,0.063632467,0.12978593,0.096958175,0.82318374,0.54372624,0.16065592
girdle_s89,girdle,210,12,1,12.4,2.62,2.4569539,66,11,11,9.0890625,99.979687,25.967561,3850.1763,3845.0247,3844.6172,39.535997,0.13625241,0.12728865,0.53043083,0.060262632,2.9179952,4.1255768,0.007297362,0.0058586936,0.012310318,0.0089603766,0.0077257117,57.998992,0.60151799,0.021986874,0.067014254,0.12598953,0.085877863,0.78206584,0.64312977,0.17632013
girdle_s89,girdle,216,8,1,12.55,2.345,2.332441,59,9,10,11.108854,99.979687,26.043708,3838.9191,3835.2748,3834.8114,42.149977,0.17336146,0.15676162,0.49735431,0.064550872,2.7502236,4.0727031,0.0076987071,0.0061505794,0.013132978,0.0079169995,0.0068068844,58.742147,0.60121989,0.014293265,0.059750162,0.15143796,0.010660981,0.75704079,0.75906183,0.18199852
girdle_s89,girdle,222,12,1,12.485,2.25,2.2370822,60,11,10,9.0890625,99.979687,26.077993,3833.8721,3827.7531,3827.2782,42.676913,0.21523943,0.19445384,0.49735431,0.064550872,2.6439415,4.1061512,0.00779245,0.0062421658,0.013500605,0.006483481,0.0050117759,57.609137,0.57970557,0.014013641,0.065842287,0.16803046,0.20222222,0.75258871,0.82222222,0.17212138
girdle_s89,girdle,228,21,2,12.51,2.185,2.2167346,62,14,10,7.1414063,99.979687,26.044489,3838.8039,3823.8434,3823.3987,41.33268,0.26005604,0.23605034,0.49735431,0.064550872,2.8489612,4.1326856,0.0076579232,0.0061957536,0.013307715,0.0057278435,0.0049376744,57.164358,0.55185461,0.0089216763,0.060065725,0.12394889,0.10983982,0.77552403,0.96567506,0.179538
girdle_s89,girdle,234,11,2,12.42,2.07,2.094808,48,12,10,8.3316406,99.979687,26.078017,3833.8684,3824.2077,3823.7908,40.061548,0.30585261,0.27973316,0.49735431,0.064550872,3.3211484,5.5900649,0.0076285316,0.0062041293,0.012496667,0.0060015701,0.0054016792,56.929473,0.53135183,0.018996035,0.063295866,0.11679524,0.050724638,0.76619388,0.9589372,0.18153744
girdle_s89,girdle,240,10,1,12.84,1.825,1.8537506,51,11,10,9.0890625,99.979687,26.068037,3835.3362,3828.6404,3828.1853,41.885429,0.35062759,0.32359314,0.49735431,0.064550872,3.6480433,6.6974837,0.0081171628,0.0066108759,0.01329521,0.0067813529,0.0058891439,57.334922,0.51761793,0.015168953,0.053345979,0.13382602,0.032876712,0.73269245,0.83287671,0.1955765
girdle_s89,girdle,246,14,1,12.445,1.71,1.6048045,45,11,10,9.0890625,99.979687,26.02102,3842.2662,3836.1936,3835.5939,48.125494,0.3924241,0.40305754,0.54536325,0.06091815,3.8014929,6.8732006,0.0092129985,0.0074705535,0.014457973,0.0076921045,0.0063991834,56.685413,0.4950069,0.022297178,0.051293065,0.13025051,0.11111111,0.70555663,0.73976608,0.17694337
girdle_s89,girdle,252,18,1,12.035,1.935,1.7405603,42,13,10,7.6907452,99.979687,25.97155,3849.585,3845.4648,3844.6252,57.043151,0.42941545,0.52848649,0.63790067,0.053426555,3.9342334,6.9357575,0.01061208,0.0083882274,0.015766008,0.0086242981,0.0072286786,55.480676,0.4586387,0.014205609,0.054556515,0.14463494,0.07751938,0.60829037,0.68217054,0.16154475
girdle_s89,girdle,258,8,1,10.06,1.94,1.7696057,47,9,10,11.095486,99.859375,25.837915,3864.8387,3854.8962,3853.7782,65.977276,0.45998492,0.5694282,0.63790067,0.053426555,3.9670054,7.015394,0.011942362,0.0093285653,0.019080544,0.0091343483,0.0074501717,55.480542,0.4544893,0.018470973,0.05520605,0.10461801,0.090206186,0.5597953,0.67010309,0.15002757
girdle_s89,girdle,264,9,1,11.75,1.885,1.6789012,41,10,10,9.9979687,99.979687,25.92747,3856.1297,3863.018,3861.6556,72.986863,0.48279649,0.60849771,0.64143706,0.058024422,3.9280059,6.9501343,0.012960064,0.010130713,0.021875596,0.010068037,0.0083403337,55.830845,0.52041855,0.0095931249,0.056462167,0.11815129,0.058355438,0.56950677,0.65782493,0.13838416
girdle_s89,girdle,270,9,1,9.575,1.955,1.7761821,54,10,10,9.9979687,99.979687,25.913755,3858.1706,3868.6264,3867.1119,77.072945,0.49685319,0.63051145,0.64143706,0.058024422,3.9057837,6.9600747,0.013553699,0.010545253,0.023028851,0.01148515,0.0096314087,57.298583,0.56709664,0.0092153255,0.068503537,0.10745983,0.040920716,0.56780448,0.58567775,0.1389811
girdle_s89,girdle,276,10,1,10.445,1.965,1.8606859,57,11,11,9.0890625,99.979687,25.869296,3864.8012,3870.9132,3869.3632,78.018538,0.50154065,0.62113524,0.6369893,0.051362032,3.9482857,6.9454805,0.01370226,0.010672337,0.023203496,0.011915427,0.0097180404,58.956527,0.65476274,0.015786055,0.060894079,0.079987413,0.055979644,0.56913773,0.53180662,0.14340863
girdle_s89,girdle,282,10,2,9.64,2.48,2.3985242,70,11,13,9.078125,99.859375,25.940658,3849.5313,3869.5647,3868.086,76.17119,0.49665403,0.56580883,0.58530808,0.11836161,4.0500205,6.8638427,0.013442008,0.010576431,0.023124956,0.012098388,0.0098605853,59.154184,0.61912851,0.01715262,0.066241124,0.069090836,0.088709677,0.56628714,0.57056452,0.14851549
girdle_s89,girdle,288,10,5,9.21,2.76,2.688919,73,9,13,11.108854,99.979687,26.086139,3832.6748,3864.824,3863.4911,72.224,0.48240689,0.55391742,0.58530808,0.11836161,4.0855424,6.9676967,0.01284711,0.010266154,0.022035411,0.011582027,0.0094498156,60.107128,0.62704308,0.021291758,0.074018883,0.078541957,0.045289855,0.56672017,0.58333333,0.16373704
girdle_s89,girdle,294,9,2,9.195,2.99,2.9090441,73,8,13,12.497461,99.979687,26.185161,3818.1812,3857.4921,3856.3394,67.064877,0.4594219,0.53287654,0.58530808,0.11836161,4.028555,6.8886351,0.012022963,0.0097296143,0.019636319,0.010768282,0.0085878055,60.498944,0.65400998,0.019634174,0.087364582,0.10518602,0.10869565,0.54862699,0.63879599,0.18344835
girdle_s89,girdle,300,14,2,11.065,3.26,3.2831915,88,9,13,11.108854,99.979687,26.250255,3808.7129,3848.8441,3847.867,61.689326,0.42870361,0.50360577,0.58530808,0.11836161,3.8311112,6.9459268,0.011105781,0.0089764858,0.017279872,0.00919301,0.0069446731,60.945534,0.64662028,0.019883119,0.08130226,0.090605242,0.13650307,0.62869242,0.72392638,0.17551457
girdle_s89,girdle,306,16,3,13.54,3.245,3.2553066,80,13,13,7.6907452,99.979687,26.186829,3817.9379,3840.4527,3839.6172,57.039812,0.39159456,0.46738439,0.58530808,0.11836161,3.5857511,6.65833,0.010250134,0.0080382162,0.015476906,0.00769712,0.0054496834,60.80768,0.66409829,0.023441972,0.072131639,0.11154199,0.23882897,0.68259677,0.81972265,0.14609968
girdle_s89,girdle,312,10,3,12.48,3.325,3.3727684,79,11,14,9.0890625,99.979687,26.204209,3815.4057,3833.9281,3833.1892,53.643394,0.3497166,0.45949254,0.59277337,0.11148457,3.3267984,6.0907603,0.0095790493,0.0074904927,0.014791783,0.0058910151,0.0038369762,60.952563,0.65847168,0.028836351,0.062862843,0.10058055,0.37744361,0.69553925,0.91729323,0.14726814
girdle_s89,girdle,318,14,3,12.505,3.275,3.2452718,80,11,14,9.0890625,99.979687,26.190578,3817.3914,3830.5948,3829.9181,51.283962,0.30489998,0.41330007,0.59277337,0.11148457,3.0911763,5.3809836,0.0091129373,0.0071879524,0.014124772,0.0043563383,0.0030594285,61.337476,0.64216993,0.014957701,0.073535896,0.16210926,0.27328244,0.69350299,0.93587786,0.17747281
girdle_s89,girdle,324,8,3,12.42,3.315,3.2847627,96,9,16,11.108854,99.979687,26.240019,3810.1988,3831.1714,3830.5456,49.21659,0.25910342,0.34617715,0.6046963,0.10543015,2.8445329,4.1287433,0.0087660098,0.0070579956,0.013985415,0.0039676729,0.0030686495,62.007927,0.63124115,0.0095238763,0.065945721,0.12192841,0.21417798,0.69110471,0.98190045,0.1926891
girdle_s89,girdle,330,11,3,18.405,3.32,3.2657537,94,10,16,9.9979687,99.979687,26.145724,3823.9403,3835.5734,3835.005,46.797439,0.21432844,0.296487,0.6046963,0.10543015,2.7927784,4.1091626,0.0084312262,0.0068068294,0.014000855,0.0054518704,0.004316292,62.318416,0.6138638,0.017570741,0.05070489,0.11365451,0.21686747,0.70589411,0.96987952,0.18794425
girdle_s89,girdle,336,11,2,10.9,3.325,3.2392655,86,10,17,9.9979687,99.979687,26.093956,3831.5266,3842.942,3842.441,43.847932,0.17253192,0.24873192,0.60069552,0.10681671,2.7893532,4.0714517,0.0080424636,0.0064995565,0.013810439,0.0075347064,0.0061840424,62.996975,0.59586427,0.020636088,0.066070194,0.11909886,0.19849624,0.71023924,0.76691729,0.18994282
girdle_s89,girdle,342,17,4,9.98,3.195,3.1210993,91,10,17,9.9979687,99.979687,26.048451,3838.2201,3851.8775,3851.4477,40.575794,0.13554057,0.20654921,0.60069552,0.10681671,2.7047068,4.0968471,0.0075701317,0.0060326741,0.012915242,0.0091060548,0.0076560794,61.591778,0.61600925,0.020641347,0.06451955,0.16625716,0.12676056,0.76710813,0.56181534,0.19279516
girdle_s89,girdle,348,11,3,9.84,2.915,2.9045235,81,10,18,9.9859375,99.859375,25.998229,3841.0068,3860.7633,3860.3992,37.341536,0.1049711,0.1660223,0.58757099,0.10944343,2.5068408,4.0494421,0.0070168469,0.0054853846,0.01170482,0.0099992849,0.008508418,60.279658,0.63990174,0.0065768655,0.06342998,0.19441243,0.075471698,0.81880529,0.4922813,0.18031288
girdle_s89,girdle,354,7,2,8.71,2.84,2.8328625,77,8,17,12.497461,99.979687,26.059572,3836.5822,3868.0689,3867.7589,34.454254,0.082159529,0.14688084,0.53292484,0.12339577,2.2774037,4.0102716,0.0064364893,0.0049335971,0.010619395,0.010387954,0.0089174843,60.093296,0.64884978,0.0095940015,0.047899882,0.21440774,0.080985915,0.85881872,0.47183099,0.14867065
single_s11,single,0,7,3,8.33,2.695,2.7544373,76,8,13,12.497461,99.979687,25.684545,3892.6011,3881.2585,3879.5627,81.431627,0.59883422,0.67489008,0.78720745,0.091401921,4.4996514,6.9619704,0.015159991,0.012235293,0.02650365,0.0144425,0.012727059,42.792602,0.67840188,0.0029754248,0.061023709,0.052520595,0.011131725,0.46810689,0.4025974,0.19015395
single_s11,single,6,7,3,8.635,2.765,2.8514372,79,8,13,12.497461,99.979687,25.587608,3907.348,3896.9098,3894.9241,87.980079,0.64618989,0.72290225,0.78720745,0.091401921,4.3952677,6.9813301,0.016118247,0.013193773,0.026561322,0.015470825,0.013590775,42.674519,0.6684161,0.0080923748,0.048576427,0.065671369,0.045207957,0.45661238,0.30379747,0.20602643
single_s11,single,12,8,3,9.37,2.92,3.029141,75,9,14,11.095486,99.859375,25.355973,3938.2979,3910.4035,3908.2269,92.064035,0.68467543,0.77051965,0.79968653,0.085531671,4.3181399,6.9170814,0.016534531,0.013623101,0.026126534,0.015732905,0.013870357,42.436266,0.66395931,0.016500567,0.039624426,0.07001918,0.023972603,0.42889054,0.33561644,0.20360901
single_s11,single,18,10,4,10.245,3.005,3.1208491,77,11,14,9.0890625,99.979687,25.468298,3925.6524,3920.1606,3917.9166,93.52058,0.71260884,0.79269674,0.79968653,0.085531671,4.2601676,6.8876309,0.016495499,0.013559811,0.026643705,0.015851344,0.013285556,42.395726,0.65483691,0.018462005,0.049013781,0.071034053,0.10981697,0.42386408,0.35274542,0.19689701
single_s11,single,24,18,4,12.845,3.095,3.1975472,82,11,12,9.0890625,99.979687,25.567185,3910.4692,3924.9998,3922.776,93.145852,0.7287693,0.79272988,0.79283134,0.086744571,4.2128171,6.9755324,0.016220638,0.013472606,0.026549395,0.015338221,0.01246486,40.90635,0.64831959,0.017410759,0.051086997,0.033371953,0.13731826,0.39101819,0.42164782,0.20186758
single_s11,single,30,17,9,10.82,3.12,3.1561503,87,12,10,8.3316406,99.979687,25.623695,3901.845,3924.3246,3922.1535,92.014576,0.73245051,0.64835119,0.67514344,0.13453984,4.2691398,6.9473391,0.015954031,0.013220385,0.026514826,0.014897584,0.012350235,40.668407,0.63127355,0.020868781,0.053358043,0.063009987,0.10416667,0.41223828,0.39903846,0.20167951
single_s11,single,36,15,3,11.905,3.04,3.075109,77,12,10,8.3316406,99.979687,25.84241,3868.8221,3918.2591,3916.1463,90.713795,0.72349158,0.62097502,0.67514344,0.13453984,4.3453946,6.9446214,0.015822592,0.012958262,0.027089318,0.01517038,0.01242065,39.544709,0.62955512,0.012669951,0.054380901,0.058657741,0.097039474,0.44189317,0.47368421,0.1916257
single_s11,single,42,11,3,12.02,3.085,3.2380466,80,12,12,8.3316406,99.979687,25.806037,3874.2751,3907.6498,3905.6086,89.165347,0.70228407,0.54199547,0.63196637,0.16520619,4.4177909,6.9665856,0.015776249,0.013010582,0.026602887,0.016038772,0.012972843,39.114568,0.61330574,0.0167188,0.058018122,0.049843245,0.050243112,0.43640894,0.46029173,0.20196516
single_s11,single,48,9,3,11.575,3.135,3.2462611,77,10,11,9.9979687,99.979687,25.738923,3884.3772,3893.934,3891.9928,87.060855,0.66975485,0.48468598,0.64479932,0.14559575,4.5982428,7.0003279,0.015665989,0.012857645,0.027223894,0.015588878,0.012403266,41.310479,0.59632887,0.011136108,0.070201041,0.071109459,0.046251994,0.4114097,0.523126,0.20504527
single_s11,single,54,14,3,11.11,2.805,2.8301849,79,11,11,9.0890625,99.979687,25.689669,3891.8246,3878.9372,3877.1259,84.262913,0.6273256,0.43697528,0.64479932,0.14559575,4.4940159,6.9629779,0.015363522,0.012445137,0.026393802,0.016612342,0.013876181,40.833329,0.63998364,0.026913667,0.071198172,0.081065688,0.01426025,0.45875036,0.40819964,0.18715014
single_s11,single,60,10,2,11.635,2.845,2.9089655,69,9,11,11.108854,99.979687,25.728629,3885.9314,3864.629,3862.9683,80.805936,0.57685068,0.38792979,0.64479932,0.14559575,4.2304007,6.9231232,0.014820509,0.011672507,0.025212792,0.015849918,0.013310377,43.847093,0.62753004,0.022918933,0.077167651,0.087901891,0.017574692,0.52377057,0.40773286,0.16748075
single_s11,single,66,8,2,12.93,2.77,2.8682694,76,9,13,11.108854,99.979687,26.066672,3835.5371,3852.8253,3851.3292,76.698795,0.52053608,0.3361477,0.59698588,0.14784279,3.999291,6.9536071,0.014061291,0.010800123,0.024282757,0.013437731,0.01139219,44.240471,0.63707768,0.016847434,0.063045472,0.10630801,0.068592058,0.55053609,0.5,0.1489531
single_s11,single,72,23,3,11.09,2.705,2.8275441,80,12,12,8.3316406,99.979687,26.162002,3821.5611,3844.8591,3843.5446,71.782551,0.46084303,0.31422826,0.60837053,0.15758314,3.6300031,6.7804488,0.013142689,0.00994135,0.023601811,0.011664921,0.010198693,45.412386,0.65206096,0.0063846548,0.063006439,0.14928932,0.046210721,0.58537713,0.51756007,0.14578251
single_s11,single,78,13,6,9.95,2.575,2.70843,75,12,11,8.3216146,99.859375,26.197486,3811.7923,3841.2889,3840.1764,65.909164,0.4003804,0.26947731,0.60661471,0.15804833,3.3287277,6.6701671,0.012123792,0.0093050516,0.020441289,0.0098331197,0.0086924252,47.713708,0.69066438,0.008972405,0.066553174,0.13135604,0.060194175,0.61562817,0.5592233,0.14372792
single_s11,single,84,9,3,9.5,2.485,2.6818193,72,10,12,9.9979687,99.979687,26.251528,3808.5282,3841.761,3840.8528,59.502922,0.34179069,0.23416492,0.60837053,0.15758314,3.2766865,6.6525603,0.011068864,0.0086149458,0.0168894,0.008385371,0.006997152,48.021653,0.68982961,0.0060342396,0.064640527,0.1289883,0.092555332,0.61380512,0.64788732,0.145928
single_s11,single,90,8,3,9.38,2.355,2.5316225,64,9,11,11.108854,99.979687,26.212498,3814.1992,3845.1499,3844.4079,53.79579,0.28763456,0.20708482,0.60039241,0.16114626,3.3259789,6.6492239,0.010059842,0.0079437096,0.015003616,0.0080331814,0.0067288561,48.772153,0.69205211,0.012010816,0.06794685,0.075027013,0.10403397,0.68548944,0.72611465,0.13761473
single_s11,single,96,11,3,9.64,2.33,2.4601415,72,11,11,9.0890625,99.979687,26.104669,3829.9542,3849.9341,3849.2926,49.978801,0.24027889,0.16793206,0.62207211,0.1498279,3.2160147,6.070599,0.0091885477,0.0070472242,0.014450877,0.0086567541,0.0076204267,49.930593,0.69988689,0.024517536,0.077195152,0.12994285,0.042918455,0.71665865,0.66738197,0.15043549
single_s11,single,102,12,3,11.785,2.37,2.4491711,72,13,12,7.6814904,99.859375,25.877993,3858.8531,3854.582,3853.9876,47.991031,0.20179335,0.14318672,0.65586364,0.13680755,2.9421076,5.8732131,0.0085278715,0.006690395,0.013862821,0.0090587413,0.0078082494,50.881854,0.67051163,0.020298359,0.073294454,0.11489008,0.094936709,0.74777375,0.63924051,0.15683434
single_s11,single,108,9,2,10.51,2.58,2.6263655,69,10,11,9.9979687,99.979687,25.852084,3867.3743,3857.7932,3857.2262,46.76294,0.17385994,0.13809846,0.65490591,0.13703284,2.7814111,4.4979215,0.0081206382,0.0063717035,0.013031229,0.0088177207,0.007914301,52.556758,0.64847838,0.01715438,0.077555326,0.16742309,0.025193798,0.75803427,0.73643411,0.16610837
single_s11,single,114,9,2,10.89,2.595,2.5044013,74,10,13,9.9979687,99.979687,25.877412,3863.5891,3858.6385,3858.0991,45.580398,0.15769948,0.12285651,0.71205041,0.1158403,2.6584396,4.1247659,0.0080004707,0.0063267648,0.013219463,0.0084565443,0.0074475395,53.665145,0.63971839,0.0057184223,0.063090716,0.13947858,0.078998073,0.79418914,0.69749518,0.16128594
single_s11,single,120,17,2,11.96,2.505,2.4221611,64,12,13,8.3316406,99.979687,25.98955,3846.9187,3856.6958,3856.1805,44.554446,0.15401827,0.14047314,0.71205041,0.1158403,2.6549184,4.1263113,0.0081654016,0.0064699816,0.013576095,0.0080077287,0.0065224651,53.603172,0.63329173,0.0056651946,0.06868494,0.16326246,0.05988024,0.77301252,0.71656687,0.16825078
single_s11,single,126,15,5,12.54,2.595,2.4326914,70,12,13,8.3316406,99.979687,26.13027,3826.2018,3852.1657,3851.6622,44.041036,0.1629772,0.17005527,0.71205041,0.1158403,2.8356129,4.1326793,0.0085042027,0.0067642474,0.013466981,0.0080055649,0.0062163411,52.255591,0.62154726,0.010936505,0.060323766,0.12938485,0.12716763,0.73049606,0.78805395,0.19250839
single_s11,single,132,12,3,12.86,2.675,2.5076386,73,11,13,9.0890625,99.979687,26.116166,3828.2682,3845.888,3845.3813,44.166681,0.1841847,0.21031,0.71205041,0.1158403,3.0374503,4.1267855,0.008820375,0.007053214,0.01383198,0.0085595677,0.006793051,55.111688,0.57247729,0.019489299,0.061376786,0.10794919,0.12523364,0.66784448,0.68224299,0.19305575
single_s11,single,138,14,3,15.42,2.475,2.437995,64,11,12,9.0890625,99.979687,26.08296,3833.1419,3839.2304,3838.7064,44.89806,0.21671393,0.27046473,0.70753062,0.11612107,2.9512656,5.6240454,0.0089619768,0.0072770688,0.014405232,0.0094843907,0.0082506009,53.461878,0.58749252,0.023492904,0.064949247,0.12137231,0.056565657,0.70335086,0.60808081,0.19227241
single_s11,single,144,7,3,11.225,2.365,2.422698,59,8,11,12.497461,99.979687,26.058203,3836.7836,3833.862,3833.3044,46.339807,0.25914318,0.25648783,0.70131414,0.081539655,2.9835892,5.941426,0.008944654,0.0072058052,0.014341643,0.0097906267,0.0085718774,52.081842,0.59921774,0.01836176,0.062736752,0.13375395,0.050739958,0.68181141,0.56448203,0.19036952
single_s11,single,150,7,3,11.06,2.25,2.3706259,68,8,12,12.497461,99.979687,26.161806,3821.5897,3831.4329,3830.8137,48.909577,0.3096181,0.31258734,0.68696398,0.094672684,3.2020236,5.9463813,0.0090045702,0.0071737502,0.014570374,0.0088539081,0.0077928929,52.756512,0.6255282,0.016957437,0.076537791,0.13966399,0.062222222,0.70404193,0.70444444,0.17828685
single_s11,single,156,7,3,9.275,2.43,2.5186334,60,8,13,12.497461,99.979687,26.235104,3810.9126,3833.2182,3832.494,53.022027,0.3659327,0.37508657,0.70950487,0.085662503,3.345025,6.4649078,0.0094868286,0.0074694402,0.015529706,0.008405353,0.0073244307,54.718576,0.60957998,0.01323239,0.070568311,0.10071556,0.059670782,0.67772796,0.7345679,0.15784744
single_s11,single,162,11,6,8.455,2.335,2.4375519,62,10,12,9.9979687,99.979687,26.185416,3818.1439,3839.8026,3838.9207,58.682443,0.42562575,0.43149327,0.69821272,0.090242561,3.8054894,6.8335473,0.010566003,0.0081318047,0.01748423,0.0092301433,0.0078586479,54.750209,0.63701092,0.025071103,0.075331298,0.10690682,0.062098501,0.64108783,0.6509636,0.15043727
single_s11,single,168,8,4,8.57,2.45,2.5737685,67,9,11,11.095486,99.859375,25.99941,3840.8324,3850.8783,3849.7792,65.650418,0.48608838,0.47476721,0.6714365,0.098770154,4.2606958,6.8588405,0.0120962,0.0093406668,0.021154135,0.010968799,0.0090861691,53.154164,0.62923147,0.021285731,0.07883545,0.10093379,0.11836735,0.61792405,0.5,0.14901786
single_s11,single,174,8,2,8.36,2.4,2.415096,63,9,11,11.108854,99.979687,25.849924,3867.6975,3865.2755,3863.897,73.532849,0.54467809,0.52876021,0.6714365,0.098770154,4.4912825,6.832388,0.013740951,0.010833392,0.024190347,0.012627671,0.010496864,55.62017,0.66212735,0.016701945,0.06798411,0.065239338,0.13333333,0.52538603,0.45208333,0.16853289
single_s11,single,180,7,2,8.595,2.495,2.4842647,62,8,12,12.497461,99.979687,25.688216,3892.0448,3881.2585,3879.5627,81.431627,0.59883422,0.57429324,0.67415275,0.096954778,4.4996514,6.9619704,0.015159991,0.012235293,0.02650365,0.013842861,0.011315235,55.775313,0.658702,0.0029754248,0.061023709,0.052520595,0.084168337,0.46810689,0.46092184,0.19015395
single_s11,single,186,7,2,8.99,2.495,2.4899515,73,8,12,12.497461,99.979687,25.587608,3907.348,3896.9098,3894.9241,87.980079,0.64618989,0.61513719,0.67415275,0.096954778,4.3952677,6.9813301,0.016118247,0.013193773,0.026561322,0.014441481,0.011706356,54.933157,0.67373445,0.0080923748,0.048576427,0.065671369,0.090180361,0.45661238,0.49298597,0.20602643
single_s11,single,192,8,2,11.195,2.565,2.5591786,79,9,12,11.095486,99.859375,25.356089,3938.2798,3910.4035,3908.2269,92.064035,0.68467543,0.64597484,0.67415275,0.096954778,4.3181399,6.9170814,0.016534531,0.013623101,0.026126534,0.015594517,0.013102811,54.20396,0.65219198,0.016500567,0.039624426,0.07001918,0.083820663,0.42889054,0.36062378,0.20360901
single_s11,single,198,10,3,10.985,2.65,2.662654,75,11,12,9.0890625,99.979687,25.467869,3925.7186,3920.1606,3917.9166,93.52058,0.71260884,0.66545845,0.67415275,0.096954778,4.2601676,6.8876309,0.016495499,0.013559811,0.026643705,0.017030368,0.014958616,52.09041,0.62848669,0.018462005,0.049013781,0.071034053,0.056603774,0.42386408,0.27169811,0.19689701
single_s11,single,204,16,3,10.94,2.485,2.581067,58,11,11,9.0890625,99.979687,25.567185,3910.4692,3924.9998,3922.776,93.145852,0.7287693,0.64363687,0.64970262,0.10678133,4.2128171,6.9755324,0.016220638,0.013472606,0.026549395,0.018976454,0.016683383,51.596372,0.6310351,0.017410759,0.051086997,0.033371953,0.014084507,0.39101819,0.25955734,0.20186758
single_s11,single,210,17,6,12.28,2.64,2.7638808,64,12,10,8.3316406,99.979687,25.622989,3901.9525,3924.3246,3922.1535,92.014576,0.73245051,0.64944144,0.66008985,0.091629872,4.2691398,6.9473391,0.015954031,0.013220385,0.026514826,0.019597608,0.017022919,48.146861,0.57666971,0.020868781,0.053358043,0.063009987,0.022727273,0.41223828,0.29356061,0.20167951
single_s11,single,216,15,2,13.08,2.48,2.5236004,63,12,10,8.3316406,99.979687,25.840137,3869.1624,3918.2591,3916.1463,90.713795,0.72349158,0.63526849,0.66008985,0.091629872,4.3453946,6.9446214,0.015822592,0.012958262,0.027089318,0.020673381,0.018104842,46.823663,0.58350939,0.012669951,0.054380901,0.058657741,0.010080645,0.44189317,0.23387097,0.1916257
single_s11,single,222,11,3,12.445,2.54,2.6141315,64,12,10,8.3316406,99.979687,25.806925,3874.1418,3907.6498,3905.6086,89.165347,0.70228407,0.60971725,0.66008985,0.091629872,4.4177909,6.9665856,0.015776249,0.013010582,0.026602887,0.01996217,0.017332663,43.36392,0.54985527,0.0167188,0.058018122,0.049843245,0.013779528,0.43640894,0.35629921,0.20196516
single_s11,single,228,9,3,11.37,2.55,2.5605826,66,10,13,9.9979687,99.979687,25.738923,3884.3772,3893.934,3891.9928,87.060855,0.66975485,0.58734729,0.68657781,0.093217411,4.5982428,7.0003279,0.015665989,0.012857645,0.027223894,0.018491871,0.016198693,41.945939,0.53859672,0.011136108,0.070201041,0.071109459,0.0078431373,0.4114097,0.31372549,0.20504527
single_s11,single,234,14,2,13.415,2.54,2.5096264,66,11,14,9.0890625,99.979687,25.689669,3891.8246,3878.9372,3877.1259,84.262913,0.6273256,0.54178542,0.6924122,0.09139841,4.4940159,6.9629779,0.015363522,0.012445137,0.026393802,0.015906864,0.013737294,39.772931,0.5106534,0.026913667,0.071198172,0.081065688,0.041338583,0.45875036,0.34448819,0.18715014
single_s11,single,240,8,2,13.105,2.43,2.3521411,59,9,13,11.108854,99.979687,25.726725,3886.2189,3864.629,3862.9683,80.805936,0.57685068,0.52498188,0.74925985,0.096985986,4.2304007,6.9231232,0.014820509,0.011672507,0.025212792,0.011879388,0.01002212,37.574407,0.51365,0.022918933,0.077167651,0.087901891,0.034979424,0.52377057,0.47119342,0.16748075
single_s11,single,246,8,2,12.915,2.24,2.2478167,69,9,12,11.108854,99.979687,26.066096,3835.6219,3852.8253,3851.3292,76.698795,0.52053608,0.46756712,0.70012414,0.11196543,3.999291,6.9536071,0.014061291,0.010800123,0.024282757,0.0085853444,0.0074532741,34.415267,0.55072761,0.016847434,0.063045472,0.10630801,0.082589286,0.55053609,0.74553571,0.1489531
single_s11,single,252,21,2,13.605,2.365,2.3147105,55,12,12,8.3316406,99.979687,26.161619,3821.6169,3844.8591,3843.5446,71.782551,0.46084303,0.40731798,0.70012414,0.11196543,3.6300031,6.7804488,0.013142689,0.00994135,0.023601811,0.0059915072,0.0047097462,31.371039,0.5358211,0.0063846548,0.063006439,0.14928932,0.21353066,0.58537713,0.90274841,0.14578251
single_s11,single,258,11,2,11.005,2.02,2.0180538,55,12,12,8.3216146,99.859375,26.197033,3811.8582,3841.2889,3840.1764,65.909164,0.4003804,0.34714144,0.70012414,0.11196543,3.3287277,6.6701671,0.012123792,0.0093050516,0.020441289,0.0065098607,0.0055848038,30.108575,0.58645312,0.008972405,0.066553174,0.13135604,0.11881188,0.61562817,0.91336634,0.14372792
single_s11,single,264,9,2,9.96,1.92,1.9315273,50,10,12,9.9979687,99.979687,26.251025,3808.6013,3841.761,3840.8528,59.502922,0.34179069,0.28966752,0.70012414,0.11196543,3.2766865,6.6525603,0.011068864,0.0086149458,0.0168894,0.0077086504,0.0066958157,28.041787,0.61386672,0.0060342396,0.064640527,0.1289883,0.091145833,0.61380512,0.78385417,0.145928
single_s11,single,270,8,2,9.53,1.915,1.9278136,50,9,11,11.108854,99.979687,26.21167,3814.3197,3845.1499,3844.4079,53.79579,0.28763456,0.2616118,0.84658649,0.056971291,3.3259789,6.6492239,0.010059842,0.0079437096,0.015003616,0.0083100765,0.0067123818,27.050564,0.62517744,0.012010816,0.06794685,0.075027013,0.13577023,0.68548944,0.74151436,0.13761473
single_s11,single,276,9,2,10.71,2,2.0457125,52,10,11,9.9979687,99.979687,26.104631,3829.9597,3849.9341,3849.2926,49.978801,0.24027889,0.20694812,0.85231474,0.056472107,3.2160147,6.070599,0.0091885477,0.0070472242,0.014450877,0.0083103112,0.0065629903,26.767908,0.62435017,0.024517536,0.077195152,0.12994285,0.1575,0.71665865,0.75,0.15043549
single_s11,single,282,12,3,10.565,2.035,2.0661184,53,13,11,7.6814904,99.859375,25.878562,3858.7684,3854.582,3853.9876,47.991031,0.20179335,0.15363933,0.85231474,0.056472107,2.9421076,5.8732131,0.0085278715,0.006690395,0.013862821,0.0081647666,0.0068619457,28.280757,0.60499926,0.020298359,0.073294454,0.11489008,0.10565111,0.74777375,0.75429975,0.15683434
single_s11,single,288,9,3,10.36,2.09,2.1167311,59,10,12,9.9979687,99.979687,25.852084,3867.3743,3857.7932,3857.2262,46.76294,0.17385994,0.10517438,0.85882991,0.053100872,2.7814111,4.4979215,0.0081206382,0.0063717035,0.013031229,0.0068364734,0.005892034,29.258641,0.58920097,0.01715438,0.077555326,0.16742309,0.088516746,0.75803427,0.88995215,0.16610837
single_s11,single,294,9,3,10.205,2.24,2.2549251,58,10,10,9.9979687,99.979687,25.877691,3863.5475,3858.6385,3858.0991,45.580398,0.15769948,0.10176008,0.86307677,0.029922414,2.6584396,4.1247659,0.0080004707,0.0063267648,0.013219463,0.0055833502,0.0047988672,30.328777,0.57861617,0.0057184223,0.063090716,0.13947858,0.084821429,0.79418914,0.94866071,0.16128594
single_s11,single,300,13,3,15.52,2.495,2.4826525,67,12,10,8.3316406,99.979687,25.992364,3846.5023,3856.6958,3856.1805,44.554446,0.15401827,0.098114551,0.86307677,0.029922414,2.6549184,4.1263113,0.0081654016,0.0064699816,0.013576095,0.0059714462,0.0054063996,32.728123,0.55644976,0.0056651946,0.06868494,0.16326246,0.036072144,0.77301252,0.93987976,0.16825078
single_s11,single,306,15,4,10.485,2.665,2.6306081,69,12,12,8.3316406,99.979687,26.130681,3826.1417,3852.1657,3851.6622,44.041036,0.1629772,0.11552572,0.85059684,0.026024722,2.8356129,4.1326793,0.0085042027,0.0067642474,0.013466981,0.0083165209,0.0070501517,34.127076,0.558491,0.010936505,0.060323766,0.12938485,0.10131332,0.73049606,0.684803,0.19250839
single_s11,single,312,12,3,10.125,2.725,2.644107,74,11,11,9.0890625,99.979687,26.115676,3828.34,3845.888,3845.3813,44.166681,0.1841847,0.13495916,0.84681107,0.025158939,3.0374503,4.1267855,0.008820375,0.007053214,0.01383198,0.011247274,0.009718107,35.675216,0.55334089,0.019489299,0.061376786,0.10794919,0.058715596,0.66784448,0.47889908,0.19305575
single_s11,single,318,14,3,11.205,2.815,2.7656971,71,11,12,9.0890625,99.979687,26.082211,3833.252,3839.2304,3838.7064,44.89806,0.21671393,0.13690617,0.90880392,0.018334197,2.9512656,5.6240454,0.0089619768,0.0072770688,0.014405232,0.012395425,0.011050994,37.055047,0.56587274,0.023492904,0.064949247,0.12137231,0.031971581,0.70335086,0.39964476,0.19227241
single_s11,single,324,7,3,8.955,2.81,2.7327475,76,8,11,12.497461,99.979687,26.058094,3836.7998,3833.862,3833.3044,46.339807,0.25914318,0.19180973,0.90749099,0.018610215,2.9835892,5.941426,0.008944654,0.0072058052,0.014341643,0.013291709,0.011842416,38.822144,0.61002731,0.01836176,0.062736752,0.13375395,0.012455516,0.68181141,0.37010676,0.19036952
single_s11,single,330,7,3,10.48,2.87,2.8532836,80,8,12,12.497461,99.979687,26.16197,3821.5657,3831.4329,3830.8137,48.909577,0.3096181,0.27378446,0.87414174,0.026157809,3.2020236,5.9463813,0.0090045702,0.0071737502,0.014570374,0.012822875,0.010950565,40.031535,0.61306502,0.016957437,0.076537791,0.13966399,0.054006969,0.70404193,0.44599303,0.17828685
single_s11,single,336,7,3,11.715,2.96,2.9086498,80,8,14,12.497461,99.979687,26.235104,3810.9126,3833.2182,3832.494,53.022027,0.3659327,0.38884825,0.790353,0.094898138,3.345025,6.4649078,0.0094868286,0.0074694402,0.015529706,0.012755968,0.010747381,41.421763,0.6204198,0.01323239,0.070568311,0.10071556,0.045608108,0.67772796,0.49155405,0.15784744
single_s11,single,342,11,2,11.075,2.935,2.9534916,78,10,13,9.9979687,99.979687,26.186035,3818.0536,3839.8026,3838.9207,58.682443,0.42562575,0.48587219,0.7996812,0.085321403,3.8054894,6.8335473,0.010566003,0.0081318047,0.01748423,0.012618505,0.010822252,42.012892,0.63933731,0.025071103,0.075331298,0.10690682,0.025553663,0.64108783,0.50255537,0.15043727
single_s11,single,348,8,2,9.12,2.89,2.9573539,78,9,12,11.095486,99.859375,25.998517,3840.9643,3850.8783,3849.7792,65.650418,0.48608838,0.54743684,0.78567078,0.091949285,4.2606958,6.8588405,0.0120962,0.0093406668,0.021154135,0.013022211,0.011033918,41.51057,0.64882256,0.021285731,0.07883545,0.10093379,0.058823529,0.61792405,0.42041522,0.14901786
single_s11,single,354,8,3,9.32,2.745,2.7518159,77,9,12,11.108854,99.979687,25.848349,3867.9331,3865.2755,3863.897,73.532849,0.54467809,0.61340169,0.78567078,0.091949285,4.4912825,6.832388,0.013740951,0.010833392,0.024190347,0.013814696,0.012124594,43.095164,0.6677999,0.016701945,0.06798411,0.065239338,0.027322404,0.52538603,0.42622951,0.16853289
single_s7,single,0,8,2,7.685,2.07,2.0148279,58,9,12,11.108854,99.979687,26.016535,3842.9286,3863.1577,3861.8793,70.670883,0.55902815,0.56979212,0.84578089,0.060833947,4.6182815,6.9983653,0.013801042,0.011249154,0.023692004,0.015960094,0.013419082,33.039028,0.62808757,0.0089911896,0.059688177,0.071555884,0.033816425,0.52709811,0.42995169,0.17738457
single_s7,single,6,16,3,10.59,2.21,2.2010691,58,11,11,9.0890625,99.979687,25.780055,3878.1798,3876.2125,3874.7352,75.940625,0.60581621,0.61720636,0.83511091,0.063716317,4.7384039,7.028267,0.014595712,0.012241495,0.024905793,0.01772239,0.015919697,34.129475,0.59153713,0.016783062,0.074843858,0.034862309,0.0067873303,0.43973061,0.30542986,0.21198026
single_s7,single,12,9,1,10.665,2.475,2.364728,60,10,12,9.9859375,99.859375,25.64731,3893.5614,3888.8893,3887.1958,81.282354,0.64496716,0.6836745,0.83863516,0.062578831,4.8512044,6.9784933,0.015435722,0.013016711,0.024823283,0.019629153,0.017320566,34.490356,0.55982772,0.029218137,0.060757415,0.047075972,0.03030303,0.41386319,0.28888889,0.22420776
single_s7,single,18,9,2,11.425,2.53,2.4067741,65,10,12,9.9979687,99.979687,25.713307,3888.2469,3899.6981,3897.805,85.91878,0.67476991,0.74016174,0.83863516,0.062578831,4.7530528,6.9618525,0.016215676,0.013494626,0.025671878,0.019977134,0.017204076,34.04826,0.54474471,0.032097421,0.073316112,0.05152913,0.033596838,0.44640159,0.35573123,0.22036533
single_s7,single,24,15,5,11.23,2.69,2.6025167,68,12,11,8.3316406,99.979687,25.693833,3891.1939,3907.4052,3905.3658,89.162658,0.69392195,0.78467386,0.84115948,0.060027972,4.6070896,6.9180888,0.016784779,0.013852958,0.027536173,0.019965763,0.017508502,34.837206,0.52652488,0.017397481,0.080584898,0.050266156,0.014869888,0.43058167,0.28252788,0.21104479
single_s7,single,30,13,3,11.53,2.715,2.6877623,72,12,12,8.3316406,99.979687,25.612261,3903.587,3911.1616,3909.0581,90.561541,0.70158623,0.8292966,0.8508355,0.058025053,4.5402675,6.9858473,0.016972239,0.014095997,0.028283149,0.019855916,0.017420099,34.883489,0.5417924,0.019929886,0.069107431,0.057482356,0.055248619,0.35658379,0.2228361,0.1975128
single_s7,single,36,10,3,11.605,2.875,2.8576515,76,11,12,9.0890625,99.979687,25.412907,3934.2091,3910.5593,3908.4793,90.108434,0.69742779,0.72348641,0.72826897,0.087776895,4.5167873,6.9784823,0.016667385,0.013967314,0.028232921,0.018791936,0.01610626,35.519563,0.54234275,0.017145625,0.049382352,0.034949952,0.12,0.39475345,0.25565217,0.21042207
single_s7,single,42,10,3,12.535,2.875,2.9072284,68,11,13,9.0890625,99.979687,25.4251,3932.3223,3905.6559,3903.6603,88.334828,0.68162837,0.71588891,0.73142476,0.086871465,4.6040346,7.0085963,0.015913322,0.013244979,0.026309812,0.01762814,0.015086118,34.987853,0.55763075,0.028024355,0.055020988,0.041993634,0.027826087,0.41690668,0.37391304,0.20176484
single_s7,single,48,14,4,13.875,2.75,2.8695533,91,13,14,7.6907452,99.979687,25.668223,3895.0763,3897.0073,3895.1182,85.987788,0.65487849,0.69361333,0.73081934,0.087183497,4.6399792,6.8664616,0.014918321,0.012442623,0.025081254,0.01632684,0.013742815,36.835048,0.58044292,0.0046173716,0.068854652,0.037166843,0.06,0.45631256,0.39272727,0.19160847
single_s7,single,54,14,3,13.12,2.93,3.0718397,70,13,14,7.6907452,99.979687,25.834939,3869.941,3885.672,3883.8923,83.451749,0.61834724,0.65815356,0.73081934,0.087183497,4.4211408,6.9822423,0.0139448,0.011471654,0.023418606,0.013706014,0.011387128,36.781878,0.56866269,0.013615942,0.075041284,0.049362055,0.027303754,0.48087735,0.5221843,0.18247797
single_s7,single,60,13,5,12.285,2.78,2.8678947,79,12,14,8.3316406,99.979687,25.986126,3847.4257,3873.1055,3871.4484,80.509129,0.57363121,0.61226306,0.73081934,0.087183497,4.0909769,7.0041774,0.013148912,0.010655275,0.021507231,0.010740348,0.0087746167,36.616723,0.59191049,0.01919369,0.059785045,0.096013654,0.043165468,0.51558836,0.65647482,0.17628304
single_s7,single,66,12,4,11.425,2.81,2.8914771,74,13,13,7.6907452,99.979687,26.17244,3820.0369,3860.9252,3859.4225,76.680579,0.52268471,0.55940783,0.70885377,0.09186317,3.8616385,7.0230906,0.012505823,0.0098657921,0.020489574,0.0082663215,0.0065732643,36.621706,0.59988831,0.022987223,0.073474791,0.088582499,0.12633452,0.54417455,0.77580071,0.17528484
single_s7,single,72,10,4,10.695,2.7,2.6858861,71,11,12,9.0890625,99.979687,26.286117,3803.5168,3850.6115,3849.2991,71.685003,0.46773434,0.34248169,0.67269087,0.047192754,3.6561241,6.8535191,0.011874686,0.0091900706,0.019009828,0.0071627662,0.0056113833,36.849791,0.61021945,0.015804235,0.080196504,0.11139351,0.12037037,0.58856497,0.82592593,0.13328751
single_s7,single,78,7,2,9.215,2.64,2.6305696,72,8,12,12.482422,99.859375,26.313158,3795.0358,3843.2279,3842.1267,65.670659,0.4111817,0.28524107,0.67269087,0.047192754,3.4392837,6.4705316,0.011133533,0.0084608778,0.01579815,0.0077296528,0.0062980271,36.388243,0.63190405,0.015424143,0.073234005,0.11567323,0.11742424,0.63534111,0.75568182,0.12592555
single_s7,single,84,8,2,8.82,2.365,2.3702305,65,9,11,11.108854,99.979687,26.248444,3808.9758,3839.226,3838.327,59.302979,0.35549842,0.22200972,0.66387853,0.047742374,3.4139337,5.7574923,0.010285494,0.0079475596,0.015344143,0.0082131991,0.0068335561,36.633168,0.64404032,0.016750773,0.07510494,0.090941464,0.086680761,0.67057613,0.69556025,0.14562295
single_s7,single,90,8,2,9.525,2.345,2.3218557,63,9,11,11.108854,99.979687,26.115576,3828.3547,3838.3997,3837.6606,53.689804,0.30311811,0.1771949,0.66387853,0.047742374,3.3339221,5.2159804,0.0094743737,0.0074913856,0.014269595,0.0082945746,0.0068193056,37.198976,0.63446819,0.015514553,0.074819872,0.10657134,0.12153518,0.70172794,0.72921109,0.14925965
single_s7,single,96,11,2,11.875,2.33,2.2773665,66,12,12,8.3316406,99.979687,25.980494,3848.2596,3840.0064,3839.3637,49.94551,0.25633005,0.14069098,0.64611309,0.048524196,3.2402291,4.423249,0.0089104741,0.0072016908,0.013932411,0.0083050969,0.0068154103,38.303357,0.63715033,0.010194197,0.081701185,0.10898473,0.15021459,0.69584852,0.70386266,0.16870428
single_s7,single,102,10,2,11.2,2.43,2.3805005,67,11,12,9.078125,99.859375,25.932682,3850.7153,3842.9932,3842.3862,48.426115,0.2171791,0.1204276,0.64611309,0.048524196,2.9655649,4.1350368,0.0087410428,0.0071484759,0.013960979,0.0079558807,0.0063635344,38.682597,0.61995164,0.014207297,0.075675077,0.11392315,0.16049383,0.67872688,0.73251029,0.19702108
single_s7,single,108,12,2,11.43,2.52,2.4583942,78,11,11,9.0890625,99.979687,25.845683,3868.3322,3846.238,3845.6308,48.373514,0.18737635,0.11966042,0.62214184,0.048441665,2.6730803,4.1311377,0.0089350809,0.0072621892,0.013868615,0.008386915,0.0068300804,39.194388,0.60880983,0.014631671,0.080589511,0.13431155,0.11507937,0.68690345,0.69246032,0.20919692
single_s7,single,114,9,2,11.705,2.58,2.6198387,68,10,10,9.9979687,99.979687,25.75246,3882.3355,3848.7471,3848.136,48.52522,0.16822431,0.13076169,0.60680551,0.041675301,2.5666428,4.0284276,0.0092842166,0.0073528416,0.01433514,0.0086324782,0.0074706606,40.440261,0.58827117,0.024608146,0.089926657,0.14643757,0.021317829,0.66080262,0.62015504,0.18825592
single_s7,single,120,12,2,12.775,2.55,2.6534236,66,11,11,9.0890625,99.979687,25.809462,3873.7611,3849.797,3849.2008,47.961849,0.16056003,0.13851483,0.62705705,0.047700704,2.5216401,4.0921165,0.0095238067,0.0075333823,0.014924513,0.008725351,0.0076568309,40.2696,0.56157141,0.035793164,0.081241755,0.084775128,0.10588235,0.68338484,0.65294118,0.17695373
single_s7,single,126,48,2,15.525,2.315,2.444033,61,13,10,7.6907452,99.979687,25.88631,3862.2611,3849.0199,3848.4573,46.64056,0.16471847,0.15975716,0.65166231,0.039000683,2.6899928,4.1170394,0.0094997543,0.0075194888,0.014949403,0.008747922,0.0076697957,38.985035,0.57528611,0.051864016,0.090273537,0.10603718,0.11663067,0.69390286,0.67818575,0.15970663
single_s7,single,132,18,3,14.72,2.48,2.7662306,62,13,10,7.6907452,99.979687,25.930344,3855.7024,3846.4581,3845.9235,45.470947,0.18051789,0.1980476,0.65166231,0.039000683,2.8869776,4.1347336,0.0092862618,0.0073167445,0.013848601,0.007527556,0.0062003602,40.079734,0.5234366,0.024726233,0.11484386,0.11796485,0.13508065,0.69804696,0.7641129,0.14662115
single_s7,single,138,8,3,10.495,2.305,2.5263776,57,9,11,11.108854,99.979687,25.924456,3856.5781,3842.608,3842.0689,45.63685,0.20726777,0.23434128,0.69411804,0.034648082,2.9971883,5.3580238,0.0091538772,0.0074613019,0.013806622,0.0062481797,0.0051147267,39.945906,0.52613347,0.038770238,0.1117939,0.070953457,0.1670282,0.72744776,0.89154013,0.16026754
single_s7,single,144,7,2,10.06,2.34,2.5100372,52,8,11,12.497461,99.979687,25.932572,3855.3711,3838.4101,3837.8244,47.58006,0.24379902,0.29018628,0.69411804,0.034648082,2.9938275,6.2768793,0.009365888,0.0076416302,0.014602383,0.0059534323,0.0052572764,42.138818,0.49459941,0.036133585,0.08957332,0.079947415,0.057692308,0.68498639,0.95512821,0.17275059
single_s7,single,150,9,2,9.77,2.21,2.3456997,60,10,11,9.9979687,99.979687,26.030355,3840.8883,3835.1121,3834.446,50.81303,0.28851505,0.35044909,0.69411804,0.034648082,3.104614,6.7243246,0.0099674581,0.007988626,0.014848886,0.007538475,0.006039676,42.436935,0.50206767,0.015402924,0.087191291,0.081232529,0.12669683,0.67479865,0.71040724,0.17135384
single_s7,single,156,13,2,9.605,2.495,2.5976474,59,10,10,9.9979687,99.979687,26.131137,3826.0748,3834.0095,3833.2437,54.579645,0.33946155,0.37847509,0.63553544,0.04243228,3.0795062,6.2254412,0.010794753,0.0085053488,0.0166623,0.0098867036,0.0075467319,46.183996,0.46405332,0.014397343,0.070937774,0.088798376,0.22244489,0.64497348,0.60320641,0.16605102
single_s7,single,162,7,2,8.885,2.185,2.2117552,66,8,10,12.497461,99.979687,26.045185,3838.7014,3836.1346,3835.2611,58.364445,0.39441192,0.42887324,0.63553544,0.04243228,3.2526342,6.8299591,0.011642577,0.0091949213,0.020180881,0.013339278,0.011189258,44.635837,0.5465505,0.015226717,0.051999631,0.11648692,0.09382151,0.57355505,0.45995423,0.1711269
single_s7,single,168,7,2,8.15,2.2,2.1187985,56,8,9,12.482422,99.859375,26.00247,3840.3803,3841.9704,3840.9836,62.076376,0.45096456,0.47412085,0.62861682,0.043013943,3.6527012,7.0285315,0.012399579,0.0097150123,0.020299959,0.015202098,0.013261349,44.585645,0.55856603,0.013736796,0.040345957,0.10294571,0.034090909,0.56314037,0.34545455,0.16705844
single_s7,single,174,7,2,8.07,1.945,1.8857689,51,8,10,12.497461,99.979687,26.033391,3840.4404,3851.2835,3850.1673,66.043133,0.50664784,0.50468463,0.61497189,0.062577079,4.1756731,6.8425958,0.013087755,0.01040251,0.022275867,0.017378374,0.015337534,46.640681,0.61660217,0.01037225,0.046244753,0.060738964,0.051413882,0.56162,0.26478149,0.16577425
single_s7,single,180,7,1,8.415,1.83,1.7780591,53,8,10,12.497461,99.979687,26.015501,3843.0814,3863.1577,3861.8793,70.670883,0.55902815,0.56782637,0.68489263,0.056211303,4.6182815,6.9983653,0.013801042,0.011249154,0.023692004,0.018580472,0.016087552,47.808755,0.64186764,0.0089911896,0.059688177,0.071555884,0.084699454,0.52709811,0.27595628,0.17738457
single_s7,single,186,12,1,11.47,1.855,1.8356452,53,11,10,9.0890625,99.979687,25.777515,3878.5619,3876.2125,3874.7352,75.940625,0.60581621,0.60579629,0.68489263,0.056211303,4.7384039,7.028267,0.014595712,0.012241495,0.024905793,0.019311988,0.017105649,49.69291,0.63453295,0.016783062,0.074843858,0.034862309,0.029649596,0.43973061,0.26684636,0.21198026
single_s7,single,192,9,1,9.895,1.87,1.8845141,48,10,11,9.9859375,99.859375,25.64601,3893.7587,3888.8893,3887.1958,81.282354,0.64496716,0.62286886,0.66359373,0.075153585,4.8512044,6.9784933,0.015435722,0.013016711,0.024823283,0.019338626,0.01677623,50.621461,0.62531209,0.029218137,0.060757415,0.047075972,0.10427807,0.41386319,0.2459893,0.22420776
single_s7,single,198,11,2,9.5,2.125,2.1452918,55,11,11,9.0890625,99.979687,25.711816,3888.4724,3899.6981,3897.805,85.91878,0.67476991,0.63559458,0.66359373,0.075153585,4.7530528,6.9618525,0.016215676,0.013494626,0.025671878,0.019353541,0.016728139,50.522363,0.58439948,0.032097421,0.073316112,0.05152913,0.12,0.44640159,0.28941176,0.22036533
single_s7,single,204,15,2,10.275,2.155,2.1818699,60,12,12,8.3316406,99.979687,25.69484,3891.0414,3907.4052,3905.3658,89.162658,0.69392195,0.63811173,0.66408513,0.075416379,4.6070896,6.9180888,0.016784779,0.013852958,0.027536173,0.01953386,0.01686896,49.728016,0.56980329,0.017397481,0.080584898,0.050266156,0.044083527,0.43058167,0.31322506,0.21104479
single_s7,single,210,15,5,12.4,2.195,2.3074376,57,12,13,8.3316406,99.979687,25.612426,3903.5618,3911.1616,3909.0581,90.561541,0.70158623,0.62937914,0.66487589,0.075313105,4.5402675,6.9858473,0.016972239,0.014095997,0.028283149,0.019407233,0.016512746,49.892663,0.53896162,0.019929886,0.069107431,0.057482356,0.031890661,0.35658379,0.33485194,0.1975128
single_s7,single,216,10,3,12.24,2.36,2.3605833,52,11,12,9.0890625,99.979687,25.412527,3934.2679,3910.5593,3908.4793,90.108434,0.69742779,0.6099244,0.66440525,0.075047973,4.5167873,6.9784823,0.016667385,0.013967314,0.028232921,0.017286283,0.014322844,47.454658,0.48795743,0.017145625,0.049382352,0.034949952,0.014830508,0.39475345,0.4470339,0.21042207
single_s7,single,222,10,2,12.44,2.2,2.267579,49,11,11,9.0890625,99.979687,25.426175,3932.1561,3905.6559,3903.6603,88.334828,0.68162837,0.55208538,0.65021167,0.071764476,4.6040346,7.0085963,0.015913322,0.013244979,0.026309812,0.017519056,0.015033703,46.956982,0.54964427,0.028024355,0.055020988,0.041993634,0.022727273,0.41690668,0.40454545,0.20176484
single_s7,single,228,16,2,13.865,2.225,2.1936992,60,13,12,7.6907452,99.979687,25.671741,3894.5425,3897.0073,3895.1182,85.987788,0.65487849,0.64637426,0.67882709,0.12270707,4.6399792,6.8664616,0.014918321,0.012442623,0.025081254,0.014953899,0.012868869,45.977097,0.54429603,0.0046173716,0.068854652,0.037166843,0.040449438,0.45631256,0.4247191,0.19160847
single_s7,single,234,14,2,13.3,2.21,2.2196696,50,13,11,7.6907452,99.979687,25.836141,3869.7608,3885.672,3883.8923,83.451749,0.61834724,0.62260666,0.68730957,0.11160926,4.4211408,6.9822423,0.0139448,0.011471654,0.023418606,0.012119793,0.01034807,44.778959,0.5497074,0.013615942,0.075041284,0.049362055,0.085972851,0.48087735,0.47737557,0.18247797
single_s7,single,240,11,2,10.73,2.225,2.1311661,59,12,12,8.3316406,99.979687,25.985776,3847.4774,3873.1055,3871.4484,80.509129,0.57363121,0.50402545,0.71995389,0.053525951,4.0909769,7.0041774,0.013148912,0.010655275,0.021507231,0.0089703948,0.0076159594,40.079726,0.55091947,0.01919369,0.059785045,0.096013654,0.062921348,0.51558836,0.7011236,0.17628304
single_s7,single,246,12,2,10.405,2.275,2.1888906,67,13,13,7.6907452,99.979687,26.172581,3820.0164,3860.9252,3859.4225,76.680579,0.52268471,0.44240821,0.71915662,0.054063788,3.8616385,7.0230906,0.012505823,0.0098657921,0.020489574,0.0073407684,0.0061409988,35.925856,0.56507995,0.022987223,0.073474791,0.088582499,0.079120879,0.54417455,0.7978022,0.17528484
single_s7,single,252,10,2,9.995,2.255,2.2287357,52,11,13,9.0890625,99.979687,26.286235,3803.4997,3850.6115,3849.2991,71.685003,0.46773434,0.3818146,0.71915662,0.054063788,3.6561241,6.8535191,0.011874686,0.0091900706,0.019009828,0.0073667508,0.0058944599,35.811116,0.52935675,0.015804235,0.080196504,0.11139351,0.1286031,0.58856497,0.81374723,0.13328751
single_s7,single,258,7,2,10.19,2.135,2.0904539,52,8,15,12.482422,99.859375,26.313463,3794.9917,3843.2279,3842.1267,65.670659,0.4111817,0.4679102,0.7326053,0.075939713,3.4392837,6.4705316,0.011133533,0.0084608778,0.01579815,0.0084113003,0.0061752943,31.360997,0.57852274,0.015424143,0.073234005,0.11567323,0.29274005,0.63534111,0.65105386,0.12592555
single_s7,single,264,8,2,9.6,2.07,2.0369321,58,9,16,11.108854,99.979687,26.247534,3809.1079,3839.226,3838.327,59.302979,0.35549842,0.4060334,0.73153353,0.077211162,3.4139337,5.7574923,0.010285494,0.0079475596,0.015344143,0.0080268381,0.0058847315,29.105462,0.59998971,0.016750773,0.07510494,0.090941464,0.17149758,0.67057613,0.65700483,0.14562295
single_s7,single,270,8,2,9.175,2.04,2.0280096,56,9,13,11.108854,99.979687,26.116443,3828.2275,3838.3997,3837.6606,53.689804,0.30311811,0.34540743,0.71468467,0.085166737,3.3339221,5.2159804,0.0094743737,0.0074913856,0.014269595,0.0075089529,0.0060396001,27.433094,0.60859976,0.015514553,0.074819872,0.10657134,0.066176471,0.70172794,0.74754902,0.14925965
single_s7,single,276,11,2,13.09,2.085,2.0549394,57,12,13,8.3316406,99.979687,25.98046,3848.2647,3840.0064,3839.3637,49.94551,0.25633005,0.29372482,0.71468467,0.085166737,3.2402291,4.423249,0.0089104741,0.0072016908,0.013932411,0.0071541392,0.0063782449,26.133806,0.58204061,0.010194197,0.081701185,0.10898473,0.011990408,0.69584852,0.82494005,0.16870428
single_s7,single,282,10,3,10.21,2.045,2.0590688,59,11,11,9.078125,99.859375,25.932383,3850.7598,3842.9932,3842.3862,48.426115,0.2171791,0.24000398,0.73376026,0.076289874,2.9655649,4.1350368,0.0087410428,0.0071484759,0.013960979,0.0068713802,0.0060185543,25.477523,0.58933209,0.014207297,0.075675077,0.11392315,0.034229829,0.67872688,0.88997555,0.19702108
single_s7,single,288,12,2,12.555,2.145,2.1769901,55,11,12,9.0890625,99.979687,25.845683,3868.3322,3846.238,3845.6308,48.373514,0.18737635,0.18685746,0.74646215,0.071607089,2.6730803,4.1311377,0.0089350809,0.0072621892,0.013868615,0.0069709164,0.0058671942,26.253186,0.56831069,0.014631671,0.080589511,0.13431155,0.067599068,0.68690345,0.85081585,0.20919692
single_s7,single,294,9,2,11.885,2.275,2.3042326,54,10,11,9.9979687,99.979687,25.752958,3882.2603,3848.7471,3848.136,48.52522,0.16822431,0.15276018,0.76080876,0.050060372,2.5666428,4.0284276,0.0092842166,0.0073528416,0.01433514,0.00721826,0.0061923048,26.936311,0.54857571,0.024608146,0.089926657,0.14643757,0.024175824,0.66080262,0.84395604,0.18825592
single_s7,single,300,14,2,12.075,2.315,2.289724,55,11,13,9.0890625,99.979687,25.809859,3873.7014,3849.797,3849.2008,47.961849,0.16056003,0.13166115,0.756519,0.068963819,2.5216401,4.0921165,0.0095238067,0.0075333823,0.014924513,0.0072861485,0.0056999579,26.769543,0.55262387,0.035793164,0.081241755,0.084775128,0.16198704,0.68338484,0.79481641,0.17695373
single_s7,single,306,44,2,12.07,2.355,2.4114484,64,13,13,7.6907452,99.979687,25.885897,3862.3227,3849.0199,3848.4573,46.64056,0.16471847,0.12635968,0.756519,0.068963819,2.6899928,4.1170394,0.0094997543,0.0075194888,0.014949403,0.0074134188,0.0052901225,26.883415,0.56160042,0.051864016,0.090273537,0.10603718,0.25690021,0.69390286,0.73036093,0.15970663
single_s7,single,312,16,5,12.14,2.495,2.4861315,61,13,12,7.6907452,99.979687,25.930345,3855.7022,3846.4581,3845.9235,45.470947,0.18051789,0.13521658,0.75622011,0.069122876,2.8869776,4.1347336,0.0092862618,0.0073167445,0.013848601,0.0073071023,0.0057449677,29.005014,0.55812635,0.024726233,0.11484386,0.11796485,0.10621242,0.69804696,0.76152305,0.14662115
single_s7,single,318,8,2,11.12,2.52,2.5027123,57,9,13,11.108854,99.979687,25.924987,3856.499,3842.608,3842.0689,45.63685,0.20726777,0.15874671,0.74203597,0.098306896,2.9971883,5.3580238,0.0091538772,0.0074613019,0.013806622,0.0073980767,0.0063226976,29.755388,0.56473609,0.038770238,0.1117939,0.070953457,0.063492063,0.72744776,0.80357143,0.16026754
single_s7,single,324,7,2,9.72,2.37,2.333533,62,8,12,12.497461,99.979687,25.931995,3855.4568,3838.4101,3837.8244,47.58006,0.24379902,0.17944796,0.75025575,0.083828813,2.9938275,6.2768793,0.009365888,0.0076416302,0.014602383,0.0086349692,0.0075927992,28.880056,0.58154272,0.036133585,0.08957332,0.079947415,0.029535865,0.68498639,0.64135021,0.17275059
single_s7,single,330,9,2,10.255,2.355,2.2881639,76,10,12,9.9979687,99.979687,26.029021,3841.0853,3835.1121,3834.446,50.81303,0.28851505,0.22710936,0.75025575,0.083828813,3.104614,6.7243246,0.0099674581,0.007988626,0.014848886,0.010402618,0.0092772983,28.892888,0.59917856,0.015402924,0.087191291,0.081232529,0.027600849,0.67479865,0.47558386,0.17135384
single_s7,single,336,13,2,11.57,2.535,2.4899588,59,10,11,9.9979687,99.979687,26.131349,3826.0439,3834.0095,3833.2437,54.579645,0.33946155,0.28174923,0.75121595,0.082368206,3.0795062,6.2254412,0.010794753,0.0085053488,0.0166623,0.012488841,0.011124845,30.321907,0.56279472,0.014397343,0.070937774,0.088798376,0.017751479,0.64497348,0.36686391,0.16605102
single_s7,single,342,7,2,8.555,2.345,2.3097212,61,8,11,12.497461,99.979687,26.046567,3838.4978,3836.1346,3835.2611,58.364445,0.39441192,0.34447773,0.75121595,0.082368206,3.2526342,6.8299591,0.011642577,0.0091949213,0.020180881,0.013242046,0.010669677,30.407599,0.59514784,0.015226717,0.051999631,0.11648692,0.044776119,0.57355505,0.6098081,0.1711269
single_s7,single,348,7,2,8.415,2.285,2.2557063,62,8,10,12.482422,99.859375,26.003169,3840.2771,3841.9704,3840.9836,62.076376,0.45096456,0.41254865,0.84601017,0.056881863,3.6527012,7.0285315,0.012399579,0.0097150123,0.020299959,0.014174619,0.0099915174,31.659499,0.59908172,0.013736796,0.040345957,0.10294571,0.12472648,0.56314037,0.73304158,0.16705844
single_s7,single,354,7,1,7.265,2.115,2.0877378,58,8,11,12.497461,99.979687,26.033391,3840.4404,3851.2835,3850.1673,66.043133,0.50664784,0.49918869,0.84634369,0.057928831,4.1756731,6.8425958,0.013087755,0.01040251,0.022275867,0.014533931,0.010801791,32.305516,0.62573638,0.01037225,0.046244753,0.060738964,0.033096927,0.56162,0.66903073,0.16577425
single_s17,single,0,7,1,8.805,1.68,1.5173933,53,8,9,12.497461,99.979687,26.074511,3834.3839,3860.7316,3859.1651,78.298085,0.57152723,0.59122665,0.78302587,0.093560721,4.2021188,6.9294048,0.013583371,0.010538559,0.024875231,0.018862127,0.016217761,47.640189,0.6373827,0.0048499492,0.063345197,0.071084159,0.041666667,0.5814876,0.3125,0.1535465
single_s17,single,6,7,1,8.915,1.66,1.4982579,51,8,9,12.497461,99.979687,25.991237,3846.6691,3876.704,3874.9022,83.990417,0.62161239,0.65088814,0.78302587,0.093560721,4.3904745,6.9592784,0.014690275,0.011617945,0.026852339,0.018651039,0.015869817,48.135196,0.63198284,0.012864517,0.058319142,0.092859621,0.015060241,0.51683922,0.40060241,0.16001839
single_s17,single,12,6,1,9.965,1.755,1.5951205,48,7,8,14.265625,99.859375,25.958567,3846.8755,3893.4594,3891.6019,85.269223,0.66314209,0.68380781,0.77493708,0.10213359,4.5318516,7.0048734,0.015223154,0.012279622,0.02664208,0.016804721,0.014204808,48.529095,0.6374963,0.014063796,0.060102212,0.086415035,0.037037037,0.44692704,0.41595442,0.18420385
single_s17,single,18,9,1,10.18,1.76,1.6373431,49,10,8,9.9979687,99.979687,25.82146,3871.9611,3908.7103,3906.9486,83.002046,0.69430127,0.72272866,0.77493708,0.10213359,4.7468979,6.9477273,0.015217065,0.012362887,0.025689685,0.014254306,0.012282352,46.604982,0.62849478,0.0085446454,0.059801952,0.10031505,0.042613636,0.4608614,0.38636364,0.21057215
single_s17,single,24,12,2,10.665,1.73,1.6149377,52,11,9,9.0890625,99.979687,25.582166,3908.1791,3920.229,3918.6117,79.459082,0.71372812,0.76064425,0.77777769,0.096735377,4.9243414,7.0317,0.014936171,0.012282045,0.025137953,0.011997959,0.010351301,45.505122,0.61779175,0.01845499,0.064736432,0.06326683,0.095375723,0.43882883,0.43641618,0.20528546
single_s17,single,30,11,1,11.365,1.785,1.7050038,50,10,9,9.9979687,99.979687,25.429094,3931.7046,3926.2945,3924.7621,77.290611,0.72057361,0.76981379,0.77777769,0.096735377,4.9849295,7.0176389,0.014725801,0.012127086,0.023912756,0.011616191,0.010112796,45.431036,0.62022758,0.02425679,0.056676957,0.049550843,0.022408964,0.48028233,0.50980392,0.1822526
single_s17,single,36,9,1,12.09,1.825,1.7453852,51,10,8,9.9979687,99.979687,25.459238,3927.0495,3926.0017,3924.4414,78.009008,0.71453855,0.80025098,0.80512753,0.057085258,4.8758084,6.9807325,0.014813294,0.012112607,0.024167298,0.013872846,0.011629098,44.738907,0.60986765,0.015341442,0.075298367,0.035597993,0.04109589,0.48423062,0.46849315,0.17583795
single_s17,single,42,15,1,13.1,1.82,1.7411915,53,12,9,8.3316406,99.979687,25.362728,3941.9927,3919.3858,3917.7076,80.986568,0.69588669,0.78282088,0.80924853,0.062481526,4.7791632,6.9181858,0.015166994,0.012503694,0.024072563,0.016619677,0.013301305,46.047942,0.60596982,0.016363736,0.082098686,0.03525899,0.085164835,0.47212512,0.47527473,0.19454301
single_s17,single,48,9,1,10.625,1.87,1.7779658,56,10,9,9.9979687,99.979687,25.253789,3958.9974,3907.3912,3905.5892,83.990979,0.66543323,0.75030097,0.80924853,0.062481526,4.6648749,7.0280423,0.015518726,0.012763413,0.025071075,0.018902885,0.015774855,45.930628,0.61056549,0.020376303,0.076393744,0.045097131,0.018716578,0.43849687,0.42513369,0.18744067
single_s17,single,54,9,1,9.93,1.87,1.7597133,57,10,11,9.9979687,99.979687,25.351835,3943.6865,3891.7099,3889.8854,84.518741,0.62450911,0.72283413,0.80784901,0.064632649,4.4509625,6.9093698,0.015514206,0.012665619,0.02590611,0.020579252,0.018106397,43.703687,0.61048375,0.020009122,0.064912537,0.048704655,0.029411765,0.46400313,0.2486631,0.18323527
single_s17,single,60,8,1,10.305,1.975,1.8916332,53,9,12,11.108854,99.979687,25.573039,3909.5739,3874.4862,3872.8146,80.845191,0.57490293,0.6510862,0.81469113,0.056177257,4.2280818,6.9688494,0.014880165,0.012069831,0.024973215,0.019897406,0.017930333,46.209183,0.57871393,0.021253309,0.069871672,0.063025565,0.02278481,0.45219789,0.23797468,0.17935214
single_s17,single,66,6,1,9.675,1.895,1.8548878,49,7,12,14.282813,99.979687,25.783403,3877.6761,3857.9274,3856.5731,72.686043,0.5187827,0.58380351,0.81469113,0.056177257,4.0520029,6.994324,0.013552829,0.010896145,0.022561535,0.018005565,0.016284213,45.968184,0.58730479,0.013161255,0.078983377,0.097150435,0.052770449,0.48606828,0.30079156,0.17636715
single_s17,single,72,6,1,9.315,1.84,1.7849936,50,7,11,14.282813,99.979687,25.87445,3864.0315,3843.9436,3842.969,61.566445,0.45860115,0.53479167,0.82672884,0.058562903,3.8614157,6.9115801,0.011748264,0.0093262172,0.019753262,0.014450961,0.01286226,46.565151,0.59429641,0.018491972,0.065535071,0.081757041,0.032608696,0.58081047,0.4048913,0.16631064
single_s17,single,78,5,1,8.375,1.8,1.7907745,49,6,10,16.643229,99.859375,25.913015,3853.6379,3833.9267,3833.2607,50.799698,0.39698851,0.45534879,0.82657679,0.059159371,3.641893,6.8043902,0.0099484407,0.0077221661,0.01576789,0.010488107,0.0086329228,47.400946,0.6174478,0.017245144,0.057372574,0.13162135,0.066666667,0.67284152,0.63055556,0.15316788
single_s17,single,84,12,2,8.385,1.8,1.7886855,56,11,11,9.0890625,99.979687,26.035865,3840.0755,3828.6499,3828.1387,44.424781,0.33663754,0.37344534,0.82194771,0.059467282,3.3499079,6.5431539,0.0087353312,0.0068804394,0.014776662,0.0073267884,0.0058968116,46.966465,0.62576129,0.017200237,0.058996268,0.11266886,0.10555556,0.76054917,0.84722222,0.16555251
single_s17,single,90,7,2,7.955,1.96,1.9234093,50,8,13,12.497461,99.979687,26.052719,3837.5914,3828.2029,3827.7057,43.761474,0.28018587,0.30538046,0.82123734,0.057042706,3.0613806,5.3588394,0.0083630431,0.006671399,0.013896847,0.0079625733,0.0066428453,48.381154,0.59455457,0.01548761,0.070478356,0.12022644,0.091836735,0.73556154,0.74489796,0.17562046
single_s17,single,96,7,2,7.985,1.995,1.9328208,59,8,12,12.497461,99.979687,26.097745,3830.9704,3831.9431,3831.4067,45.414031,0.2301007,0.23614952,0.8209434,0.057594506,2.7558056,4.1812337,0.0084503313,0.0068824357,0.014204687,0.0098010404,0.0085173502,49.258281,0.62804756,0.016857712,0.062362528,0.10101948,0.045112782,0.72409266,0.60401003,0.19195514
single_s17,single,102,9,2,9.56,2.11,2.0304097,64,10,17,9.9859375,99.859375,26.102818,3825.6166,3838.5217,3837.9856,45.368244,0.188571,0.19015044,0.81095501,0.080729526,2.5374011,4.1276261,0.0084058892,0.0068355302,0.014476449,0.010861268,0.0095636701,48.436177,0.64421535,0.024027853,0.060761727,0.12095023,0.037914692,0.72398171,0.47393365,0.19495686
single_s17,single,108,11,2,11.18,2.485,2.3569789,67,10,17,9.9979687,99.979687,26.191478,3817.2602,3846.0781,3845.6106,42.356875,0.15741183,0.16038915,0.78429611,0.091016515,2.7909089,4.1051305,0.0079656469,0.0063977749,0.013431623,0.010047663,0.0086216934,46.205783,0.61014998,0.019909623,0.073883358,0.13763536,0.10865191,0.72136478,0.50503018,0.19757643
single_s17,single,114,9,2,13.12,2.535,2.4235206,83,9,18,11.108854,99.979687,26.142708,3824.3815,3852.6395,3852.2613,38.07756,0.13798497,0.12077757,0.78638716,0.088262326,2.9196081,4.0846783,0.0073081485,0.0059279369,0.012955894,0.0088816745,0.0076914684,44.762072,0.63187919,0.012091413,0.073437811,0.12291821,0.071005917,0.80119435,0.65088757,0.19853093
single_s17,single,120,6,1,11.035,2.88,2.8060669,76,7,18,14.282813,99.979687,26.07368,3834.5061,3856.6023,3856.2619,36.105237,0.13113948,0.099988297,0.78638716,0.088262326,2.8789634,4.12115,0.0069157752,0.0055245635,0.012384043,0.0074633163,0.0064648774,44.342001,0.60974089,0.00970254,0.067136751,0.13546926,0.071180556,0.82958434,0.82986111,0.18206065
single_s17,single,126,5,1,10.71,2.935,2.8358379,86,6,17,16.663281,99.979687,25.863399,3865.6824,3857.0996,3856.7063,38.827905,0.13717454,0.076239382,0.81099282,0.074095044,2.7768743,4.1247774,0.0072042864,0.0056426697,0.013141768,0.0079292991,0.0067257388,43.439534,0.61799287,0.0089311973,0.0551149,0.16583692,0.10902896,0.79513367,0.7120954,0.16804
single_s17,single,132,11,5,12.03,2.945,2.917391,82,10,17,9.9979687,99.979687,25.900317,3860.1723,3854.1614,3853.6445,44.550763,0.1558264,0.084331903,0.81099282,0.074095044,2.702567,4.1277897,0.0080738025,0.0062704998,0.013844613,0.0091821461,0.007590391,43.037421,0.63226426,0.0081642572,0.086195784,0.16652461,0.11544992,0.73524983,0.61120543,0.17594362
single_s17,single,138,15,6,10.525,3,2.9974549,86,10,16,9.9979687,99.979687,25.921341,3857.0415,3848.6752,3848.0326,49.735494,0.18627986,0.091187143,0.80492946,0.071966791,2.5247744,4.2906961,0.0090307063,0.0071540072,0.014960021,0.010246038,0.0087686129,44.097506,0.65451111,0.012864517,0.074877475,0.12833874,0.11833333,0.6969451,0.53,0.16932821
single_s17,single,144,13,3,9.695,2.81,2.792688,78,10,16,9.9979687,99.979687,25.957789,3851.6257,3842.1631,3841.4626,52.009715,0.22720398,0.12300098,0.80492946,0.071966791,2.6468114,4.9057318,0.0096465907,0.0074865153,0.015109025,0.0098872919,0.0085516134,45.061162,0.68984384,0.017060233,0.069758084,0.14620466,0.072953737,0.66506205,0.5569395,0.16616271
single_s17,single,150,10,2,9.595,2.86,2.8554067,83,11,16,9.0890625,99.979687,26.00824,3844.1544,3836.411,3835.7339,51.239066,0.27681016,0.16860569,0.80492946,0.071966791,3.0671961,5.34283,0.0098018674,0.0074992703,0.015090886,0.00817414,0.0065188187,45.349283,0.70709048,0.0087771049,0.077448617,0.10525217,0.12762238,0.69603639,0.74125874,0.14529595
single_s17,single,156,9,2,9.67,2.86,2.7972878,83,10,17,9.9979687,99.979687,26.000763,3845.2598,3833.0764,3832.4371,49.884568,0.33293039,0.24480237,0.79718245,0.084226604,3.5679035,6.2463794,0.0097435254,0.0072889024,0.015651874,0.0072183297,0.0056947954,46.062854,0.72846216,0.0075795865,0.070141113,0.093299885,0.12412587,0.73518379,0.84965035,0.10295576
single_s17,single,162,9,2,9.93,2.94,2.804539,81,10,15,9.9979687,99.979687,25.994854,3846.1339,3833.4184,3832.7272,51.91433,0.39311194,0.30869388,0.86569538,0.053580391,3.8775454,6.6089283,0.0099564936,0.0074565297,0.015792046,0.0093573697,0.0078511026,45.101543,0.73110858,0.0088211313,0.061406274,0.13596412,0.06292517,0.74434569,0.68877551,0.10964337
single_s17,single,168,9,2,9.18,2.84,2.7076878,83,10,16,9.9859375,99.859375,25.993231,3841.7454,3838.1699,3837.2751,59.102439,0.45472458,0.38809899,0.87091366,0.046482166,3.9991424,6.9614275,0.010789258,0.0082851266,0.018253905,0.013681169,0.011705377,44.946919,0.7514197,0.011747126,0.05891614,0.10210429,0.035211268,0.67064108,0.41901408,0.14725337
single_s17,single,174,8,2,10.045,2.64,2.5363842,74,9,12,11.108854,99.979687,26.062529,3836.1468,3847.4601,3846.238,69.12139,0.51507555,0.47556709,0.88650209,0.039920299,4.214537,6.9225521,0.012139346,0.0093405925,0.021471189,0.01835991,0.016087223,44.988214,0.77486751,0.0092217716,0.059407475,0.10334671,0.034090909,0.60415592,0.25,0.14716884
single_s17,single,180,7,2,8.605,2.5,2.4316907,73,8,12,12.497461,99.979687,26.075394,3834.2541,3860.7316,3859.1651,78.298085,0.57152723,0.56883126,0.88636712,0.039116781,4.2021188,6.9294048,0.013583371,0.010538559,0.024875231,0.021547475,0.019272485,44.899099,0.78732146,0.0048499492,0.063345197,0.071084159,0.06,0.5814876,0.208,0.1535465
single_s17,single,186,7,2,7.435,2.47,2.4126903,70,8,11,12.497461,99.979687,25.991237,3846.6691,3876.704,3874.9022,83.990417,0.62161239,0.65648691,0.89570662,0.036480183,4.3904745,6.9592784,0.014690275,0.011617945,0.026852339,0.022142175,0.02009395,44.561754,0.75540929,0.012864517,0.058319142,0.092859621,0.034412955,0.51683922,0.16194332,0.16001839
single_s17,single,192,6,2,7.64,2.515,2.4635634,68,7,13,14.265625,99.859375,25.959528,3846.733,3893.4594,3891.6019,85.269223,0.66314209,0.64296043,0.80144215,0.060671641,4.5318516,7.0048734,0.015223154,0.012279622,0.02664208,0.020828029,0.018555919,43.995032,0.72648313,0.014063796,0.060102212,0.086415035,0.029821074,0.44692704,0.22862823,0.18420385
single_s17,single,198,9,2,9.735,2.575,2.5029584,68,10,14,9.9979687,99.979687,25.821987,3871.882,3908.7103,3906.9486,83.002046,0.69430127,0.70085609,0.78785058,0.076270578,4.7468979,6.9477273,0.015217065,0.012362887,0.025689685,0.018075471,0.015439993,43.278722,0.6832103,0.0085446454,0.059801952,0.10031505,0.050485437,0.4608614,0.34757282,0.21057215
single_s17,single,204,14,4,10.305,2.45,2.4063487,74,11,13,9.0890625,99.979687,25.580969,3908.3621,3920.229,3918.6117,79.459082,0.71372812,0.69806201,0.75415868,0.097645977,4.9243414,7.0317,0.014936171,0.012282045,0.025137953,0.016396316,0.014265056,42.503206,0.67115405,0.01845499,0.064736432,0.06326683,0.032653061,0.43882883,0.34285714,0.20528546
single_s17,single,210,11,2,10.375,2.44,2.4438066,67,10,12,9.9979687,99.979687,25.430213,3931.5316,3926.2945,3924.7621,77.290611,0.72057361,0.72840666,0.75336448,0.098418739,4.9849295,7.0176389,0.014725801,0.012127086,0.023912756,0.016312997,0.013665184,41.027956,0.63045437,0.02425679,0.056676957,0.049550843,0.06557377,0.48028233,0.37909836,0.1822526
single_s17,single,216,9,2,11.795,2.285,2.2700725,66,10,14,9.9979687,99.979687,25.459238,3927.0495,3926.0017,3924.4414,78.009008,0.71453855,0.75372429,0.76213335,0.096454448,4.8758084,6.9807325,0.014813294,0.012112607,0.024167298,0.017513654,0.014084959,38.737401,0.63313329,0.015341442,0.075298367,0.035597993,0.096280088,0.48423062,0.43107221,0.17583795
single_s17,single,222,15,5,11.995,2.165,2.1427673,63,12,12,8.3316406,99.979687,25.360058,3942.4077,3919.3858,3917.7076,80.986568,0.69588669,0.75172112,0.75904716,0.094686921,4.7791632,6.9181858,0.015166994,0.012503694,0.024072563,0.019038174,0.015823292,38.390421,0.6213106,0.016363736,0.082098686,0.03525899,0.087759815,0.47212512,0.35334873,0.19454301
single_s17,single,228,9,2,9.875,2.08,2.0398516,67,10,14,9.9979687,99.979687,25.255387,3958.7471,3907.3912,3905.5892,83.990979,0.66543323,0.74087027,0.75342781,0.077139463,4.6648749,7.0280423,0.015518726,0.012763413,0.025071075,0.020270478,0.017278754,37.651235,0.62595351,0.020376303,0.076393744,0.045097131,0.050480769,0.43849687,0.34134615,0.18744067
single_s17,single,234,9,2,10.69,2.38,2.340648,77,10,12,9.9979687,99.979687,25.351673,3943.7117,3891.7099,3889.8854,84.518741,0.62450911,0.7998357,0.82248864,0.054826013,4.4509625,6.9093698,0.015514206,0.012665619,0.02590611,0.020396202,0.017454055,38.607348,0.57419024,0.020009122,0.064912537,0.048704655,0.088235294,0.46400313,0.33613445,0.18323527
single_s17,single,240,9,2,10.605,2.24,2.1376059,61,10,13,9.9979687,99.979687,25.569932,3910.0491,3874.4862,3872.8146,80.845191,0.57490293,0.74200645,0.80652116,0.076452629,4.2280818,6.9688494,0.014880165,0.012069831,0.024973215,0.01908934,0.016236288,37.604612,0.60744196,0.021253309,0.069871672,0.063025565,0.091517857,0.45219789,0.265625,0.17935214
single_s17,single,246,6,1,9.545,2.175,2.0784172,59,7,12,14.282813,99.979687,25.783403,3877.6761,3857.9274,3856.5731,72.686043,0.5187827,0.70180498,0.81264773,0.075266766,4.0520029,6.994324,0.013552829,0.010896145,0.022561535,0.016029465,0.013491643,39.109429,0.61156439,0.013161255,0.078983377,0.097150435,0.08045977,0.48606828,0.34482759,0.17636715
single_s17,single,252,6,1,9.51,2.18,2.0589245,59,7,12,14.282813,99.979687,25.87445,3864.0315,3843.9436,3842.969,61.566445,0.45860115,0.58127658,0.7592521,0.077058277,3.8614157,6.9115801,0.011748264,0.0093262172,0.019753262,0.012085935,0.0095209731,40.526203,0.627169,0.018491972,0.065535071,0.081757041,0.11697248,0.58081047,0.52752294,0.16631064
single_s17,single,258,5,1,8.65,2.02,1.9846579,55,6,12,16.643229,99.859375,25.913098,3853.6255,3833.9267,3833.2607,50.799698,0.39698851,0.52023608,0.7592521,0.077058277,3.641893,6.8043902,0.0099484407,0.0077221661,0.01576789,0.0088598151,0.0069337986,41.764233,0.63920701,0.017245144,0.057372574,0.13162135,0.14356436,0.67284152,0.69554455,0.15316788
single_s17,single,264,14,1,11.285,1.745,1.7856692,47,11,12,9.0890625,99.979687,26.036556,3839.9737,3828.6499,3828.1387,44.424781,0.33663754,0.43980033,0.73933882,0.1028091,3.3499079,6.5431539,0.0087353312,0.0068804394,0.014776662,0.00793072,0.0066609553,42.948167,0.65744305,0.017200237,0.058996268,0.11266886,0.14899713,0.76054917,0.76504298,0.16555251
single_s17,single,270,7,2,9.725,1.615,1.6472028,53,8,11,12.497461,99.979687,26.052493,3837.6246,3828.2029,3827.7057,43.761474,0.28018587,0.37935727,0.73099529,0.10577735,3.0613806,5.3588394,0.0083630431,0.006671399,0.013896847,0.0090121645,0.0075463275,45.07327,0.66283203,0.01548761,0.070478356,0.12022644,0.16718266,0.73556154,0.6377709,0.17562046
single_s17,single,276,7,2,8.795,1.64,1.6499407,42,8,10,12.497461,99.979687,26.097745,3830.9704,3831.9431,3831.4067,45.414031,0.2301007,0.32434146,0.74289176,0.095443212,2.7558056,4.1812337,0.0084503313,0.0068824357,0.014204687,0.010077921,0.0084810191,48.067281,0.64456358,0.016857712,0.062362528,0.10101948,0.15853659,0.72409266,0.51829268,0.19195514
single_s17,single,282,9,1,9.91,1.83,1.8745548,45,10,11,9.9859375,99.859375,26.102486,3825.6652,3838.5217,3837.9856,45.368244,0.188571,0.24894221,0.74426254,0.090163703,2.5374011,4.1276261,0.0084058892,0.0068355302,0.014476449,0.010150099,0.0086188822,51.129823,0.60737139,0.024027853,0.060761727,0.12095023,0.14480874,0.72398171,0.44808743,0.19495686
single_s17,single,288,11,1,10.115,1.86,1.7674463,46,10,11,9.9979687,99.979687,26.190583,3817.3907,3846.0781,3845.6106,42.356875,0.15741183,0.19647945,0.74426254,0.090163703,2.7909089,4.1051305,0.0079656469,0.0063977749,0.013431623,0.0094272993,0.0083919957,52.196637,0.59681344,0.019909623,0.073883358,0.13763536,0.064516129,0.72136478,0.63172043,0.19757643
single_s17,single,294,9,1,9.565,1.92,1.8112352,50,9,12,11.108854,99.979687,26.142499,3824.412,3852.6395,3852.2613,38.07756,0.13798497,0.15120212,0.72845841,0.091970791,2.9196081,4.0846783,0.0073081485,0.0059279369,0.012955894,0.0085531106,0.0076839712,54.661269,0.59831823,0.012091413,0.073437811,0.12291821,0.0625,0.80119435,0.6953125,0.19853093
single_s17,single,300,8,1,9.925,1.915,1.7620989,52,7,10,14.282813,99.979687,26.073622,3834.5148,3856.6023,3856.2619,36.105237,0.13113948,0.1181491,0.79899712,0.082500131,2.8789634,4.12115,0.0069157752,0.0055245635,0.012384043,0.0074773615,0.0061288834,55.692545,0.61279337,0.00970254,0.067136751,0.13546926,0.12532637,0.82958434,0.81723238,0.18206065
single_s17,single,306,5,1,10.615,1.96,1.8221639,59,6,11,16.663281,99.979687,25.863399,3865.6824,3857.0996,3856.7063,38.827905,0.13717454,0.10517725,0.80487779,0.07821709,2.7768743,4.1247774,0.0072042864,0.0056426697,0.013141768,0.0077832645,0.0059745978,57.062251,0.60288497,0.0089311973,0.0551149,0.16583692,0.17602041,0.79513367,0.74489796,0.16804
single_s17,single,312,13,1,10.4,1.95,1.7934478,58,10,11,9.9979687,99.979687,25.899263,3860.3295,3854.1614,3853.6445,44.550763,0.1558264,0.10749407,0.80487779,0.07821709,2.702567,4.1277897,0.0080738025,0.0062704998,0.013844613,0.0075823032,0.0059221368,55.229973,0.57895214,0.0081642572,0.086195784,0.16652461,0.13076923,0.73524983,0.74358974,0.17594362
single_s17,single,318,17,1,10.72,1.74,1.6724753,56,10,9,9.9979687,99.979687,25.921129,3857.0731,3848.6752,3848.0326,49.735494,0.18627986,0.16145819,0.76240536,0.10164205,2.5247744,4.2906961,0.0090307063,0.0071540072,0.014960021,0.0083780186,0.0071914139,54.495105,0.60978638,0.012864517,0.074877475,0.12833874,0.034482759,0.6969451,0.68965517,0.16932821
single_s17,single,324,13,2,13.485,1.68,1.6827524,41,10,9,9.9979687,99.979687,25.957789,3851.6257,3842.1631,3841.4626,52.009715,0.22720398,0.19994406,0.76240536,0.10164205,2.6468114,4.9057318,0.0096465907,0.0074865153,0.015109025,0.0083817536,0.0074519021,54.500358,0.58974452,0.017060233,0.069758084,0.14620466,0.029761905,0.66506205,0.76190476,0.16616271
single_s17,single,330,10,2,11.28,1.54,1.555853,39,11,9,9.0890625,99.979687,26.008233,3844.1553,3836.411,3835.7339,51.239066,0.27681016,0.24896841,0.76240536,0.10164205,3.0671961,5.34283,0.0098018674,0.0074992703,0.015090886,0.0074149956,0.0062356036,54.289522,0.62785847,0.0087771049,0.077448617,0.10525217,0.081168831,0.69603639,0.81168831,0.14529595
single_s17,single,336,9,1,10.14,1.605,1.5615128,43,10,10,9.9979687,99.979687,26.00062,3845.2809,3833.0764,3832.4371,49.884568,0.33293039,0.27557341,0.69452196,0.10238118,3.5679035,6.2463794,0.0097435254,0.0072889024,0.015651874,0.0085848069,0.0070642466,53.032963,0.63913596,0.0075795865,0.070141113,0.093299885,0.068535826,0.73518379,0.76323988,0.10295576
single_s17,single,342,9,1,10.285,1.605,1.5055811,50,10,10,9.9979687,99.979687,25.994686,3846.1587,3833.4184,3832.7272,51.91433,0.39311194,0.33266812,0.69452196,0.10238118,3.8775454,6.6089283,0.0099564936,0.0074565297,0.015792046,0.011393006,0.0096415499,52.287643,0.64386032,0.0088211313,0.061406274,0.13596412,0.07165109,0.74434569,0.57009346,0.10964337
single_s17,single,348,9,1,10.64,1.745,1.577777,56,10,11,9.9859375,99.859375,25.992933,3841.7894,3838.1699,3837.2751,59.102439,0.45472458,0.42070169,0.74342159,0.086468798,3.9991424,6.9614275,0.010789258,0.0082851266,0.018253905,0.014644643,0.012579128,51.570534,0.63646873,0.011747126,0.05891614,0.10210429,0.094555874,0.67064108,0.35243553,0.14725337
single_s17,single,354,8,1,9.33,1.72,1.5536072,49,9,11,11.108854,99.979687,26.06324,3836.0422,3847.4601,3846.238,69.12139,0.51507555,0.48764366,0.74342159,0.086468798,4.214537,6.9225521,0.012139346,0.0093405925,0.021471189,0.017406446,0.014796584,47.532808,0.62475194,0.0092217716,0.059407475,0.10334671,0.11918605,0.60415592,0.30523256,0.14716884
single_s23,single,0,10,1,9.67,2.065,2.0440591,59,11,12,9.0890625,99.979687,25.59929,3905.5648,3877.2473,3875.7534,76.388512,0.5916378,0.71342474,0.84604582,0.056259517,4.4188284,6.989381,0.014279273,0.011603134,0.023968825,0.014901812,0.013035289,33.950706,0.65029266,0.0092943771,0.049599793,0.068352344,0.026634383,0.4496583,0.36319613,0.19463973
single_s23,single,6,14,1,10.555,1.97,1.9464981,51,11,12,9.0890625,99.979687,25.532636,3915.7606,3888.46,3886.9905,75.77272,0.62758194,0.76137915,0.84604582,0.056259517,4.7698126,7.018536,0.013864243,0.011433561,0.023161091,0.016304484,0.0142092,33.865508,0.64555832,0.00074715896,0.047713063,0.06149127,0.017766497,0.52068132,0.31725888,0.19641959
single_s23,single,12,10,2,10.395,1.99,1.9815103,60,9,13,11.095486,99.859375,25.347263,3939.6511,3896.6809,3895.2323,75.297691,0.65522842,0.79406762,0.84192409,0.059092283,5.0230133,7.0227511,0.01351544,0.011306354,0.0222104,0.016573516,0.014392888,33.298595,0.62153485,0.0022116956,0.05620247,0.040050523,0.022613065,0.47221935,0.27386935,0.20539601
single_s23,single,18,14,2,9.58,1.925,1.9317162,51,10,11,9.9979687,99.979687,25.337545,3945.9106,3900.7746,3899.2589,77.057864,0.67336895,0.83187631,0.84988135,0.060024175,5.0364135,7.0574652,0.013706065,0.011516468,0.021733952,0.016410885,0.014145415,32.982727,0.6233126,0.011681257,0.055237208,0.0435069,0.018181818,0.46060554,0.32207792,0.2086921
single_s23,single,24,7,2,9.54,1.88,1.9171522,54,8,9,12.497461,99.979687,25.30529,3950.9402,3900.3061,3898.6164,81.317307,0.6812107,0.83775592,0.8577096,0.060470018,4.9344876,7.020996,0.014535797,0.012100576,0.022581815,0.015995632,0.013639611,32.911402,0.63605312,0.012627249,0.072364053,0.031887833,0.018617021,0.4522773,0.35106383,0.18388519
single_s23,single,30,7,2,9.245,1.825,1.882446,56,8,10,12.497461,99.979687,25.422375,3932.7438,3895.647,3893.7519,86.05287,0.67841096,0.8295686,0.86112372,0.058459685,4.6609832,7.0083549,0.015605979,0.01286572,0.024645328,0.015548791,0.013233505,32.959484,0.64039872,0.0076485252,0.062441642,0.053184053,0.02739726,0.42555827,0.41369863,0.17812602
single_s23,single,36,7,2,9.6,2.13,2.1565276,54,8,10,12.497461,99.979687,25.556163,3912.1556,3887.8551,3885.8522,88.457703,0.66509208,0.80331776,0.86112372,0.058459685,4.5069305,7.0167828,0.016333599,0.013487057,0.02592015,0.014319983,0.011683065,34.064836,0.60333676,0.0094967144,0.061025281,0.066828245,0.030516432,0.40522293,0.49061033,0.19555506
single_s23,single,42,8,2,10.265,2,2.0555751,56,9,10,11.108854,99.979687,25.674742,3894.0874,3878.3588,3876.4393,86.675785,0.64183616,0.76172795,0.86112372,0.058459685,4.4799705,7.005611,0.016313168,0.013461686,0.026948777,0.013769875,0.010525756,31.956065,0.65340011,0.0085980215,0.050039504,0.080629225,0.1125,0.42641054,0.545,0.20245993
single_s23,single,48,11,2,10.905,2.075,2.1483475,53,10,9,9.9979687,99.979687,25.734219,3885.0874,3868.5867,3866.9246,80.766275,0.6096596,0.72887677,0.8638957,0.049625232,4.5024952,7.0164003,0.015499306,0.01259943,0.026562,0.013437785,0.009785339,31.578391,0.66334795,0.018476637,0.051375281,0.078802058,0.069879518,0.46297052,0.65301205,0.1990018
single_s23,single,54,13,2,12.28,2.26,2.2596082,57,10,10,9.9979687,99.979687,25.858967,3866.3451,3859.7318,3858.3812,72.850294,0.56996867,0.67745575,0.86314161,0.054032695,4.5226018,7.0202036,0.014225338,0.011241281,0.025557663,0.013463877,0.0094247729,31.401567,0.63552761,0.019648616,0.055593707,0.069632937,0.090707965,0.54813613,0.65265487,0.1496569
single_s23,single,60,13,2,13.03,2.35,2.4432655,65,10,10,9.9979687,99.979687,26.138756,3824.9596,3852.712,3851.5899,66.316251,0.52449806,0.60490408,0.86314161,0.054032695,4.5133839,6.9865408,0.013061094,0.0099264059,0.023042307,0.012934341,0.0087593102,32.125461,0.62583539,0.020792567,0.067976574,0.084374655,0.14042553,0.58843454,0.74893617,0.13822703
single_s23,single,66,14,3,10.76,2.355,2.4560853,75,11,10,9.0890625,99.979687,26.194402,3816.8341,3848.1931,3847.1495,63.816467,0.47523503,0.5260754,0.86314161,0.054032695,4.0985009,6.8264763,0.012475406,0.009688724,0.021378355,0.010635907,0.0067807139,31.811891,0.63767298,0.015965377,0.067963436,0.088166509,0.26539278,0.59870206,0.74309979,0.154873
single_s23,single,72,11,4,9.09,2.24,2.3154033,60,9,10,11.108854,99.979687,26.155681,3822.4846,3846.5238,3845.4368,65.131182,0.42433264,0.44441491,0.86314161,0.054032695,3.5999328,6.6638559,0.012471037,0.0097686517,0.020122991,0.0077991081,0.0052384096,31.540627,0.66065214,0.013970909,0.081565583,0.12025318,0.30357143,0.58458926,0.828125,0.14506008
single_s23,single,78,6,2,8.375,2.18,2.2768606,55,7,10,14.265625,99.859375,26.170311,3815.7504,3847.6005,3846.4309,67.690024,0.37401555,0.36349156,0.86314161,0.054032695,3.1849827,6.543596,0.012641226,0.0096712455,0.017199216,0.0056800317,0.0044877644,31.945426,0.66213463,0.012077172,0.070109437,0.082511575,0.16972477,0.57784555,0.93807339,0.10763118
single_s23,single,84,13,6,9.405,2.16,2.2406651,61,8,10,12.497461,99.979687,26.187055,3817.905,3850.7898,3849.5825,68.903247,0.32648287,0.2868421,0.86314161,0.054032695,2.9471065,5.9561584,0.012561019,0.0093116124,0.015560776,0.0062226779,0.0051160898,31.746718,0.65228983,0.008213493,0.058897673,0.13036829,0.10648148,0.59231837,0.91666667,0.097784976
single_s23,single,90,9,2,9.18,2.13,2.1682814,53,10,10,9.9979687,99.979687,25.834192,3870.0528,3855.0065,3853.8539,67.347095,0.28381199,0.21781646,0.86314161,0.054032695,2.8778514,5.4280615,0.012014037,0.0089712527,0.015147758,0.0079313329,0.0065160847,31.844253,0.66952423,0.0087311612,0.051299951,0.11924937,0.14319249,0.64143377,0.73943662,0.10035317
single_s23,single,96,7,2,8.655,2.25,2.3321963,65,8,11,12.497461,99.979687,25.669111,3894.9415,3858.9278,3857.9209,62.857509,0.24786785,0.16241735,0.85302165,0.053136925,2.9851287,5.0275203,0.011019101,0.0084623886,0.015416973,0.0093998221,0.0077161434,32.155297,0.62714713,0.0043366753,0.053254127,0.088169136,0.16,0.64010588,0.56222222,0.11998602
single_s23,single,102,9,3,9.375,2.525,2.5875748,60,10,13,9.9859375,99.859375,25.674552,3889.43,3861.2754,3860.4581,56.479663,0.22022137,0.1113801,0.85895454,0.05389885,3.1182708,5.2652495,0.0098297963,0.0077123843,0.014594532,0.00973909,0.007783214,32.298857,0.57587139,0.0084964149,0.050190162,0.12970872,0.17821782,0.65956705,0.49108911,0.15285663
single_s23,single,108,9,3,10.175,2.7,2.7782717,72,10,12,9.9979687,99.979687,25.793754,3876.12,3861.1096,3860.4565,50.337996,0.20208084,0.077090188,0.86184246,0.05204342,3.1059445,4.1349985,0.0088981616,0.0070932911,0.013974921,0.0087512702,0.0069690091,31.793674,0.55059337,0.013370029,0.039319131,0.1337905,0.17962963,0.71614967,0.58333333,0.16477877
single_s23,single,114,10,3,10.255,2.655,2.706663,70,11,11,9.0890625,99.979687,25.898349,3860.4657,3858.0816,3857.5161,46.735079,0.19423909,0.063722824,0.87025017,0.054000695,2.9821579,4.1347027,0.0086128442,0.0067093729,0.013824874,0.0071163787,0.0057728735,32.262774,0.54884658,0.010309567,0.05025498,0.16353934,0.24858757,0.71563463,0.83239171,0.15936121
single_s23,single,120,16,7,11.935,2.975,3.0312645,72,12,10,8.3316406,99.979687,25.942907,3853.8351,3852.5623,3852.0077,46.234608,0.19703883,0.069332428,0.87206249,0.048969371,2.8915608,4.1332072,0.0088791293,0.0070491381,0.014514243,0.0057567204,0.0047366473,31.951002,0.53446428,0.017416775,0.05419136,0.11978281,0.17983193,0.71409476,0.93613445,0.16285875
single_s23,single,126,15,5,12.78,2.96,3.0423135,72,12,10,8.3316406,99.979687,25.944326,3853.6244,3845.5742,3844.9999,47.022211,0.21035771,0.094227342,0.87206249,0.048969371,2.8356082,4.0128645,0.0091888112,0.0073092786,0.014109275,0.0054697489,0.003923595,32.005672,0.53572646,0.011534102,0.057871972,0.15923245,0.22635135,0.61598219,0.92567568,0.21483141
single_s23,single,132,14,7,11.695,3.19,3.3885455,84,9,11,11.108854,99.979687,26.114314,3828.5396,3838.5297,3837.9557,46.975656,0.23361363,0.12790737,0.86344148,0.047035353,2.7734892,4.1266423,0.0091366774,0.0074750421,0.0140668,0.0063063793,0.0052307445,31.466825,0.50755242,0.019125693,0.05608247,0.12939865,0.068965517,0.63657067,0.9200627,0.21252512
single_s23,single,138,26,12,13,3.36,3.5822177,77,13,12,7.6907452,99.979687,26.157484,3822.2212,3832.877,3832.3315,45.776203,0.26579019,0.17680238,0.86261805,0.04636917,2.8430177,4.294272,0.0087551972,0.0072024744,0.014162536,0.0079013709,0.007039554,31.49949,0.49108776,0.014535877,0.068694828,0.15120991,0.061011905,0.71518616,0.8125,0.21609799
single_s23,single,144,15,2,13.645,3.72,4.2312685,87,10,13,9.9979687,99.979687,26.193919,3816.9045,3829.8037,3829.2683,45.390242,0.30548112,0.28488284,0.8432387,0.047206195,3.248589,4.2029924,0.0085671522,0.0069807235,0.013545555,0.0090607724,0.0078177903,29.855539,0.4538764,0.010449714,0.067292482,0.13476978,0.075268817,0.66894814,0.59946237,0.20191686
single_s23,single,150,16,2,13.005,3.54,3.8813399,83,11,13,9.0890625,99.979687,26.136272,3825.3233,3830.0968,3829.4909,48.43002,0.35095174,0.3571504,0.8432387,0.047206195,3.5467103,5.5047616,0.0092009106,0.0072335482,0.01438416,0.010212309,0.0083234465,31.896801,0.47428178,0.01404361,0.065463563,0.1204888,0.11158192,0.68664959,0.55508475,0.16403599
single_s23,single,156,11,4,10.99,3.25,3.3983848,104,10,14,9.9979687,99.979687,25.998557,3845.5861,3834.1057,3833.3235,55.204789,0.40021476,0.42671132,0.84822093,0.049709212,3.727124,6.1746409,0.010655515,0.0081587289,0.016061431,0.010444607,0.0082476584,32.101383,0.52985694,0.015943479,0.089743163,0.10432021,0.15692308,0.71859348,0.57538462,0.1162292
single_s23,single,162,8,3,9.955,3.1,3.3118503,86,9,13,11.108854,99.979687,25.894489,3861.0412,3841.7064,3840.6768,63.457931,0.45111715,0.50789734,0.85099691,0.048831823,3.8491465,6.6523578,0.012328916,0.0095228323,0.019188137,0.010585748,0.0081083644,32.545267,0.56386487,0.022478711,0.084141661,0.075563785,0.13709677,0.62151888,0.61451613,0.12233786
single_s23,single,168,8,2,11.065,3.06,3.1732047,91,9,13,11.095486,99.859375,25.729353,3881.146,3852.2578,3850.9846,70.594349,0.50143424,0.5845868,0.85099691,0.048831823,3.979338,6.8901197,0.013638568,0.010713526,0.022441049,0.01062581,0.0082371609,33.276118,0.56496609,0.025512894,0.071310322,0.083307786,0.071895425,0.52908577,0.73529412,0.13496686
single_s23,single,174,11,2,11.43,3.03,3.1202447,92,10,14,9.9979687,99.979687,25.64635,3898.3983,3864.6149,3863.1761,75.007987,0.54896693,0.65367162,0.84766601,0.05168301,4.1431559,6.7661748,0.014290009,0.011486012,0.023889327,0.011635895,0.0093897463,34.662671,0.57939651,0.020284534,0.057231675,0.068410154,0.044554455,0.50049489,0.67656766,0.16661032
single_s23,single,180,10,3,10.425,3.01,3.0202191,92,11,15,9.0890625,99.979687,25.596009,3906.0655,3877.2473,3875.7534,76.388512,0.5916378,0.72670017,0.86632474,0.045648706,4.4188284,6.989381,0.014279273,0.011603134,0.023968825,0.013038732,0.010698364,35.753913,0.60108467,0.0092943771,0.049599793,0.068352344,0.058139535,0.4496583,0.52159468,0.19463973
single_s23,single,186,14,5,10.485,3.02,3.0239369,90,11,17,9.0890625,99.979687,25.530983,3916.0139,3888.46,3886.9905,75.77272,0.62758194,0.77131133,0.86761719,0.044090757,4.7698126,7.018536,0.013864243,0.011433561,0.023161091,0.014557417,0.012528553,35.778922,0.60392516,0.00074715896,0.047713063,0.06149127,0.0082781457,0.52068132,0.45695364,0.19641959
single_s23,single,192,10,5,8.925,3.325,3.3793406,97,9,16,11.095486,99.859375,25.347027,3939.688,3896.6809,3895.2323,75.297691,0.65522842,0.79787935,0.85023008,0.049660082,5.0230133,7.0227511,0.01351544,0.011306354,0.0222104,0.015785838,0.013454747,35.148101,0.58343498,0.0022116956,0.05620247,0.040050523,0.021052632,0.47221935,0.38496241,0.20539601
single_s23,single,198,14,2,10.15,3.465,3.5188361,92,10,15,9.9979687,99.979687,25.338579,3945.7496,3900.7746,3899.2589,77.057864,0.67336895,0.82023677,0.84268783,0.04942189,5.0364135,7.0574652,0.013706065,0.011516468,0.021733952,0.017475062,0.014970625,35.79722,0.57725133,0.011681257,0.055237208,0.0435069,0.028860029,0.46060554,0.2987013,0.2086921
single_s23,single,204,7,2,8.735,3.525,3.5366861,86,8,15,12.497461,99.979687,25.305359,3950.9295,3900.3061,3898.6164,81.317307,0.6812107,0.83064765,0.84268783,0.04942189,4.9344876,7.020996,0.014535797,0.012100576,0.022581815,0.018716227,0.016493783,36.72056,0.59215427,0.012627249,0.072364053,0.031887833,0.041134752,0.4522773,0.24539007,0.18388519
single_s23,single,210,7,3,8.375,3.64,3.7046583,103,8,14,12.497461,99.979687,25.422452,3932.7319,3895.647,3893.7519,86.05287,0.67841096,0.81572842,0.83893842,0.048727022,4.6609832,7.0083549,0.015605979,0.01286572,0.024645328,0.018948515,0.016697836,36.352958,0.58998865,0.0076485252,0.062441642,0.053184053,0.019230769,0.42555827,0.28296703,0.17812602
single_s23,single,216,7,3,9.485,3.955,4.1073291,102,8,15,12.497461,99.979687,25.557773,3911.9092,3887.8551,3885.8522,88.457703,0.66509208,0.78895433,0.83925167,0.048614635,4.5069305,7.0167828,0.016333599,0.013487057,0.02592015,0.018653951,0.016206692,36.064178,0.5474016,0.0094967144,0.061025281,0.066828245,0.046776233,0.40522293,0.31731985,0.19555506
single_s23,single,222,8,3,10.565,3.86,3.9601743,100,9,15,11.108854,99.979687,25.677256,3893.7061,3878.3588,3876.4393,86.675785,0.64183616,0.74726113,0.83925167,0.048614635,4.4799705,7.005611,0.016313168,0.013461686,0.026948777,0.018302092,0.015321016,36.195325,0.55173012,0.0085980215,0.050039504,0.080629225,0.019430052,0.42641054,0.38601036,0.20245993
single_s23,single,228,13,3,10.845,3.645,3.8498623,96,10,14,9.9979687,99.979687,25.735447,3884.902,3868.5867,3866.9246,80.766275,0.6096596,0.69219237,0.83893842,0.048727022,4.5024952,7.0164003,0.015499306,0.01259943,0.026562,0.017513896,0.014056769,35.603621,0.55675254,0.018476637,0.051375281,0.078802058,0.038408779,0.46297052,0.46227709,0.1990018
single_s23,single,234,13,7,9.515,3.48,3.6239527,98,10,16,9.9979687,99.979687,25.858967,3866.3451,3859.7318,3858.3812,72.850294,0.56996867,0.64579018,0.8600757,0.042443632,4.5226018,7.0202036,0.014225338,0.011241281,0.025557663,0.015127147,0.011620638,34.870077,0.57597992,0.019648616,0.055593707,0.069632937,0.090517241,0.54813613,0.54454023,0.1496569
single_s23,single,240,15,10,9.51,3.28,3.5433949,88,10,15,9.9979687,99.979687,26.145247,3824.0101,3852.712,3851.5899,66.316251,0.52449806,0.60476998,0.8766013,0.041026071,4.5133839,6.9865408,0.013061094,0.0099264059,0.023042307,0.015192337,0.011592676,35.111151,0.58191288,0.020792567,0.067976574,0.084374655,0.10213415,0.58843454,0.58689024,0.13822703
single_s23,single,246,14,6,10.615,3.34,3.6250227,75,11,16,9.0890625,99.979687,26.195109,3816.7312,3848.1931,3847.1495,63.816467,0.47523503,0.51362336,0.86913722,0.039973131,4.0985009,6.8264763,0.012475406,0.009688724,0.021378355,0.013689178,0.010504827,34.992224,0.5652283,0.015965377,0.067963436,0.088166509,0.062874251,0.59870206,0.61676647,0.154873
single_s23,single,252,11,4,10.56,3.05,3.1502624,79,9,15,11.108854,99.979687,26.156404,3822.379,3846.5238,3845.4368,65.131182,0.42433264,0.42236819,0.84849486,0.046207747,3.5999328,6.6638559,0.012471037,0.0097686517,0.020122991,0.010911999,0.0086672382,34.98976,0.60660081,0.013970909,0.081565583,0.12025318,0.090163934,0.58458926,0.67704918,0.14506008
single_s23,single,258,6,2,9,2.78,2.821656,79,7,15,14.265625,99.859375,26.170236,3815.7614,3847.6005,3846.4309,67.690024,0.37401555,0.28297444,0.78092069,0.041836988,3.1849827,6.543596,0.012641226,0.0096712455,0.017199216,0.0084869698,0.0069248897,35.596292,0.62637789,0.012077172,0.070109437,0.082511575,0.086330935,0.57784555,0.80035971,0.10763118
single_s23,single,264,13,1,9.285,2.575,2.5148505,76,8,15,12.497461,99.979687,26.18749,3817.8416,3850.7898,3849.5825,68.903247,0.32648287,0.22763686,0.78092069,0.041836988,2.9471065,5.9561584,0.012561019,0.0093116124,0.015560776,0.0069481988,0.0058279093,35.252082,0.65292268,0.008213493,0.058897673,0.13036829,0.11067961,0.59231837,0.82524272,0.097784976
single_s23,single,270,9,2,9.48,2.36,2.2463544,71,10,15,9.9979687,99.979687,25.849575,3867.7498,3855.0065,3853.8539,67.347095,0.28381199,0.18204273,0.78092069,0.041836988,2.8778514,5.4280615,0.012014037,0.0089712527,0.015147758,0.0062770145,0.0053117761,34.100156,0.67973573,0.0087311612,0.051299951,0.11924937,0.11228814,0.64143377,0.87288136,0.10035317
single_s23,single,276,7,2,9.45,2.39,2.3137587,67,8,14,12.497461,99.979687,25.66998,3894.8098,3858.9278,3857.9209,62.857509,0.24786785,0.14034113,0.77874661,0.042963377,2.9851287,5.0275203,0.011019101,0.0084623886,0.015416973,0.0069266774,0.005288285,33.813452,0.69607511,0.0043366753,0.053254127,0.088169136,0.25523013,0.64010588,0.84309623,0.11998602
single_s23,single,282,9,3,9.545,2.39,2.2658281,69,10,15,9.9859375,99.859375,25.674716,3889.4053,3861.2754,3860.4581,56.479663,0.22022137,0.12253556,0.7796609,0.042803123,3.1182708,5.2652495,0.0098297963,0.0077123843,0.014594532,0.0074104549,0.0056868062,34.103389,0.67563316,0.0084964149,0.050190162,0.12970872,0.17991632,0.65956705,0.79916318,0.15285663
single_s23,single,288,9,3,10.8,2.52,2.4150735,70,10,16,9.9979687,99.979687,25.793754,3876.12,3861.1096,3860.4565,50.337996,0.20208084,0.11565479,0.7725034,0.041859233,3.1059445,4.1349985,0.0088981616,0.0070932911,0.013974921,0.0072898991,0.0055585725,33.642897,0.66028595,0.013370029,0.039319131,0.1337905,0.13888889,0.71614967,0.76984127,0.16477877
single_s23,single,294,10,3,11.44,2.64,2.5224742,69,11,17,9.0890625,99.979687,25.899046,3860.3618,3858.0816,3857.5161,46.735079,0.19423909,0.12027366,0.7779199,0.041161874,2.9821579,4.1347027,0.0086128442,0.0067093729,0.013824874,0.0068875736,0.0057111493,33.459655,0.62852197,0.010309567,0.05025498,0.16353934,0.12878788,0.71563463,0.77083333,0.15936121
single_s23,single,300,13,3,11.96,2.7,2.6375051,84,12,18,8.3316406,99.979687,25.943018,3853.8186,3852.5623,3852.0077,46.234608,0.19703883,0.15005487,0.78429605,0.044073929,2.8915608,4.1332072,0.0088791293,0.0070491381,0.014514243,0.0064797872,0.0057061361,33.041608,0.61948849,0.017416775,0.05419136,0.11978281,0.037037037,0.71409476,0.90555556,0.16285875
single_s23,single,306,17,4,12.575,2.915,2.9091069,73,12,18,8.3316406,99.979687,25.945119,3853.5066,3845.5742,3844.9999,47.022211,0.21035771,0.18958812,0.78429605,0.044073929,2.8356082,4.0128645,0.0091888112,0.0073092786,0.014109275,0.0066626159,0.0057177641,33.244384,0.61114436,0.011534102,0.057871972,0.15923245,0.051457976,0.61598219,0.83704974,0.21483141
single_s23,single,312,14,2,12.535,3.175,3.265401,76,9,17,11.108854,99.979687,26.113913,3828.5984,3838.5297,3837.9557,46.975656,0.23361363,0.24864014,0.7920303,0.044599002,2.7734892,4.1266423,0.0091366774,0.0074750421,0.0140668,0.0074893399,0.0063497048,33.080138,0.59160156,0.019125693,0.05608247,0.12939865,0.033070866,0.63657067,0.77795276,0.21252512
single_s23,single,318,26,4,15.89,3,3.1119742,80,13,18,7.6907452,99.979687,26.158892,3822.0154,3832.877,3832.3315,45.776203,0.26579019,0.29976304,0.78429605,0.044073929,2.8430177,4.294272,0.0087551972,0.0072024744,0.014162536,0.0080944038,0.0063823984,32.634692,0.59117737,0.014535877,0.068694828,0.15120991,0.088333333,0.71518616,0.69833333,0.21609799
single_s23,single,324,13,5,11.425,2.87,3.0285667,91,10,19,9.9979687,99.979687,26.194694,3816.7916,3829.8037,3829.2683,45.390242,0.30548112,0.36513308,0.78615824,0.043895268,3.248589,4.2029924,0.0085671522,0.0069807235,0.013545555,0.0083671444,0.0062119267,32.801648,0.59935741,0.010449714,0.067292482,0.13476978,0.28397213,0.66894814,0.7195122,0.20191686
single_s23,single,330,16,7,12.88,2.995,3.3706677,76,11,17,9.0890625,99.979687,26.136673,3825.2644,3830.0968,3829.4909,48.43002,0.35095174,0.42904221,0.77799498,0.045566848,3.5467103,5.5047616,0.0092009106,0.0072335482,0.01438416,0.0076492085,0.0058285076,32.220078,0.55522998,0.01404361,0.065463563,0.1204888,0.12687813,0.68664959,0.76293823,0.16403599
single_s23,single,336,11,4,12.25,2.725,3.0279512,74,10,16,9.9979687,99.979687,25.998248,3845.6317,3834.1057,3833.3235,55.204789,0.40021476,0.50172173,0.77546442,0.046532053,3.727124,6.1746409,0.010655515,0.0081587289,0.016061431,0.0067012914,0.0055300617,32.608603,0.58067021,0.015943479,0.089743163,0.10432021,0.073394495,0.71859348,0.8733945,0.1162292
single_s23,single,342,8,2,10.625,2.575,2.7243491,64,9,15,11.108854,99.979687,25.894489,3861.0412,3841.7064,3840.6768,63.457931,0.45111715,0.50450712,0.83441991,0.052175986,3.8491465,6.6523578,0.012328916,0.0095228323,0.019188137,0.0067847797,0.0055611032,33.0615,0.58130256,0.022478711,0.084141661,0.075563785,0.1223301,0.62151888,0.8815534,0.12233786
single_s23,single,348,8,1,9.78,2.575,2.7736543,76,9,14,11.095486,99.859375,25.72925,3881.1615,3852.2578,3850.9846,70.594349,0.50143424,0.57311829,0.84222591,0.053158559,3.979338,6.8901197,0.013638568,0.010713526,0.022441049,0.0083869448,0.007058105,32.628148,0.5835251,0.025512894,0.071310322,0.083307786,0.067961165,0.52908577,0.76699029,0.13496686
single_s23,single,354,11,1,9.2,2.285,2.3634376,62,10,13,9.9979687,99.979687,25.648509,3898.0702,3864.6149,3863.1761,75.007987,0.54896693,0.65923535,0.84852267,0.055081924,4.1431559,6.7661748,0.014290009,0.011486012,0.023889327,0.011766206,0.010128057,33.333326,0.6269268,0.020284534,0.057231675,0.068410154,0.041575492,0.50049489,0.4463895,0.16661032
single_s41,single,0,8,2,8.31,2.255,2.1927126,63,9,15,11.108854,99.979687,25.899832,3860.2446,3838.2767,3837.1272,67.095157,0.51310376,0.691397,0.75764565,0.050312175,3.9325583,6.9465392,0.013058006,0.010004951,0.023238806,0.021034335,0.01820585,43.317494,0.58398643,0.0089711944,0.068064374,0.12284379,0.013303769,0.57059714,0.3037694,0.1523161
single_s41,single,6,10,2,8.81,2.26,2.221534,63,11,16,9.0890625,99.979687,25.908313,3858.981,3844.6762,3843.4204,70.039655,0.56141724,0.72092533,0.75693451,0.05225679,4.1488201,7.0338205,0.014027812,0.010972569,0.024101067,0.020753107,0.01753063,42.555118,0.58459215,0.013833575,0.050607954,0.099188798,0.03539823,0.52564362,0.33185841,0.17421963
single_s41,single,12,11,2,10.59,2.37,2.2910352,67,10,15,9.9859375,99.859375,25.846117,3863.6123,3854.2077,3852.766,75.042776,0.60318236,0.74222612,0.75420276,0.054546715,4.2885688,6.855248,0.015124383,0.012245872,0.02656088,0.02100479,0.018176567,42.038158,0.57682732,0.010876589,0.052440856,0.060840163,0.029535865,0.47554222,0.27004219,0.19839013
single_s41,single,18,14,3,12.585,2.42,2.3291488,70,11,16,9.0890625,99.979687,25.772101,3879.3767,3865.611,3863.9606,80.367652,0.63657378,0.72107839,0.74097277,0.049208393,4.4636038,6.9007381,0.016041529,0.013149602,0.027405082,0.020437225,0.018603809,42.156158,0.5835482,0.014273006,0.048909298,0.061003048,0.0020661157,0.45090634,0.15082645,0.1940155
single_s41,single,24,11,1,11.065,2.52,2.3778304,68,10,17,9.9979687,99.979687,25.737455,3884.5988,3877.2523,3875.4277,84.582394,0.66013215,0.72531067,0.74330965,0.051855071,4.6253221,7.0371248,0.016616283,0.013512459,0.028103141,0.019224134,0.017261721,41.892924,0.59013736,0.013438892,0.051896713,0.051820641,0.011904762,0.42230842,0.21230159,0.18415381
single_s41,single,30,11,1,11.75,2.705,2.5072357,69,10,17,9.9979687,99.979687,25.781805,3877.9165,3887.3718,3885.4387,87.066113,0.67282784,0.6896343,0.73506568,0.059612963,4.6466077,6.925342,0.01683117,0.013827722,0.027899221,0.019160568,0.016516279,43.423635,0.57954973,0.0072609039,0.057152881,0.034125264,0.044362292,0.44586765,0.25693161,0.18313176
single_s41,single,36,9,1,11.785,2.655,2.5140344,71,10,17,9.9979687,99.979687,25.785119,3877.4181,3894.3798,3892.41,87.808764,0.67410599,0.7090723,0.77422242,0.048859325,4.699564,6.8506333,0.016753347,0.01367548,0.026360122,0.017968724,0.01509588,42.195043,0.5844352,0.0047075502,0.04759369,0.064620523,0.043314501,0.4379024,0.35969868,0.20568414
single_s41,single,42,9,1,11.28,2.715,2.5678252,81,10,15,9.9979687,99.979687,25.7702,3879.6628,3897.1196,3895.1781,87.074143,0.66391074,0.66189112,0.76959957,0.04741914,4.7283884,6.894976,0.016466157,0.013562154,0.026202041,0.016973138,0.013823883,43.588558,0.56075847,0.0063954664,0.055664543,0.052096292,0.051565378,0.45032282,0.44935543,0.21399037
single_s41,single,48,12,1,11.125,2.63,2.4581473,71,11,13,9.0890625,99.979687,25.77556,3878.8561,3895.0424,3893.1822,85.205144,0.64268767,0.60438237,0.76629499,0.039105701,4.6067448,7.0177677,0.016023226,0.013377137,0.025975824,0.015598551,0.012150436,43.516263,0.56992614,0.0061475593,0.045932623,0.055946459,0.14258555,0.38432583,0.48669202,0.22213819
single_s41,single,54,10,1,12.24,2.64,2.4435841,71,11,12,9.0890625,99.979687,25.788986,3876.8367,3888.2834,3886.5391,82.609807,0.61136434,0.62065927,0.80418628,0.032777978,4.4977698,7.0532086,0.015452305,0.012775448,0.025309483,0.014215396,0.011555318,45.937546,0.5429476,0.015713015,0.049551888,0.069384456,0.09469697,0.44845501,0.43560606,0.20470057
single_s41,single,60,9,1,10.905,2.595,2.3856959,63,10,12,9.9979687,99.979687,25.853417,3867.175,3877.6751,3876.0598,79.632887,0.57130972,0.56843377,0.80418628,0.032777978,4.3647786,7.0072541,0.014776535,0.011831583,0.025557197,0.011246275,0.0092643999,45.730459,0.55793705,0.0131883,0.060473225,0.059120923,0.088631985,0.47949799,0.58188825,0.16655867
single_s41,single,66,12,1,10.48,2.59,2.3436226,60,12,12,8.3316406,99.979687,25.962524,3850.9232,3864.7021,3863.2278,76.11345,0.52427439,0.50987912,0.80418628,0.032777978,4.2024478,6.647991,0.013985081,0.011028231,0.025681035,0.0087568458,0.0074520036,47.147541,0.56388486,0.013794196,0.073230149,0.05514367,0.071428571,0.57218303,0.72779923,0.16204444
single_s41,single,72,13,2,9.105,2.44,2.2822981,66,12,12,8.3316406,99.979687,26.104844,3829.9286,3851.3196,3850.0274,71.153806,0.47231402,0.44755445,0.80418628,0.032777978,3.7834068,6.6426709,0.012990579,0.010096649,0.023153286,0.007154146,0.006344079,47.816933,0.61885793,0.016046839,0.083411345,0.076793926,0.081967213,0.58994106,0.8442623,0.157549
single_s41,single,78,9,2,10.445,2.405,2.1827537,70,8,15,12.482422,99.859375,26.063874,3831.3327,3839.5659,3838.5231,63.771399,0.41769953,0.39861368,0.80397913,0.037152022,3.3916193,6.8785361,0.011701758,0.0089374485,0.019746496,0.0077781735,0.0066286084,49.101219,0.62866871,0.018166132,0.083677152,0.12870317,0.074844075,0.62589206,0.75467775,0.1429359
single_s41,single,84,8,2,11.435,2.37,2.1582323,63,9,16,11.108854,99.979687,26.042586,3839.0844,3831.0764,3830.3211,54.166651,0.36281783,0.33292169,0.8056472,0.036744442,3.2713105,6.6798189,0.010207251,0.0076951236,0.0155745,0.0089227781,0.0075266667,49.018023,0.63945418,0.025812768,0.0763536,0.14776159,0.11181435,0.67909364,0.61392405,0.1342323
single_s41,single,90,6,1,9.79,2.27,2.0787375,65,7,16,14.282813,99.979687,25.984717,3847.6343,3826.7608,3826.2465,44.632304,0.31006753,0.28515845,0.81175913,0.035950584,3.4473799,6.0735247,0.0088651009,0.0068436648,0.013387714,0.010196361,0.0087572371,49.668963,0.65536349,0.019616881,0.07021499,0.12194434,0.12334802,0.73896634,0.48237885,0.15196527
single_s41,single,96,6,1,10.345,2.32,2.1461625,65,7,17,14.282813,99.979687,26.033435,3840.434,3826.7835,3826.3912,38.886927,0.26175405,0.23526237,0.81253111,0.03665058,3.4269674,4.8949327,0.0080739079,0.0064608712,0.012850672,0.010814991,0.0094547194,49.522619,0.63621833,0.011753661,0.063559087,0.10221649,0.064655172,0.79293581,0.46982759,0.15017622
single_s41,single,102,7,1,9.915,2.485,2.3134862,66,8,16,12.482422,99.859375,26.026312,3836.8623,3830.6935,3830.3059,38.555404,0.21998893,0.20059829,0.76380399,0.03820248,3.1639211,4.1342002,0.0078482697,0.0064279832,0.012514226,0.010310129,0.0087700701,48.676686,0.58864327,0.021280633,0.073603352,0.086677991,0.10060362,0.7894848,0.5472837,0.17753013
single_s41,single,108,9,1,10.985,2.675,2.4166901,63,10,18,9.9979687,99.979687,25.967467,3850.1903,3837.5188,3837.0807,40.969336,0.1865975,0.25861912,0.70799969,0.061120281,2.9654236,4.1230581,0.0078416272,0.0064565257,0.012875544,0.0090087254,0.0079304664,47.559889,0.56036949,0.024019245,0.062250639,0.11166739,0.080373832,0.73590017,0.63551402,0.21037558
single_s41,single,114,13,1,12.1,2.79,2.6208243,72,10,18,9.9979687,99.979687,25.934736,3855.0493,3845.8635,3845.3829,42.9283,0.16303914,0.24022917,0.70799969,0.061120281,2.7114019,4.1129665,0.0077881258,0.0064011846,0.013126497,0.0082082911,0.007336159,47.283879,0.52546294,0.026908214,0.058282335,0.11648412,0.077060932,0.75663756,0.74193548,0.22482669
single_s41,single,120,10,1,12.525,2.95,2.7378439,73,10,19,9.9979687,99.979687,26.115436,3828.3753,3854.12,3853.6311,43.284165,0.15034345,0.21733808,0.7162272,0.066851339,2.4798354,4.127775,0.0076859906,0.0060315127,0.013363452,0.0083990153,0.0070459351,46.245558,0.51248404,0.017808143,0.066688802,0.18323199,0.1440678,0.74707568,0.69491525,0.18649595
single_s41,single,126,13,1,15.125,2.93,2.6422912,73,12,21,8.3316406,99.979687,26.184125,3818.3321,3860.7612,3860.2874,42.592192,0.1490653,0.20537334,0.72373745,0.069655267,2.4644565,4.0813252,0.0077117278,0.0059433633,0.013389232,0.0089178428,0.0074470088,45.601328,0.50007838,0.016248208,0.0700709,0.18514813,0.10238908,0.76893267,0.6774744,0.15871067
single_s41,single,132,10,2,11.95,2.77,2.5986471,76,11,19,9.0890625,99.979687,26.117684,3828.0456,3864.6091,3864.1412,42.388301,0.15926055,0.22901471,0.7118845,0.068653822,2.6820686,4.1028475,0.0080583849,0.0061547153,0.013026646,0.0094233974,0.0081567856,46.776668,0.51578899,0.014785824,0.061421895,0.15453652,0.064981949,0.72032498,0.66787004,0.15741475
single_s41,single,138,8,1,12.145,3.09,3.0050233,62,9,19,11.108854,99.979687,26.057592,3836.8736,3865.0192,3864.5104,44.400005,0.18048361,0.24373922,0.71447918,0.072052943,3.0028675,4.1347442,0.0087856176,0.0067333674,0.013714672,0.0094823689,0.0078414981,44.687887,0.4756887,0.014829678,0.053164888,0.12220568,0.13754045,0.7236856,0.64886731,0.14079155
single_s41,single,144,14,1,12.95,2.9,2.8419304,67,11,20,9.0890625,99.979687,25.985847,3847.4669,3861.983,3861.3595,49.365046,0.21180694,0.2673206,0.71174147,0.073560655,3.1940003,5.1783993,0.0097886322,0.007503061,0.013943953,0.0093835104,0.0076053967,45.666766,0.49299144,0.011174614,0.054452752,0.13847894,0.09137931,0.70282113,0.67413793,0.12710564
single_s41,single,150,9,1,12.42,2.74,2.6491191,65,10,18,9.9979687,99.979687,25.948567,3852.9945,3856.1801,3855.3745,56.185501,0.25186157,0.37879118,0.62162456,0.093264714,3.3414782,6.0568546,0.010848988,0.0083081177,0.014381765,0.009314709,0.0073945432,47.038294,0.51317898,0.0055667228,0.061685912,0.10371019,0.12956204,0.6343397,0.73905109,0.12199715
single_s41,single,156,23,14,12.295,2.775,2.6883831,80,12,17,8.3316406,99.979687,25.973024,3849.3665,3848.9419,3847.9426,62.559102,0.2988969,0.40817954,0.61651812,0.09458724,3.3672253,6.6493342,0.011702156,0.0090450109,0.016590689,0.010794432,0.0085847228,44.146964,0.49780617,0.0087581912,0.067044106,0.09269041,0.11171171,0.61759031,0.61621622,0.1058626
single_s41,single,162,9,2,10.775,2.54,2.4145079,68,10,17,9.9979687,99.979687,25.995497,3846.0386,3842.0272,3840.8992,66.464829,0.35085726,0.44074938,0.61651812,0.09458724,3.3065657,6.4366438,0.012168653,0.0091609076,0.020053488,0.013427078,0.011370437,45.208339,0.52523067,0.01760051,0.06252271,0.12765695,0.041338583,0.61073035,0.47244094,0.12052134
single_s41,single,168,11,2,10.235,2.275,2.2179092,69,10,17,9.9859375,99.859375,25.867372,3860.4376,3837.194,3836.0359,67.386569,0.40547175,0.47352003,0.61651812,0.09458724,3.4668884,6.3419738,0.012318819,0.0090441917,0.022445783,0.016553168,0.014258608,46.497555,0.56629304,0.014359818,0.060837479,0.14660707,0.015384615,0.64964461,0.32967033,0.12977266
single_s41,single,174,9,2,10.46,2.23,2.1339805,65,10,15,9.9979687,99.979687,25.88713,3862.1387,3835.7447,3834.609,66.751831,0.46035345,0.49057284,0.62685522,0.092074978,3.757819,6.6688306,0.012496965,0.0094018635,0.02370798,0.018611029,0.015493356,44.984346,0.57382182,0.015674531,0.073791296,0.10469914,0.053811659,0.59771299,0.42152466,0.15399685
single_s41,single,180,8,2,10.615,2.285,2.2407275,68,9,16,11.108854,99.979687,25.899606,3860.2783,3838.2767,3837.1272,67.095157,0.51310376,0.57258543,0.66193641,0.066643843,3.9325583,6.9465392,0.013058006,0.010004951,0.023238806,0.020194839,0.01631459,47.15288,0.58384475,0.0089711944,0.068064374,0.12284379,0.04595186,0.57059714,0.41356674,0.1523161
single_s41,single,186,10,2,10.72,2.29,2.2781934,59,11,15,9.0890625,99.979687,25.909339,3858.8283,3844.6762,3843.4204,70.039655,0.56141724,0.59930457,0.66306037,0.069568426,4.1488201,7.0338205,0.014027812,0.010972569,0.024101067,0.019723693,0.015425616,48.899438,0.58464635,0.013833575,0.050607954,0.099188798,0.048034934,0.52564362,0.49563319,0.17421963
single_s41,single,192,11,2,11.335,2.44,2.4534981,65,10,14,9.9859375,99.859375,25.843662,3863.9793,3854.2077,3852.766,75.042776,0.60318236,0.62665169,0.65600421,0.068268869,4.2885688,6.855248,0.015124383,0.012245872,0.02656088,0.01889464,0.01487581,50.214761,0.56673583,0.010876589,0.052440856,0.060840163,0.077868852,0.47554222,0.44467213,0.19839013
single_s41,single,198,13,3,10.2,2.595,2.6096076,70,11,14,9.0890625,99.979687,25.771884,3879.4093,3865.611,3863.9606,80.367652,0.63657378,0.59864031,0.60966791,0.15001437,4.4636038,6.9007381,0.016041529,0.013149602,0.027405082,0.017395379,0.013855559,49.423268,0.55626891,0.014273006,0.048909298,0.061003048,0.080924855,0.45090634,0.45279383,0.1940155
single_s41,single,204,13,8,11.235,2.735,2.8261863,77,10,13,9.9979687,99.979687,25.736198,3884.7886,3877.2523,3875.4277,84.582394,0.66013215,0.60540438,0.60752029,0.15224942,4.6253221,7.0371248,0.016616283,0.013512459,0.028103141,0.016208967,0.013380458,49.098026,0.54361874,0.013438892,0.051896713,0.051820641,0.058500914,0.42230842,0.44972578,0.18415381
single_s41,single,210,11,3,11.125,2.745,2.8362873,75,10,13,9.9979687,99.979687,25.785057,3877.4275,3887.3718,3885.4387,87.066113,0.67282784,0.60461759,0.60752029,0.15224942,4.6466077,6.925342,0.01683117,0.013827722,0.027899221,0.014919662,0.011898501,49.472451,0.56094596,0.0072609039,0.057152881,0.034125264,0.069216758,0.44586765,0.55191257,0.18313176
single_s41,single,216,9,3,11.37,2.73,2.812451,76,10,13,9.9979687,99.979687,25.784877,3877.4545,3894.3798,3892.41,87.808764,0.67410599,0.59571032,0.60752029,0.15224942,4.699564,6.8506333,0.016753347,0.01367548,0.026360122,0.014469217,0.011013524,49.173599,0.58178383,0.0047075502,0.04759369,0.064620523,0.06043956,0.4379024,0.65750916,0.20568414
single_s41,single,222,9,4,9.72,2.875,2.8206834,74,10,13,9.9979687,99.979687,25.768255,3879.9556,3897.1196,3895.1781,87.074143,0.66391074,0.57907186,0.60752029,0.15224942,4.7283884,6.894976,0.016466157,0.013562154,0.026202041,0.014654783,0.010939802,48.683608,0.58213252,0.0063954664,0.055664543,0.052096292,0.060869565,0.45032282,0.59826087,0.21399037
single_s41,single,228,12,6,9.77,2.98,2.9701529,82,11,13,9.0890625,99.979687,25.773625,3879.1473,3895.0424,3893.1822,85.205144,0.64268767,0.55542938,0.60752029,0.15224942,4.6067448,7.0177677,0.016023226,0.013377137,0.025975824,0.015481092,0.012329902,47.13746,0.57974089,0.0061475593,0.045932623,0.055946459,0.068791946,0.38432583,0.47315436,0.22213819
single_s41,single,234,10,3,9.475,3.045,2.9800236,79,11,13,9.0890625,99.979687,25.786338,3877.2348,3888.2834,3886.5391,82.609807,0.61136434,0.52581618,0.60752029,0.15224942,4.4977698,7.0532086,0.015452305,0.012775448,0.025309483,0.015294688,0.012726758,48.943199,0.59265782,0.015713015,0.049551888,0.069384456,0.0065681445,0.44845501,0.44827586,0.20470057
single_s41,single,240,9,3,10.14,3.005,2.9151764,78,10,14,9.9979687,99.979687,25.851557,3867.4532,3877.6751,3876.0598,79.632887,0.57130972,0.50507197,0.65075769,0.11597151,4.3647786,7.0072541,0.014776535,0.011831583,0.025557197,0.014231831,0.01155602,48.050276,0.6111614,0.0131883,0.060473225,0.059120923,0.08985025,0.47949799,0.45757072,0.16655867
single_s41,single,246,12,3,10.28,2.755,2.702826,82,12,14,8.3316406,99.979687,25.961989,3851.0026,3864.7021,3863.2278,76.11345,0.52427439,0.45838756,0.66902343,0.11508953,4.2024478,6.647991,0.013985081,0.011028231,0.025681035,0.012491744,0.0097556473,46.012795,0.66443158,0.013794196,0.073230149,0.05514367,0.10163339,0.57218303,0.54264973,0.16204444
single_s41,single,252,11,3,10.615,2.84,2.7833021,81,12,14,8.3316406,99.979687,26.104808,3829.9338,3851.3196,3850.0274,71.153806,0.47231402,0.4118,0.66902343,0.11508953,3.7834068,6.6426709,0.012990579,0.010096649,0.023153286,0.010682678,0.0085627153,46.092451,0.652394,0.016046839,0.083411345,0.076793926,0.065140845,0.58994106,0.62852113,0.157549
single_s41,single,258,7,1,9.005,2.77,2.7235211,77,8,15,12.482422,99.859375,26.065171,3831.1422,3839.5659,3838.5231,63.771399,0.41769953,0.37298227,0.67097443,0.11862397,3.3916193,6.8785361,0.011701758,0.0089374485,0.019746496,0.0090631042,0.0075257141,44.700068,0.67637395,0.018166132,0.083677152,0.12870317,0.081227437,0.62589206,0.6732852,0.1429359
single_s41,single,264,8,1,8.23,2.775,2.7228435,85,9,17,11.108854,99.979687,26.041572,3839.234,3831.0764,3830.3211,54.166651,0.36281783,0.3257024,0.64234089,0.15474317,3.2713105,6.6798189,0.010207251,0.0076951236,0.0155745,0.0083418436,0.0071842702,44.479984,0.6640401,0.025812768,0.0763536,0.14776159,0.064864865,0.67909364,0.66126126,0.1342323
single_s41,single,270,6,1,8.055,2.86,2.8305057,81,7,17,14.282813,99.979687,25.98428,3847.699,3826.7608,3826.2465,44.632304,0.31006753,0.19554715,0.65682149,0.14520862,3.4473799,6.0735247,0.0088651009,0.0068436648,0.013387714,0.0079800826,0.0067725153,43.718514,0.64515936,0.019616881,0.07021499,0.12194434,0.10839161,0.73896634,0.72552448,0.15196527
single_s41,single,276,6,2,8.45,2.81,2.8063128,79,7,18,14.282813,99.979687,26.033493,3840.4255,3826.7835,3826.3912,38.886927,0.26175405,0.17179956,0.65359598,0.14731062,3.4269674,4.8949327,0.0080739079,0.0064608712,0.012850672,0.008332445,0.0070378885,44.076869,0.63356143,0.011753661,0.063559087,0.10221649,0.10498221,0.79293581,0.71174377,0.15017622
single_s41,single,282,7,3,9.575,3.03,3.0528546,77,8,18,12.482422,99.859375,26.026534,3836.8296,3830.6935,3830.3059,38.555404,0.21998893,0.15424653,0.65359598,0.14731062,3.1639211,4.1342002,0.0078482697,0.0064279832,0.012514226,0.0081580424,0.0065996897,42.501791,0.602232,0.021280633,0.073603352,0.086677991,0.14521452,0.7894848,0.67491749,0.17753013
single_s41,single,288,9,3,10.59,3.12,3.2450014,82,10,17,9.9979687,99.979687,25.967459,3850.1914,3837.5188,3837.0807,40.969336,0.1865975,0.14576803,0.6668013,0.14254399,2.9654236,4.1230581,0.0078416272,0.0064565257,0.012875544,0.007964431,0.0062327379,43.064436,0.56963215,0.024019245,0.062250639,0.11166739,0.26282051,0.73590017,0.68108974,0.21037558
single_s41,single,294,15,3,13.06,3.205,3.2854636,81,10,17,9.9979687,99.979687,25.934043,3855.1524,3845.8635,3845.3829,42.9283,0.16303914,0.14138148,0.68201001,0.13755042,2.7114019,4.1129665,0.0077881258,0.0064011846,0.013126497,0.0078701082,0.0062355319,43.090703,0.55202454,0.026908214,0.058282335,0.11648412,0.2199688,0.75663756,0.71762871,0.22482669
single_s41,single,300,10,2,13.18,3.13,3.2147703,69,10,17,9.9979687,99.979687,26.114865,3828.4589,3854.12,3853.6311,43.284165,0.15034345,0.16091893,0.6668013,0.14254399,2.4798354,4.127775,0.0076859906,0.0060315127,0.013363452,0.007842983,0.0062523487,43.232766,0.54261635,0.017808143,0.066688802,0.18323199,0.20926518,0.74707568,0.73961661,0.18649595
single_s41,single,306,15,3,12.825,3.165,3.0708081,80,12,16,8.3316406,99.979687,26.183308,3818.4514,3860.7612,3860.2874,42.592192,0.1490653,0.18618697,0.67052576,0.14260195,2.4644565,4.0813252,0.0077117278,0.0059433633,0.013389232,0.0079340791,0.0063647579,43.461368,0.53454223,0.016248208,0.0700709,0.18514813,0.19589258,0.76893267,0.7014218,0.15871067
single_s41,single,312,12,2,12.555,3.275,3.2825455,74,11,17,9.0890625,99.979687,26.117715,3828.0412,3864.6091,3864.1412,42.388301,0.15926055,0.20801,0.69150166,0.1338933,2.6820686,4.1028475,0.0080583849,0.0061547153,0.013026646,0.0084126037,0.0069248982,43.913596,0.49114797,0.014785824,0.061421895,0.15453652,0.19236641,0.72032498,0.71145038,0.15741475
single_s41,single,318,8,2,11.855,3.29,3.1905063,74,9,15,11.108854,99.979687,26.056451,3837.0416,3865.0192,3864.5104,44.400005,0.18048361,0.31290603,0.72548769,0.08697737,3.0028675,4.1347442,0.0087856176,0.0067333674,0.013714672,0.0093832477,0.007647681,42.83715,0.47926149,0.014829678,0.053164888,0.12220568,0.15653495,0.7236856,0.63069909,0.14079155
single_s41,single,324,14,2,14.78,3.09,2.9591104,76,11,15,9.0890625,99.979687,25.985969,3847.4489,3861.983,3861.3595,49.365046,0.21180694,0.36541848,0.74579968,0.072149844,3.1940003,5.1783993,0.0097886322,0.007503061,0.013943953,0.010892427,0.0088822332,43.201614,0.49594563,0.011174614,0.054452752,0.13847894,0.10355987,0.70282113,0.59546926,0.12710564
single_s41,single,330,9,2,13.645,3.31,3.0719448,81,10,16,9.9979687,99.979687,25.949683,3852.8289,3856.1801,3855.3745,56.185501,0.25186157,0.4374877,0.74542265,0.071761047,3.3414782,6.0568546,0.010848988,0.0083081177,0.014381765,0.012687353,0.010209704,42.282907,0.47094584,0.0055667228,0.061685912,0.10371019,0.087613293,0.6343397,0.53323263,0.12199715
single_s41,single,336,27,2,12.28,3.115,2.8947304,82,12,19,8.3316406,99.979687,25.970531,3849.736,3848.9419,3847.9426,62.559102,0.2988969,0.47107939,0.75382434,0.071347281,3.3672253,6.6493342,0.011702156,0.0090450109,0.016590689,0.014299058,0.011695588,42.637739,0.50311196,0.0087581912,0.067044106,0.09269041,0.069020867,0.61759031,0.47993579,0.1058626
single_s41,single,342,9,2,10.825,2.885,2.6545259,81,10,19,9.9979687,99.979687,25.997272,3845.7762,3842.0272,3840.8992,66.464829,0.35085726,0.5311989,0.75382434,0.071347281,3.3065657,6.4366438,0.012168653,0.0091609076,0.020053488,0.016694782,0.014003248,43.373987,0.531201,0.01760051,0.06252271,0.12765695,0.067590988,0.61073035,0.41074523,0.12052134
single_s41,single,348,11,2,12.82,2.725,2.6040415,73,10,17,9.9859375,99.859375,25.866971,3860.4975,3837.194,3836.0359,67.386569,0.40547175,0.60268558,0.76745572,0.053499882,3.4668884,6.3419738,0.012318819,0.0090441917,0.022445783,0.018833062,0.015977707,44.465848,0.54313409,0.014359818,0.060837479,0.14660707,0.062385321,0.64964461,0.38348624,0.12977266
single_s41,single,354,9,2,9.22,2.42,2.3477186,63,10,16,9.9979687,99.979687,25.88713,3862.1387,3835.7447,3834.609,66.751831,0.46035345,0.65546668,0.76513447,0.051259919,3.757819,6.6688306,0.012496965,0.0094018635,0.02370798,0.020125638,0.017175047,44.116395,0.55861706,0.015674531,0.073791296,0.10469914,0.045454545,0.59771299,0.33264463,0.15399685
single_s53,single,0,10,2,9.68,1.47,1.414183,41,11,10,9.0890625,99.979687,26.166907,3820.8447,3851.5223,3849.9448,78.67006,0.54559845,0.42155034,0.82756772,0.055950669,3.7965193,6.939003,0.014196564,0.01106957,0.025001384,0.010022419,0.0079558946,33.046534,0.71935152,0.021028899,0.051156929,0.071068616,0.091836735,0.55064052,0.63605442,0.1401468
single_s53,single,6,9,2,10.355,1.515,1.4452924,48,10,11,9.9979687,99.979687,26.209064,3814.6989,3864.1112,3862.4465,80.710706,0.60127712,0.50134456,0.82765993,0.05731301,4.2735564,7.020904,0.014500153,0.011521744,0.024184911,0.011828004,0.0096370315,32.469289,0.68940031,0.0081103343,0.051533919,0.069701912,0.10231023,0.46682761,0.56105611,0.16650217
single_s53,single,12,9,2,10.515,1.74,1.5873353,48,10,11,9.9859375,99.859375,26.177997,3814.6301,3878.5245,3876.9051,79.617398,0.64974411,0.57484545,0.82765993,0.05731301,4.8005624,7.0378783,0.01452854,0.011691297,0.023920624,0.01204264,0.0094464204,34.602375,0.6734984,0.0099861128,0.049682906,0.059940525,0.08045977,0.50537051,0.5862069,0.17850807
single_s53,single,18,8,1,10.895,1.785,1.6296364,49,9,11,11.108854,99.979687,25.957853,3851.6162,3892.6491,3891.1206,77.443379,0.68888115,0.64256244,0.82765993,0.05731301,5.1879695,6.9805402,0.014517792,0.011765093,0.023564026,0.012289614,0.010106261,35.053182,0.66516336,0.0071206204,0.063093117,0.083545065,0.042016807,0.50073472,0.59103641,0.18365018
single_s53,single,24,16,1,9.115,1.96,1.776139,47,9,11,11.108854,99.979687,25.621913,3902.1164,3904.3051,3902.7871,77.204346,0.71697779,0.70153598,0.82765993,0.05731301,5.3015052,6.962939,0.014753073,0.011979444,0.023829012,0.012420482,0.010903053,36.813023,0.63738,0.007031647,0.06936895,0.054845196,0.015306122,0.48710895,0.46428571,0.18800437
single_s53,single,30,6,1,9.015,2.005,1.820462,48,7,12,14.282813,99.979687,25.319335,3948.7486,3911.7772,3910.1241,80.440522,0.73280605,0.75308024,0.83191464,0.055805647,5.1768729,7.0078652,0.015307448,0.012556046,0.02514927,0.013825031,0.011997443,37.309181,0.61672184,0.02520606,0.066342938,0.060590856,0.0099750623,0.48848483,0.45386534,0.18656612
single_s53,single,36,8,1,9.395,2.115,1.9525473,56,7,12,14.282813,99.979687,25.180606,3970.5037,3914.1268,3912.2418,85.735507,0.73567418,0.78784937,0.83191464,0.055805647,4.8697761,6.9938714,0.015953646,0.01322283,0.026047291,0.016259089,0.013302688,38.220247,0.61307125,0.032416571,0.066218192,0.052486943,0.04964539,0.44927326,0.43498818,0.20462313
single_s53,single,42,7,2,9.6,2.175,2.0174242,60,8,12,12.497461,99.979687,25.24666,3960.1153,3911.2178,3909.1321,90.131179,0.72545681,0.79528092,0.82398227,0.055421544,4.5586295,6.9357133,0.016344387,0.013490804,0.026873646,0.018574633,0.014875527,38.433223,0.61065011,0.02034463,0.074866035,0.062729886,0.052873563,0.40834919,0.44597701,0.22150055
single_s53,single,48,7,2,9.56,2.075,1.9156145,56,8,13,12.497461,99.979687,25.285311,3954.062,3903.5619,3901.4271,91.24599,0.7026005,0.8059669,0.80824186,0.062474028,4.4760603,7.000342,0.016227476,0.013376558,0.025867379,0.018512212,0.014588605,39.514313,0.62555023,0.0083479023,0.090985806,0.049991103,0.048192771,0.42507893,0.48192771,0.21225924
single_s53,single,54,18,2,13.02,2.305,2.192442,59,9,11,11.108854,99.979687,25.382597,3938.9069,3892.1433,3890.1579,88.078768,0.66810418,0.79687924,0.80378539,0.057703156,4.6143884,6.9986313,0.015528895,0.012599502,0.025635628,0.018473567,0.014332536,40.517394,0.61026774,0.013383611,0.099496979,0.046990774,0.11279826,0.45165536,0.48806941,0.1784723
single_s53,single,60,7,2,8.71,2.34,2.2616961,63,8,12,12.497461,99.979687,25.42084,3932.9812,3878.2972,3876.6245,80.864533,0.62347549,0.77115305,0.7988975,0.064461286,4.7120308,7.0408499,0.014335631,0.011336215,0.023505529,0.017295333,0.013956535,41.507217,0.6338658,0.025036369,0.080325514,0.076118083,0.05982906,0.54951688,0.46581197,0.1640843
single_s53,single,66,9,2,9.74,2.425,2.3816666,68,8,11,12.497461,99.979687,25.47394,3924.783,3863.6088,3862.324,70.795561,0.57066494,0.74192756,0.80766594,0.065145628,4.7087585,6.938518,0.012845528,0.009887135,0.022245802,0.015595611,0.013271219,42.830594,0.64327292,0.018921056,0.076023606,0.090713383,0.01443299,0.5820793,0.4,0.141774
single_s53,single,72,8,2,10.1,2.48,2.4834709,63,9,12,11.108854,99.979687,25.761237,3881.0127,3849.7737,3848.8487,59.941423,0.51198059,0.69325366,0.80878412,0.064714543,4.5368743,6.818551,0.011315382,0.0088241145,0.01922163,0.014218544,0.012163591,43.836739,0.64463535,0.019911687,0.089823649,0.10263856,0.050403226,0.63734368,0.39919355,0.15307912
single_s53,single,78,11,2,8.895,2.405,2.4625503,74,10,12,9.9859375,99.859375,25.883917,3857.97,3838.4021,3837.7264,51.154995,0.44998723,0.6334798,0.80878412,0.064714543,4.1230934,6.7835416,0.01001789,0.0079243518,0.0157538,0.013131618,0.010969492,45.134427,0.66119626,0.022209401,0.072173903,0.10399885,0.041580042,0.65445133,0.51351351,0.17436668
single_s53,single,84,8,2,9.83,2.255,2.2981259,62,9,12,11.108854,99.979687,25.970669,3849.7154,3830.778,3830.2075,47.055913,0.38739428,0.56516352,0.80878412,0.064714543,3.666642,6.2947412,0.0091842982,0.0072119137,0.014856864,0.012441156,0.010470071,46.128777,0.67769082,0.024905202,0.051024845,0.10422449,0.055432373,0.71820578,0.54545455,0.14740959
single_s53,single,90,10,3,8.96,2.22,2.2634561,64,11,11,9.0890625,99.979687,25.978747,3848.5184,3827.6183,3827.038,47.519598,0.32693733,0.50216699,0.83300685,0.05116405,3.2032453,5.6476513,0.0088699884,0.0068511591,0.013872831,0.012467119,0.010857925,47.411675,0.70131907,0.017407592,0.053838054,0.099463041,0.0045045045,0.70608431,0.47297297,0.15127947
single_s53,single,96,14,5,9.9,2.305,2.3446502,67,11,11,9.0890625,99.979687,26.026884,3841.4006,3828.887,3828.2622,49.26594,0.27125865,0.40528326,0.82667659,0.063612834,2.8071767,4.8137633,0.0088529351,0.0068003091,0.01379575,0.012578894,0.010872753,48.856747,0.693094,0.0089569571,0.050521274,0.11493248,0.056399132,0.72099698,0.36008677,0.14318565
single_s53,single,102,11,2,10.125,2.39,2.4126029,65,10,10,9.9859375,99.859375,26.07531,3829.6524,3833.7157,3833.0921,49.134473,0.22279167,0.34695131,0.83210861,0.051602974,2.6482568,4.1290777,0.0088020076,0.0068304039,0.01359663,0.012247716,0.01088588,49.637882,0.7084205,0.014340304,0.04917108,0.16218559,0.041841004,0.72080986,0.39121339,0.15219764
single_s53,single,108,9,2,12.225,2.3,2.3022078,74,8,9,12.497461,99.979687,26.110491,3829.1002,3840.5361,3839.9803,46.311264,0.18365462,0.29046593,0.77466669,0.070455664,2.862477,4.1273146,0.0085495702,0.0067251612,0.013286072,0.010605975,0.0098955577,50.373883,0.75109643,0.012434256,0.04077915,0.13355268,0,0.71692989,0.51086957,0.18730451
single_s53,single,114,6,2,9.285,2.375,2.3218897,67,7,10,14.282813,99.979687,26.051934,3837.7069,3847.4836,3847.0197,42.234725,0.15555798,0.21249352,0.77437744,0.08322043,2.9302213,4.1065382,0.0081540361,0.0064496266,0.013224535,0.0080294825,0.0071598506,50.631717,0.75589652,0.016359174,0.065078049,0.1347662,0.025263158,0.73324595,0.76842105,0.18463164
single_s53,single,120,10,2,10.805,2.36,2.286465,59,9,9,11.108854,99.979687,26.027093,3841.3698,3852.9138,3852.512,39.228848,0.13972972,0.18074051,0.77466669,0.070455664,2.7628529,4.1025746,0.0077669723,0.0061432139,0.0130667,0.0054451626,0.0043609634,50.333829,0.79826104,0.0075599836,0.071895976,0.10385667,0.1440678,0.79054938,0.92584746,0.17470974
single_s53,single,126,10,2,11.675,2.34,2.214517,82,11,9,9.0890625,99.979687,25.956295,3851.8474,3855.7644,3855.3735,38.666156,0.13686159,0.14169703,0.77466669,0.070455664,2.7640595,4.1076904,0.0075188318,0.0059226773,0.013338558,0.0042913592,0.0034918335,50.056861,0.79646253,0.018094613,0.073273688,0.16507952,0.18376068,0.77957172,0.98931624,0.1731871
single_s53,single,132,11,2,10.18,2.2,2.1235564,61,10,8,9.9979687,99.979687,25.899391,3860.3103,3855.6654,3855.2436,40.193212,0.14707896,0.10959909,0.78161663,0.063080772,2.7697501,4.3645785,0.0075253187,0.0060170714,0.01282563,0.0056315332,0.004886804,50.40222,0.85606679,0.023665079,0.091852609,0.13686304,0.072727273,0.76350515,0.97045455,0.18568281
single_s53,single,138,11,2,9.175,2.14,2.0776373,58,10,6,9.9979687,99.979687,25.893256,3861.2249,3852.8914,3852.4153,42.726634,0.16993527,0.02089776,0.86733734,0.019844038,2.6828896,5.681294,0.007883687,0.0064901841,0.01322133,0.0079638128,0.007346963,51.207583,0.88295105,0.016939793,0.096601218,0.091675579,0.030373832,0.7515552,0.76869159,0.20849943
single_s53,single,144,9,2,11.07,2.075,2.0504042,60,10,6,9.9979687,99.979687,25.964954,3850.5629,3848.2593,3847.7184,45.562202,0.2044316,0.029652895,0.85380148,0.018757516,2.7122281,6.1720444,0.0085970203,0.0070560923,0.013765317,0.0098293769,0.0094322284,51.312022,0.89787233,0.015262141,0.10046743,0.14058433,0.014457831,0.69281719,0.5373494,0.2207429
single_s53,single,150,10,2,14.59,2.17,2.0939294,62,11,7,9.0890625,99.979687,26.076284,3834.1232,3842.9827,3842.3653,48.780894,0.24906028,0.057115139,0.85332629,0.019578728,3.1133674,6.6040104,0.0095631772,0.0076422099,0.01478095,0.010222056,0.0098212925,50.287524,0.84419767,0.0044349091,0.085601542,0.12664303,0.0023041475,0.6447092,0.43087558,0.19457831
single_s53,single,156,8,2,10.335,2.215,2.1421983,62,9,9,11.108854,99.979687,26.199815,3816.0456,3838.4803,3837.7551,53.087078,0.30187083,0.11364877,0.86621017,0.020894489,3.3327938,6.4283751,0.010644153,0.0081870403,0.01628655,0.0094095429,0.008884533,48.676998,0.79840412,0.011173953,0.078411211,0.068653494,0.029345372,0.65619411,0.56659142,0.12974242
single_s53,single,162,9,2,9.765,2.175,2.1046233,60,10,9,9.9979687,99.979687,26.244318,3809.5746,3836.1618,3835.2731,59.031514,0.36055518,0.17529909,0.86621017,0.020894489,3.4734168,6.5390978,0.011721619,0.0086966245,0.019912407,0.0073360256,0.0065849892,47.604732,0.76226337,0.01078779,0.055044239,0.095356508,0.057471264,0.6720708,0.82988506,0.10013539
single_s53,single,168,7,2,8.815,2.105,2.0559039,62,8,9,12.482422,99.859375,26.180727,3814.2323,3837.201,3836.0869,66.246544,0.42254854,0.248697,0.86621017,0.020894489,3.6151349,6.7073606,0.012718386,0.0092695013,0.022855591,0.0049006295,0.0040691039,46.239166,0.7359693,0.020182276,0.06068992,0.10796046,0.14726841,0.66227915,0.99287411,0.10226157
single_s53,single,174,8,2,9.495,2.025,1.971399,56,9,9,11.108854,99.979687,26.17651,3819.443,3842.3048,3840.9366,73.392112,0.4851415,0.33063468,0.86621017,0.020894489,3.7335653,6.8343815,0.013573735,0.010061755,0.025332551,0.0037587472,0.0028682858,45.083643,0.70672849,0.017391998,0.04954807,0.10950878,0.27654321,0.605416,0.98765432,0.12300979
single_s53,single,180,10,1,9.56,1.995,1.9661758,57,11,9,9.0890625,99.979687,26.167191,3820.8032,3851.5223,3849.9448,78.67006,0.54559845,0.46005642,0.85121923,0.044582902,3.7965193,6.939003,0.014196564,0.01106957,0.025001384,0.006065834,0.0043136234,42.220157,0.67843825,0.021028899,0.051156929,0.071068616,0.23809524,0.55064052,0.89724311,0.1401468
single_s53,single,186,9,1,9.325,2.035,2.0166098,58,10,11,9.9979687,99.979687,26.209489,3814.637,3864.1112,3862.4465,80.710706,0.60127712,0.58230256,0.84072453,0.057033453,4.2735564,7.020904,0.014500153,0.011521744,0.024184911,0.0087253736,0.0065652059,40.724683,0.64440051,0.0081103343,0.051533919,0.069701912,0.13759214,0.46682761,0.77641278,0.16650217
single_s53,single,192,9,2,9.905,2.245,2.1587048,56,10,12,9.9859375,99.859375,26.177808,3814.6576,3878.5245,3876.9051,79.617398,0.64974411,0.66547615,0.83386047,0.065857539,4.8005624,7.0378783,0.01452854,0.011691297,0.023920624,0.010179826,0.0078013173,40.972371,0.59347457,0.0099861128,0.049682906,0.059940525,0.10467706,0.50537051,0.72160356,0.17850807
single_s53,single,198,8,2,9.845,2.29,2.2306179,57,9,12,11.108854,99.979687,25.957363,3851.689,3892.6491,3891.1206,77.443379,0.68888115,0.72670797,0.83386047,0.065857539,5.1879695,6.9805402,0.014517792,0.011765093,0.023564026,0.010548508,0.0079066986,38.590502,0.59350278,0.0071206204,0.063093117,0.083545065,0.10043668,0.50073472,0.68122271,0.18365018
single_s53,single,204,14,4,9.04,2.34,2.2782595,56,9,12,11.108854,99.979687,25.621644,3902.1574,3904.3051,3902.7871,77.204346,0.71697779,0.77583308,0.83386047,0.065857539,5.3015052,6.962939,0.014753073,0.011979444,0.023829012,0.01120747,0.0079902029,38.862002,0.58535543,0.007031647,0.06936895,0.054845196,0.13461538,0.48710895,0.71367521,0.18800437
single_s53,single,210,6,2,8.76,2.365,2.2936595,56,7,12,14.282813,99.979687,25.321173,3948.462,3911.7772,3910.1241,80.440522,0.73280605,0.81070447,0.83386047,0.065857539,5.1768729,7.0078652,0.015307448,0.012556046,0.02514927,0.013612334,0.011237182,36.585438,0.6050546,0.02520606,0.066342938,0.060590856,0.025369979,0.48848483,0.55602537,0.18656612
single_s53,single,216,10,1,8.385,2.485,2.3989643,58,7,11,14.282813,99.979687,25.181705,3970.3303,3914.1268,3912.2418,85.735507,0.73567418,0.83381802,0.84202194,0.072713394,4.8697761,6.9938714,0.015953646,0.01322283,0.026047291,0.017494913,0.015769287,36.562027,0.59396292,0.032416571,0.066218192,0.052486943,0.0020120724,0.44927326,0.23943662,0.20462313
single_s53,single,222,7,2,8.13,2.36,2.2702865,57,8,9,12.497461,99.979687,25.24666,3960.1153,3911.2178,3909.1321,90.131179,0.72545681,0.83790648,0.85723234,0.050042637,4.5586295,6.9357133,0.016344387,0.013490804,0.026873646,0.02094832,0.019178873,36.755976,0.60940661,0.02034463,0.074866035,0.062729886,0.021186441,0.40834919,0.20974576,0.22150055
single_s53,single,228,7,2,8.445,2.265,2.2206139,51,8,9,12.497461,99.979687,25.285311,3954.062,3903.5619,3901.4271,91.24599,0.7026005,0.81788471,0.85723234,0.050042637,4.4760603,7.000342,0.016227476,0.013376558,0.025867379,0.024153525,0.022243121,36.324093,0.59525717,0.0083479023,0.090985806,0.049991103,0,0.42507893,0.20529801,0.21225924
single_s53,single,234,16,2,8.4,2.19,2.11192,57,9,10,11.108854,99.979687,25.383933,3938.6996,3892.1433,3890.1579,88.078768,0.66810418,0.76965182,0.85554582,0.0465005,4.6143884,6.9986313,0.015528895,0.012599502,0.025635628,0.025073188,0.022231045,35.963081,0.57499701,0.013383611,0.099496979,0.046990774,0.03652968,0.45165536,0.24885845,0.1784723
single_s53,single,240,7,2,8.685,2.385,2.283407,53,8,10,12.497461,99.979687,25.421647,3932.8564,3878.2972,3876.6245,80.864533,0.62347549,0.71627412,0.85554582,0.0465005,4.7120308,7.0408499,0.014335631,0.011336215,0.023505529,0.026114421,0.023981536,37.00218,0.49147141,0.025036369,0.080325514,0.076118083,0.033542977,0.54951688,0.16352201,0.1640843
single_s53,single,246,9,2,10.125,2.055,1.9410216,55,8,12,12.497461,99.979687,25.473904,3924.7885,3863.6088,3862.324,70.795561,0.57066494,0.64538839,0.86574838,0.043205834,4.7087585,6.938518,0.012845528,0.009887135,0.022245802,0.022221801,0.019457996,36.15482,0.58147858,0.018921056,0.076023606,0.090713383,0.080291971,0.5820793,0.23600973,0.141774
single_s53,single,252,8,2,10.785,1.86,1.7196077,44,9,10,11.108854,99.979687,25.761237,3881.0127,3849.7737,3848.8487,59.941423,0.51198059,0.57924236,0.86357184,0.046981951,4.5368743,6.818551,0.011315382,0.0088241145,0.01922163,0.018529979,0.016335239,36.856846,0.63061536,0.019911687,0.089823649,0.10263856,0.040322581,0.63734368,0.26612903,0.15307912
single_s53,single,258,9,1,10.575,1.705,1.5949718,45,10,10,9.9859375,99.859375,25.885319,3857.7611,3838.4021,3837.7264,51.154995,0.44998723,0.48944095,0.87209169,0.041377214,4.1230934,6.7835416,0.01001789,0.0079243518,0.0157538,0.012678048,0.010621243,36.60956,0.68482857,0.022209401,0.072173903,0.10399885,0.041055718,0.65445133,0.52785924,0.17436668
single_s53,single,264,8,1,10.16,1.61,1.4917225,44,9,10,11.108854,99.979687,25.970554,3849.7326,3830.778,3830.2075,47.055913,0.38739428,0.40829907,0.87209169,0.041377214,3.666642,6.2947412,0.0091842982,0.0072119137,0.014856864,0.007546636,0.0061012444,36.913196,0.7019614,0.024905202,0.051024845,0.10422449,0.10248447,0.71820578,0.79813665,0.14740959
single_s53,single,270,10,1,10.895,1.46,1.3581781,45,11,9,9.0890625,99.979687,25.972267,3849.4787,3827.6183,3827.038,47.519598,0.32693733,0.3243898,0.86685012,0.040642771,3.2032453,5.6476513,0.0088699884,0.0068511591,0.013872831,0.0066052553,0.0057103022,37.213404,0.72296241,0.017407592,0.053838054,0.099463041,0.065068493,0.70608431,0.88356164,0.15127947
single_s53,single,276,14,1,11.045,1.445,1.3717377,40,11,9,9.0890625,99.979687,26.028192,3841.2076,3828.887,3828.2622,49.26594,0.27125865,0.25418883,0.86685012,0.040642771,2.8071767,4.8137633,0.0088529351,0.0068003091,0.01379575,0.0097665759,0.0089494059,36.119714,0.71966768,0.0089569571,0.050521274,0.11493248,0.044982699,0.72099698,0.57093426,0.14318565
single_s53,single,282,11,1,11.305,1.455,1.403129,42,10,10,9.9859375,99.859375,26.074809,3829.726,3833.7157,3833.0921,49.134473,0.22279167,0.19519323,0.83110135,0.054674627,2.6482568,4.1290777,0.0088020076,0.0068304039,0.01359663,0.012272164,0.01175374,35.506306,0.71439481,0.014340304,0.04917108,0.16218559,0.010309278,0.72080986,0.19243986,0.15219764
single_s53,single,288,9,1,9.475,1.385,1.3028853,42,8,11,12.497461,99.979687,26.110544,3829.0925,3840.5361,3839.9803,46.311264,0.18365462,0.13889341,0.83262129,0.051432126,2.862477,4.1273146,0.0085495702,0.0067251612,0.013286072,0.012613009,0.011859122,33.818467,0.70134099,0.012434256,0.04077915,0.13355268,0.064981949,0.71692989,0.15523466,0.18730451
single_s53,single,294,6,1,8.75,1.3,1.2054967,42,7,10,14.282813,99.979687,26.051934,3837.7069,3847.4836,3847.0197,42.234725,0.15555798,0.12042832,0.83294406,0.057549696,2.9302213,4.1065382,0.0081540361,0.0064496266,0.013224535,0.011222861,0.010440738,32.623633,0.69737806,0.016359174,0.065078049,0.1347662,0.061538462,0.73324595,0.39615385,0.18463164
single_s53,single,300,8,0,10.255,1.23,1.0889471,39,9,11,11.108854,99.979687,26.025993,3841.5321,3852.9138,3852.512,39.228848,0.13972972,0.099136938,0.83187979,0.059290017,2.7628529,4.1025746,0.0077669723,0.0061432139,0.0130667,0.0087144743,0.0078191803,31.178149,0.72487728,0.0075599836,0.071895976,0.10385667,0.032520325,0.79054938,0.6300813,0.17470974
single_s53,single,306,10,1,8.69,1.12,0.99120159,31,11,11,9.0890625,99.979687,25.957121,3851.7248,3855.7644,3855.3735,38.666156,0.13686159,0.091648381,0.83446979,0.062234058,2.7640595,4.1076904,0.0075188318,0.0059226773,0.013338558,0.0066502923,0.0053819485,29.784142,0.71645514,0.018094613,0.073273688,0.16507952,0.10267857,0.77957172,0.88839286,0.1731871
single_s53,single,312,11,1,9.085,0.95,0.86098002,34,10,10,9.9979687,99.979687,25.90074,3860.1093,3855.6654,3855.2436,40.193212,0.14707896,0.077812489,0.857882,0.064192598,2.7697501,4.3645785,0.0075253187,0.0060170714,0.01282563,0.0060749275,0.00444927,27.809568,0.72349881,0.023665079,0.091852609,0.13686304,0.15789474,0.76350515,0.87894737,0.18568281
single_s53,single,318,11,1,8.735,0.94,0.87944347,28,10,10,9.9979687,99.979687,25.893063,3861.2538,3852.8914,3852.4153,42.726634,0.16993527,0.073047373,0.86398065,0.05746696,2.6828896,5.681294,0.007883687,0.0064901841,0.01322133,0.0069975461,0.0054327385,25.680328,0.72395358,0.016939793,0.096601218,0.091675579,0.19680851,0.7515552,0.87765957,0.20849943
single_s53,single,324,9,1,8.825,0.95,0.87007821,29,10,9,9.9979687,99.979687,25.966529,3850.3293,3848.2593,3847.7184,45.562202,0.2044316,0.084934999,0.87534291,0.044679942,2.7122281,6.1720444,0.0085970203,0.0070560923,0.013765317,0.0085991367,0.0075228437,25.936684,0.70841971,0.015262141,0.10046743,0.14058433,0.13157895,0.69281719,0.65789474,0.2207429
single_s53,single,330,10,1,8.785,0.97,0.92464145,32,11,8,9.0890625,99.979687,26.076191,3834.1369,3842.9827,3842.3653,48.780894,0.24906028,0.13028588,0.87164606,0.045423371,3.1133674,6.6040104,0.0095631772,0.0076422099,0.01478095,0.0095307852,0.0087849096,28.328363,0.74706825,0.0044349091,0.085601542,0.12664303,0.072164948,0.6447092,0.4742268,0.19457831
single_s53,single,336,8,1,8.895,1.155,1.118534,34,9,7,11.108854,99.979687,26.200295,3815.9757,3838.4803,3837.7551,53.087078,0.30187083,0.16090061,0.86884173,0.046316172,3.3327938,6.4283751,0.010644153,0.0081870403,0.01628655,0.0088582546,0.0076763376,29.20786,0.73708001,0.011173953,0.078411211,0.068653494,0.11688312,0.65619411,0.50649351,0.12974242
single_s53,single,342,9,2,8.98,1.21,1.1845009,38,10,8,9.9979687,99.979687,26.244428,3809.5587,3836.1618,3835.2731,59.031514,0.36055518,0.2158704,0.84264449,0.046278132,3.4734168,6.5390978,0.011721619,0.0086966245,0.019912407,0.0078790075,0.0067771902,31.075167,0.74960115,0.01078779,0.055044239,0.095356508,0.08677686,0.6720708,0.70247934,0.10013539
single_s53,single,348,7,1,9.105,1.24,1.2331147,35,8,9,12.482422,99.859375,26.181115,3814.1758,3837.201,3836.0869,66.246544,0.42254854,0.27702966,0.88980303,0.032799861,3.6151349,6.7073606,0.012718386,0.0092695013,0.022855591,0.0071361009,0.0056093537,32.063382,0.75009839,0.020182276,0.06068992,0.10796046,0.14112903,0.66227915,0.82258065,0.10226157
single_s53,single,354,8,1,9.695,1.285,1.2772549,42,9,10,11.108854,99.979687,26.175817,3819.5441,3842.3048,3840.9366,73.392112,0.4851415,0.36476159,0.87715012,0.032276136,3.7335653,6.8343815,0.013573735,0.010061755,0.025332551,0.0081677518,0.006092572,32.002416,0.7359303,0.017391998,0.04954807,0.10950878,0.13229572,0.605416,0.75097276,0.12300979
single_s71,single,0,7,2,7.815,2.64,2.6382798,76,8,15,12.497461,99.979687,25.868,3864.9949,3859.7082,3858.6829,63.197669,0.49953941,0.49151692,0.75693335,0.042953766,4.3601881,7.0447586,0.011697285,0.009183554,0.020857898,0.010705862,0.0084517346,38.348451,0.62631615,0.014654602,0.082622258,0.10160548,0.09280303,0.60552052,0.63257576,0.15052774
single_s71,single,6,7,2,7.87,2.52,2.5877437,78,8,14,12.497461,99.979687,25.942219,3853.9373,3866.4959,3865.3905,65.551499,0.54593973,0.55030271,0.74058595,0.045821167,4.7183055,7.0084648,0.01212542,0.0096722141,0.021152014,0.012536994,0.010222871,36.799489,0.6204759,0.015018625,0.067473883,0.094644006,0.11111111,0.58485595,0.49801587,0.16755299
single_s71,single,12,10,5,8.975,2.675,2.7531148,69,9,13,11.095486,99.859375,25.866678,3860.5411,3874.1893,3872.8892,71.225343,0.58608279,0.61047634,0.74032562,0.045776509,4.8547735,7.0277046,0.013029522,0.010548711,0.023271699,0.014390868,0.011942713,36.346291,0.58127096,0.015676388,0.065104134,0.07342709,0.12336449,0.52963719,0.40373832,0.17070395
single_s71,single,18,6,2,9.65,2.54,2.5578781,69,7,12,14.282813,99.979687,25.749098,3882.8424,3881.854,3880.2729,78.728956,0.61821416,0.6598655,0.7377485,0.045344381,4.8312324,6.9775707,0.014224777,0.011503598,0.024266654,0.015375246,0.012669729,35.103239,0.57092961,0.0133598,0.081152653,0.072364758,0.11811024,0.48993352,0.40944882,0.18932946
single_s71,single,24,6,3,9.175,2.505,2.4871731,70,7,13,14.282813,99.979687,25.516793,3918.1918,3888.5205,3886.6307,86.132152,0.64092954,0.69803411,0.74032562,0.045776509,4.6702051,7.0307605,0.015412354,0.012576861,0.026979809,0.015850825,0.013304418,34.055554,0.55557598,0.027708047,0.071716005,0.056684766,0.071856287,0.47393997,0.42714571,0.18122456
single_s71,single,30,12,2,11.085,2.485,2.384232,60,9,13,11.108854,99.979687,25.451954,3928.1734,3893.3151,3891.1701,91.666767,0.65323615,0.72238808,0.74032562,0.045776509,4.4444133,7.0568057,0.016297445,0.013293728,0.027492351,0.013863452,0.011625057,31.870559,0.54420254,0.031324843,0.072588217,0.047068809,0.038229376,0.43599424,0.45674044,0.18980521
single_s71,single,36,7,2,10.9,2.575,2.4336542,59,8,12,12.497461,99.979687,25.468483,3925.624,3895.543,3893.2765,94.070945,0.65459615,0.72497436,0.73283443,0.044484855,4.2671116,6.9656066,0.016673699,0.013586548,0.02767062,0.011571324,0.0096262731,32.461268,0.50949634,0.034214496,0.079875872,0.05015489,0.015533981,0.44337651,0.6038835,0.19196141
single_s71,single,42,10,2,10.685,2.3,2.2068169,53,9,12,11.108854,99.979687,25.659695,3896.3708,3894.7299,3892.516,92.877802,0.64495008,0.71953425,0.73019737,0.049201128,4.1400609,6.9221369,0.016474708,0.01339425,0.027262493,0.0079623363,0.0057134705,30.523967,0.56572328,0.016094473,0.07334059,0.062689332,0.10869565,0.45104891,0.85869565,0.1859127
single_s71,single,48,9,2,10.935,2.175,2.1671152,61,10,10,9.9979687,99.979687,25.803609,3874.6398,3890.6621,3888.6478,88.634923,0.62471954,0.85014076,0.88322117,0.054049845,4.2879639,7.0337833,0.015800581,0.012879141,0.027398377,0.0069804427,0.0055545857,28.969626,0.59384292,0.013628312,0.084051316,0.063002896,0.098850575,0.45916372,0.79310345,0.18219048
single_s71,single,54,15,2,14.36,2.23,2.2004758,58,12,10,8.3316406,99.979687,25.874592,3864.0103,3883.471,3881.719,82.82014,0.59478869,0.80849576,0.88322117,0.054049845,4.4813398,7.0069171,0.014893307,0.011938199,0.025453378,0.010432313,0.0077427873,29.227601,0.60874811,0.013211128,0.054157333,0.068370423,0.078475336,0.48045813,0.66367713,0.16553285
single_s71,single,60,11,2,13.455,2.25,2.2432991,69,10,11,9.9979687,99.979687,25.75704,3881.645,3873.7542,3872.2406,77.119189,0.55646565,0.74777087,0.89377023,0.04917295,4.5539862,6.8874656,0.014019139,0.010925397,0.02380502,0.014637938,0.010458371,30.359035,0.61136677,0.013545415,0.049942243,0.052229096,0.097777778,0.59811934,0.64222222,0.14257331
single_s71,single,66,9,2,11.875,2.385,2.3438636,62,10,10,9.9979687,99.979687,25.884796,3862.487,3862.625,3861.2966,72.240786,0.51142533,0.5977439,0.87407275,0.053809369,4.3838599,6.9397826,0.013294614,0.010115035,0.023531641,0.016478309,0.011597077,30.459675,0.61289169,0.011746028,0.048941182,0.084773955,0.11111111,0.61008072,0.68134172,0.13093631
single_s71,single,72,11,2,11.035,2.465,2.4454122,64,10,10,9.9979687,99.979687,26.031768,3840.6799,3851.556,3850.3946,67.430916,0.4616362,0.51453215,0.87407275,0.053809369,3.9092626,6.765712,0.012617927,0.0095850846,0.021814678,0.018343877,0.012948813,31.376837,0.61625461,0.016297208,0.039444163,0.074776856,0.18864097,0.65025473,0.60851927,0.11374707
single_s71,single,78,10,2,12.785,2.525,2.5532223,70,11,11,9.078125,99.859375,26.043861,3834.2769,3842.0125,3841.0409,61.571203,0.40927429,0.42186846,0.87681159,0.050748755,3.5002775,6.6357986,0.011814073,0.008742409,0.018049764,0.017753956,0.012303747,31.867558,0.63152317,0.0090410895,0.045178416,0.11379122,0.28118812,0.64208765,0.57227723,0.094429557
single_s71,single,84,15,2,11.475,2.45,2.4650406,72,14,11,7.1414063,99.979687,26.147623,3823.6626,3835.0719,3834.3026,54.742706,0.35662807,0.33794634,0.87681159,0.050748755,3.3771386,6.226474,0.010836048,0.0078315406,0.015321699,0.014954592,0.010629718,32.302715,0.65691484,0.0072317903,0.051401035,0.13784733,0.24897959,0.66717275,0.55306122,0.10246148
single_s71,single,90,11,3,10.43,2.46,2.4678714,71,12,12,8.3316406,99.979687,26.107036,3829.6069,3831.2608,3830.6538,48.575766,0.30599842,0.28715213,0.8562517,0.061849085,3.1752664,5.4862539,0.009814181,0.0073972771,0.015148542,0.011890264,0.009059353,33.306496,0.66862502,0.01112701,0.053520294,0.10542411,0.12601626,0.70128543,0.57723577,0.12474613
single_s71,single,96,11,4,11.09,2.575,2.6733883,73,12,12,8.3316406,99.979687,26.047172,3838.4085,3830.6074,3830.0846,44.961608,0.2595981,0.21939634,0.8562517,0.061849085,3.0192215,4.1319059,0.008950436,0.0070298097,0.014656778,0.008404558,0.0065999757,32.821179,0.64813877,0.010924274,0.043955697,0.13474323,0.044660194,0.75748994,0.78252427,0.14538998
single_s71,single,102,13,5,10.345,2.67,2.8324184,74,12,11,8.3216146,99.859375,25.987166,3842.6419,3832.7444,3832.2374,44.146894,0.21945504,0.18895587,0.8105407,0.078093331,2.8894173,4.1022311,0.008375805,0.0066601715,0.013917814,0.006625915,0.0055632365,33.384708,0.63771784,0.016280088,0.058642737,0.13237708,0.088014981,0.71887924,0.88576779,0.19353734
single_s71,single,108,7,2,9.525,2.61,2.7978907,69,8,12,12.497461,99.979687,25.963106,3850.837,3836.9828,3836.4653,44.544358,0.18732367,0.22725896,0.70671422,0.062171236,2.6598744,4.1257529,0.0080755125,0.0065487297,0.013677923,0.0077512373,0.0065809155,33.818025,0.64151794,0.015163693,0.059902399,0.12521287,0.086206897,0.74534114,0.78544061,0.2041021
single_s71,single,114,7,2,9.395,2.855,2.9424115,88,8,13,12.497461,99.979687,25.936148,3854.8395,3842.3957,3841.8807,44.431822,0.16460829,0.18824682,0.71044639,0.063373491,2.5345696,4.0740196,0.0079209219,0.006378199,0.013908391,0.0090492181,0.0072902743,33.538634,0.60561169,0.011211708,0.063328173,0.13604344,0.1295972,0.74006733,0.64448336,0.1906567
single_s71,single,120,7,1,9.71,3,2.9934381,69,8,13,12.497461,99.979687,25.923791,3856.6769,3847.9513,3847.4649,43.179868,0.15230168,0.16354945,0.71044639,0.063373491,2.5953934,4.1033665,0.007777644,0.0061949508,0.014007558,0.0098116097,0.0078243085,33.964885,0.59436861,0.012134378,0.069549892,0.13434677,0.185,0.76562908,0.6,0.18611994
single_s71,single,126,13,1,10.255,2.895,2.8141599,66,9,13,11.108854,99.979687,25.894219,3861.0814,3852.6775,3852.2274,41.534017,0.15094169,0.14966178,0.71044639,0.063373491,2.8147583,4.1231289,0.0076303675,0.0059426935,0.013199669,0.0098429399,0.0081256984,35.273933,0.58552576,0.0093447418,0.060213259,0.16652941,0.13644214,0.75634922,0.51468048,0.17178881
single_s71,single,132,8,1,11.185,3.095,2.9628107,66,9,12,11.108854,99.979687,25.865931,3865.304,3855.8237,3855.3768,41.432957,0.16058775,0.13363769,0.72330243,0.039474561,2.9042206,4.1096553,0.0076484096,0.0060166187,0.013131528,0.0081410657,0.006397871,34.794169,0.55949093,0.021112395,0.077833202,0.1523001,0.16478191,0.77497653,0.70113086,0.15865517
single_s71,single,138,11,1,12.515,2.915,2.7369244,68,8,13,12.497461,99.979687,25.816247,3872.7429,3857.003,3856.4829,44.814007,0.18081829,0.13605993,0.72714213,0.039798869,2.9034291,5.4253705,0.0080874778,0.0063069129,0.014003997,0.0067396313,0.0052481696,37.730991,0.61460826,0.0084112587,0.08266641,0.13787616,0.17324185,0.76616881,0.84391081,0.16032301
single_s71,single,144,6,2,11.045,2.83,2.6963165,73,7,13,14.282813,99.979687,25.800366,3875.1267,3856.306,3855.6204,51.5688,0.21074914,0.15245209,0.72714213,0.039798869,2.9459502,5.7729605,0.0090207658,0.0069889879,0.014915427,0.0063770844,0.0051964188,37.996036,0.62553174,0.0066866579,0.085374051,0.14857247,0.16077739,0.71333331,0.87279152,0.16420471
single_s71,single,150,7,2,10.83,2.965,2.8579336,83,8,12,12.497461,99.979687,25.900534,3860.14,3854.3496,3853.4445,59.340673,0.24907218,0.16164369,0.75237205,0.042046499,2.8406542,6.1449814,0.010195968,0.0079741894,0.016361295,0.0082872151,0.0070462653,38.273466,0.61406706,0.023394743,0.077825093,0.094924231,0.11298482,0.65216855,0.7301855,0.16319824
single_s71,single,156,9,2,10,2.825,2.7423888,77,8,13,12.497461,99.979687,25.846457,3868.2164,3852.18,3851.0874,65.295336,0.2941125,0.2080552,0.74604699,0.039894802,2.7667841,6.0788703,0.011209337,0.0086426139,0.018910088,0.010449889,0.0087407449,38.372986,0.65599024,0.017468567,0.069673335,0.14032971,0.17345133,0.64892298,0.47964602,0.15568172
single_s71,single,162,6,2,9.785,2.805,2.7593908,72,7,13,14.282813,99.979687,25.794831,3875.9583,3850.9738,3849.8041,67.679337,0.34390163,0.26123792,0.74604699,0.039894802,3.0398246,5.8520117,0.011768526,0.0090191577,0.020566252,0.011224001,0.0093260104,40.203736,0.67041353,0.010794524,0.059543783,0.084763142,0.1657754,0.61778015,0.4171123,0.13582809
single_s71,single,168,6,2,8.83,2.65,2.5977816,75,7,13,14.265625,99.859375,25.885446,3857.7421,3851.6446,3850.5132,66.640418,0.39626354,0.29674032,0.75361317,0.040160831,3.5093312,6.6055137,0.011849701,0.0091412238,0.021733512,0.010863618,0.0091080465,41.972391,0.7052485,0.012483083,0.063347996,0.054153729,0.14528302,0.61787206,0.4245283,0.14091179
single_s71,single,174,7,2,7.865,2.635,2.6067015,71,8,13,12.497461,99.979687,25.905047,3859.4675,3854.5928,3853.5406,64.201462,0.44890976,0.36037519,0.75361317,0.040160831,4.0312632,6.88722,0.011700667,0.0090661628,0.022237809,0.0091222616,0.0078057334,43.161129,0.70953672,0.016050322,0.059277073,0.10797858,0.079696395,0.61126649,0.60910816,0.14487819
single_s71,single,180,7,2,9.675,2.605,2.576634,70,8,12,12.497461,99.979687,25.869904,3864.7104,3859.7082,3858.6829,63.197669,0.49953941,0.4412131,0.76038625,0.02905039,4.3601881,7.0447586,0.011697285,0.009183554,0.020857898,0.0073204905,0.0062158172,44.494039,0.69533841,0.014654602,0.082622258,0.10160548,0.11516315,0.60552052,0.79078695,0.15052774
single_s71,single,186,7,2,10.065,2.59,2.5965642,84,8,12,12.497461,99.979687,25.942817,3853.8485,3866.4959,3865.3905,65.551499,0.54593973,0.50871261,0.76038625,0.02905039,4.7183055,7.0084648,0.01212542,0.0096722141,0.021152014,0.0072651266,0.0061358362,44.260407,0.66563054,0.015018625,0.067473883,0.094644006,0.090733591,0.58485595,0.84555985,0.16755299
single_s71,single,192,10,2,8.67,2.57,2.5389439,72,9,13,11.095486,99.859375,25.866564,3860.5582,3874.1893,3872.8892,71.225343,0.58608279,0.56827312,0.76001699,0.032300902,4.8547735,7.0277046,0.013029522,0.010548711,0.023271699,0.0097347274,0.0082191647,44.915278,0.66114793,0.015676388,0.065104134,0.07342709,0.048638132,0.52963719,0.68871595,0.17070395
single_s71,single,198,6,2,7.865,2.675,2.6867063,68,7,13,14.282813,99.979687,25.749098,3882.8424,3881.854,3880.2729,78.728956,0.61821416,0.57880463,0.70835983,0.059773719,4.8312324,6.9775707,0.014224777,0.011503598,0.024266654,0.01217089,0.010176268,43.970138,0.64337529,0.0133598,0.081152653,0.072364758,0.024299065,0.48993352,0.5588785,0.18932946
single_s71,single,204,8,4,8.23,2.95,2.8415129,70,7,14,14.282813,99.979687,25.518062,3917.9969,3888.5205,3886.6307,86.132152,0.64092954,0.63748771,0.70087977,0.059947663,4.6702051,7.0307605,0.015412354,0.012576861,0.026979809,0.013666508,0.01108582,42.014407,0.58272994,0.027708047,0.071716005,0.056684766,0.03220339,0.47393997,0.52711864,0.18122456
single_s71,single,210,10,1,9.97,3.245,3.091003,69,9,14,11.108854,99.979687,25.452316,3928.1175,3893.3151,3891.1701,91.666767,0.65323615,0.6702703,0.70087977,0.059947663,4.4444133,7.0568057,0.016297445,0.013293728,0.027492351,0.013436507,0.010637818,40.88269,0.52388789,0.031324843,0.072588217,0.047068809,0.07550077,0.43599424,0.55007704,0.18980521
single_s71,single,216,7,1,11.025,3.08,2.8942153,77,8,15,12.497461,99.979687,25.467727,3925.7405,3895.543,3893.2765,94.070945,0.65459615,0.65983843,0.67192795,0.083946073,4.2671116,6.9656066,0.016673699,0.013586548,0.02767062,0.012102919,0.0099936448,39.428491,0.52358133,0.034214496,0.079875872,0.05015489,0.063311688,0.44337651,0.53084416,0.19196141
single_s71,single,222,16,1,13.06,3.42,3.3345338,72,9,16,11.108854,99.979687,25.665577,3895.4779,3894.7299,3892.516,92.877802,0.64495008,0.67428724,0.67604852,0.082215529,4.1400609,6.9221369,0.016474708,0.01339425,0.027262493,0.010688085,0.0092484663,40.87288,0.47436949,0.016094473,0.07334059,0.062689332,0.032163743,0.45104891,0.59649123,0.1859127
single_s71,single,228,9,1,11.795,3.31,3.2986924,77,10,16,9.9979687,99.979687,25.802023,3874.8779,3890.6621,3888.6478,88.634923,0.62471954,0.67284313,0.67604852,0.082215529,4.2879639,7.0337833,0.015800581,0.012879141,0.027398377,0.011181474,0.0092897969,36.628597,0.4783904,0.013628312,0.084051316,0.063002896,0.025679758,0.45916372,0.6163142,0.18219048
single_s71,single,234,15,1,11.835,3.705,3.5093264,75,12,15,8.3316406,99.979687,25.876463,3863.7308,3883.471,3881.719,82.82014,0.59478869,0.6492655,0.67104683,0.085018135,4.4813398,7.0069171,0.014893307,0.011938199,0.025453378,0.013844284,0.011498075,36.255527,0.45568575,0.013211128,0.054157333,0.068370423,0.031039136,0.48045813,0.54790823,0.16553285
single_s71,single,240,11,2,10.615,3.295,3.2087833,85,10,14,9.9979687,99.979687,25.758475,3881.4288,3873.7542,3872.2406,77.119189,0.55646565,0.65149728,0.70369907,0.071713376,4.5539862,6.8874656,0.014019139,0.010925397,0.02380502,0.015162041,0.012272859,35.531482,0.5297998,0.013545415,0.049942243,0.052229096,0.063732929,0.59811934,0.50834598,0.14257331
single_s71,single,246,9,2,11.595,2.985,3.0445403,78,10,13,9.9979687,99.979687,25.887811,3862.0372,3862.625,3861.2966,72.240786,0.51142533,0.61404317,0.7037618,0.068923739,4.3838599,6.9397826,0.013294614,0.010115035,0.023531641,0.017997999,0.014560764,33.351582,0.57735044,0.011746028,0.048941182,0.084773955,0.10887772,0.61008072,0.45393635,0.13093631
single_s71,single,252,11,2,15.12,3.055,3.088948,79,10,12,9.9979687,99.979687,26.031405,3840.7334,3851.556,3850.3946,67.430916,0.4616362,0.56356644,0.8575949,0.044201246,3.9092626,6.765712,0.012617927,0.0095850846,0.021814678,0.018972557,0.015037062,32.013168,0.59146273,0.016297208,0.039444163,0.074776856,0.16202946,0.65025473,0.42062193,0.11374707
single_s71,single,258,10,2,11.54,2.945,2.9389605,79,11,11,9.078125,99.859375,26.04222,3834.5185,3842.0125,3841.0409,61.571203,0.40927429,0.48367565,0.85480444,0.045886155,3.5002775,6.6357986,0.011814073,0.008742409,0.018049764,0.018847991,0.014633023,31.78018,0.61746193,0.0090410895,0.045178416,0.11379122,0.15280136,0.64208765,0.40067912,0.094429557
single_s71,single,264,15,5,11.55,3.01,2.9459353,81,14,10,7.1414063,99.979687,26.149066,3823.4516,3835.0719,3834.3026,54.742706,0.35662807,0.40828976,0.84912344,0.048048733,3.3771386,6.226474,0.010836048,0.0078315406,0.015321699,0.017713356,0.013513568,31.188242,0.63226796,0.0072317903,0.051401035,0.13784733,0.098006645,0.66717275,0.47342193,0.10246148
single_s71,single,270,12,2,12.235,2.65,2.5464406,70,13,10,7.6907452,99.979687,26.107859,3829.4862,3831.2608,3830.6538,48.575766,0.30599842,0.33201957,0.84912344,0.048048733,3.1752664,5.4862539,0.009814181,0.0073972771,0.015148542,0.014332116,0.010270231,30.561172,0.6641521,0.01112701,0.053520294,0.10542411,0.12641509,0.70128543,0.62830189,0.12474613
single_s71,single,276,11,2,10.3,2.535,2.4328934,74,12,12,8.3316406,99.979687,26.047172,3838.4085,3830.6074,3830.0846,44.961608,0.2595981,0.25474867,0.81858698,0.057906589,3.0192215,4.1319059,0.008950436,0.0070298097,0.014656778,0.010904946,0.008118563,30.398825,0.68027641,0.010924274,0.043955697,0.13474323,0.1025641,0.75748994,0.68047337,0.14538998
single_s71,single,282,13,2,10.925,2.6,2.4821206,72,12,12,8.3216146,99.859375,25.986894,3842.6822,3832.7444,3832.2374,44.146894,0.21945504,0.19246198,0.81858698,0.057906589,2.8894173,4.1022311,0.008375805,0.0066601715,0.013917814,0.008127051,0.0065901859,29.891424,0.67632854,0.016280088,0.058642737,0.13237708,0.11730769,0.71887924,0.71923077,0.19353734
single_s71,single,288,7,1,10.3,2.495,2.3854321,68,8,12,12.497461,99.979687,25.96325,3850.8156,3836.9828,3836.4653,44.544358,0.18732367,0.14471005,0.83001427,0.05208485,2.6598744,4.1257529,0.0080755125,0.0065487297,0.013677923,0.0072745217,0.0057062052,29.426588,0.68658464,0.015163693,0.059902399,0.12521287,0.19639279,0.74534114,0.72144289,0.2041021
single_s71,single,294,7,1,10.815,2.58,2.4252894,72,8,11,12.497461,99.979687,25.935288,3854.9674,3842.3957,3841.8807,44.431822,0.16460829,0.10279224,0.83211651,0.054557731,2.5345696,4.0740196,0.0079209219,0.006378199,0.013908391,0.0078409119,0.0060162651,29.158504,0.67272448,0.011211708,0.063328173,0.13604344,0.30426357,0.74006733,0.63178295,0.1906567
single_s71,single,300,7,1,11.28,2.67,2.4855601,67,8,11,12.497461,99.979687,25.924959,3856.5032,3847.9513,3847.4649,43.179868,0.15230168,0.077179561,0.83211651,0.054557731,2.5953934,4.1033665,0.007777644,0.0061949508,0.014007558,0.0085813306,0.0064996157,29.538333,0.65285923,0.012134378,0.069549892,0.13434677,0.27153558,0.76562908,0.58426966,0.18611994
single_s71,single,306,7,1,9.83,2.615,2.3933556,61,8,11,12.497461,99.979687,25.893974,3861.118,3852.6775,3852.2274,41.534017,0.15094169,0.042223804,0.74942223,0.040893866,2.8147583,4.1231289,0.0076303675,0.0059426935,0.013199669,0.008253241,0.0064430879,30.407022,0.64479316,0.0093447418,0.060213259,0.16652941,0.13575526,0.75634922,0.74760994,0.17178881
single_s71,single,312,8,1,10.835,2.625,2.390705,64,9,12,11.108854,99.979687,25.86677,3865.1787,3855.8237,3855.3768,41.432957,0.16058775,0.050285595,0.72606577,0.039901111,2.9042206,4.1096553,0.0076484096,0.0060166187,0.013131528,0.0071834065,0.0056877085,31.75376,0.64275296,0.021112395,0.077833202,0.1523001,0.099047619,0.77497653,0.78095238,0.15865517
single_s71,single,318,11,1,11.915,2.715,2.5859293,94,8,13,12.497461,99.979687,25.815502,3872.8546,3857.003,3856.4829,44.814007,0.18081829,0.073569983,0.7266401,0.039754498,2.9034291,5.4253705,0.0080874778,0.0063069129,0.014003997,0.0060156877,0.0047482154,32.626591,0.5878291,0.0084112587,0.08266641,0.13787616,0.11970534,0.76616881,0.90791897,0.16032301
single_s71,single,324,6,1,11.4,2.805,2.6393994,68,7,13,14.282813,99.979687,25.800366,3875.1267,3856.306,3855.6204,51.5688,0.21074914,0.11030869,0.7266401,0.039754498,2.9459502,5.7729605,0.0090207658,0.0069889879,0.014915427,0.0069818624,0.0057767021,34.293276,0.58472247,0.0066866579,0.085374051,0.14857247,0.090909091,0.71333331,0.81996435,0.16420471
single_s71,single,330,7,1,9.94,2.67,2.5799252,70,8,13,12.497461,99.979687,25.900397,3860.1605,3854.3496,3853.4445,59.340673,0.24907218,0.15863917,0.7266401,0.039754498,2.8406542,6.1449814,0.010195968,0.0079741894,0.016361295,0.0084877716,0.0069944431,36.771809,0.60302924,0.023394743,0.077825093,0.094924231,0.074906367,0.65216855,0.65730337,0.16319824
single_s71,single,336,9,4,9.445,2.675,2.6610364,74,8,14,12.497461,99.979687,25.848131,3867.9658,3852.18,3851.0874,65.295336,0.2941125,0.19662123,0.75074627,0.041578244,2.7667841,6.0788703,0.011209337,0.0086426139,0.018910088,0.0094060543,0.0074382338,36.012691,0.60539388,0.017468567,0.069673335,0.14032971,0.22429907,0.64892298,0.52897196,0.15568172
single_s71,single,342,6,2,8.95,2.795,2.806821,71,7,14,14.282813,99.979687,25.794931,3875.9432,3850.9738,3849.8041,67.679337,0.34390163,0.26146041,0.75074627,0.041578244,3.0398246,5.8520117,0.011768526,0.0090191577,0.020566252,0.009345737,0.0075004847,37.912967,0.57135197,0.010794524,0.059543783,0.084763142,0.11449016,0.61778015,0.56171735,0.13582809
single_s71,single,348,6,2,8.55,2.745,2.8188702,73,7,15,14.265625,99.859375,25.885979,3857.6627,3851.6446,3850.5132,66.640418,0.39626354,0.34492706,0.75693335,0.042953766,3.5093312,6.6055137,0.011849701,0.0091412238,0.021733512,0.0092081094,0.0074220023,38.093316,0.59057761,0.012483083,0.063347996,0.054153729,0.12021858,0.61787206,0.67395264,0.14091179
single_s71,single,354,7,3,7.975,2.67,2.7074691,77,8,15,12.497461,99.979687,25.904739,3859.5134,3854.5928,3853.5406,64.201462,0.44890976,0.41871279,0.75693335,0.042953766,4.0312632,6.88722,0.011700667,0.0090661628,0.022237809,0.0093186661,0.0074302797,37.853884,0.62045054,0.016050322,0.059277073,0.10797858,0.071161049,0.61126649,0.71535581,0.14487819
single_s89,single,0,7,2,8.455,2.815,2.8772413,76,8,17,12.497461,99.979687,26.08207,3833.2728,3864.9214,3863.8819,63.54362,0.6014793,0.59310158,0.79839676,0.021992744,5.0484237,7.0003076,0.012421676,0.010118274,0.020828655,0.013543064,0.01124764,48.419741,0.65070831,0.0099840728,0.039214002,0.06412159,0.037300178,0.52922511,0.53463588,0.19776529
single_s89,single,6,8,2,10.495,2.895,2.9229468,90,9,15,11.108854,99.979687,26.005924,3844.4967,3881.3198,3879.9441,73.135266,0.64802911,0.66662348,0.79704708,0.019238976,5.1121622,6.955828,0.013641234,0.011168024,0.022574856,0.015071246,0.012591706,48.310826,0.65635953,0.015207522,0.053711507,0.057341361,0.031088083,0.51437172,0.49568221,0.19049243
single_s89,single,12,8,3,10.32,3.19,3.2738777,88,9,15,11.095486,99.859375,25.910462,3854.0176,3895.9254,3894.1857,82.341791,0.685196,0.70415539,0.79834571,0.023143843,5.033019,7.0369541,0.01491186,0.012055424,0.025403593,0.015645495,0.012501566,47.346946,0.60510391,0.016450491,0.055317373,0.067070354,0.068965517,0.488549,0.48119122,0.18371921
single_s89,single,18,9,3,10.37,3.255,3.4190562,109,10,16,9.9979687,99.979687,25.821645,3871.9333,3906.9511,3904.913,89.195822,0.71135563,0.74790999,0.80027279,0.024565728,4.7588037,6.9856445,0.015950344,0.012994148,0.026541331,0.015996893,0.012763657,45.04303,0.59762958,0.024333438,0.060532934,0.042477453,0.069124424,0.46275695,0.46236559,0.19972353
single_s89,single,24,19,13,10.63,3.38,3.5273731,99,12,16,8.3316406,99.979687,25.713373,3888.237,3913.1265,3910.934,92.512273,0.72536468,0.77812857,0.80027279,0.024565728,4.5162638,6.9806967,0.016531672,0.01348255,0.026973893,0.015975416,0.012639355,45.833081,0.58924062,0.022765264,0.063632467,0.049205087,0.069526627,0.43702715,0.46893491,0.20070178
single_s89,single,30,14,3,15.425,3.75,3.9173574,84,11,15,9.0890625,99.979687,25.757298,3881.6062,3913.7734,3911.6125,91.781895,0.7266109,0.81970629,0.82101349,0.026014283,4.5075109,7.0016796,0.016515232,0.013482995,0.027440829,0.015098929,0.012522756,44.002287,0.57184918,0.021986874,0.067014254,0.065648566,0.025333333,0.44036511,0.49466667,0.19911432
single_s89,single,36,8,3,11.065,3.87,4.1367655,98,9,15,11.108854,99.979687,25.940909,3854.1321,3908.8301,3906.8767,87.190441,0.71503981,0.81353436,0.82101349,0.026014283,4.6609342,6.9550779,0.015863117,0.012935669,0.026905219,0.014717027,0.012780754,44.119707,0.56425753,0.014293265,0.059750162,0.06320032,0.034883721,0.44686308,0.36821705,0.20125226
single_s89,single,42,12,7,10.725,3.865,4.1324415,105,11,15,9.0890625,99.979687,26.056562,3837.0252,3898.8504,3897.2148,79.744666,0.69115713,0.79130697,0.82101349,0.026014283,4.9581539,7.0215386,0.014668593,0.012138787,0.025173276,0.013202872,0.011402602,44.620901,0.55472232,0.014013641,0.065842287,0.051634048,0.037516171,0.48346843,0.38033635,0.19549148
single_s89,single,48,21,14,12.615,3.835,4.2327563,111,14,17,7.1414063,99.979687,25.989542,3846.92,3885.0037,3883.6971,71.291149,0.65600665,0.67230802,0.77231851,0.044973017,5.1761797,7.0127522,0.013182402,0.010901842,0.022405455,0.012127147,0.010614026,43.398851,0.56083929,0.0089216763,0.060065725,0.068692875,0.032594524,0.48925288,0.47588005,0.19724548
single_s89,single,54,13,4,13.53,3.83,4.1073029,98,12,18,8.3316406,99.979687,25.896347,3860.7641,3869.054,3867.9999,64.073015,0.61112461,0.60241157,0.75863477,0.054787573,5.2159491,7.0065492,0.01178578,0.0097261717,0.020466355,0.010642641,0.0089752999,43.497206,0.58101887,0.018996035,0.063295866,0.080886768,0.039164491,0.55929216,0.61488251,0.19536613
single_s89,single,60,10,4,12.085,3.795,4.0581223,98,11,17,9.0890625,99.979687,25.860482,3866.1185,3853.2382,3852.3292,59.497463,0.55847258,0.55377581,0.77231851,0.044973017,4.8864072,6.9282112,0.010817244,0.0086424298,0.017633762,0.0096919175,0.007675002,42.263022,0.58016139,0.015168953,0.053345979,0.082951078,0.061923584,0.62707516,0.70092227,0.17761131
single_s89,single,66,14,3,12.65,3.565,3.6578383,92,11,16,9.0890625,99.979687,25.924824,3856.5232,3839.9316,3839.0965,56.971903,0.50035169,0.46195158,0.75911236,0.040056816,4.2146105,7.0404841,0.010307793,0.0079628354,0.015594876,0.0088654031,0.0067137002,42.517149,0.58291283,0.022297178,0.051293065,0.10182089,0.1430575,0.65164439,0.70687237,0.15138449
single_s89,single,72,16,3,16.245,3.325,3.3357163,86,13,16,7.6907452,99.979687,26.022044,3842.1151,3831.0886,3830.3182,54.676508,0.43930211,0.39262963,0.75911236,0.040056816,3.5821729,6.6540094,0.009983532,0.0076711737,0.015421613,0.0080895698,0.0062283767,40.628591,0.5858177,0.014205609,0.054556515,0.18177499,0.22406015,0.70553033,0.71278195,0.15729429
single_s89,single,78,10,2,13.875,3.155,3.1576201,90,10,16,9.9859375,99.859375,26.158025,3817.5427,3827.683,3826.9981,51.534014,0.377992,0.32483215,0.75911236,0.040056816,3.3500509,6.2551696,0.0095887755,0.0073013485,0.015303608,0.0069051395,0.0054903993,39.490783,0.59546676,0.018470973,0.05520605,0.1750158,0.15689382,0.65523918,0.82725832,0.17436539
single_s89,single,84,9,2,10.06,2.765,2.6583336,67,10,16,9.9979687,99.979687,26.266507,3806.3564,3829.4789,3828.8848,47.96178,0.31910091,0.26152221,0.75911236,0.040056816,3.3450219,6.0658431,0.0090847,0.0071361238,0.014675173,0.0061384616,0.0045373183,39.278568,0.63525143,0.0095931249,0.056462167,0.12679159,0.12115732,0.70058826,0.8517179,0.17176813
single_s89,single,90,9,2,9.62,2.58,2.4814124,71,10,13,9.9979687,99.979687,26.252523,3808.3839,3835.2319,3834.7051,45.093775,0.26520266,0.2153747,0.77600126,0.01172846,3.261115,4.9330564,0.0085899654,0.0069564288,0.014679074,0.0064200912,0.0051875713,37.031637,0.64364253,0.0092153255,0.068503537,0.11533927,0.031007752,0.72326412,0.88372093,0.18541712
single_s89,single,96,10,2,10.29,2.5,2.4033518,67,11,10,9.0890625,99.979687,26.150804,3823.1975,3843.1191,3842.6246,43.628868,0.21865286,0.18608163,0.75057582,0.007635769,3.2134608,4.1347982,0.0082467096,0.0065950348,0.013220504,0.0073773246,0.0061943749,35.45561,0.65672736,0.015786055,0.060894079,0.14371192,0.048,0.74446997,0.792,0.18535225
single_s89,single,102,10,2,11.705,2.6,2.514647,72,11,11,9.078125,99.859375,25.908401,3854.3241,3851.1744,3850.6864,43.33316,0.18148596,0.14453841,0.75050533,0.0090287788,2.8960494,4.0953502,0.0081175915,0.0062129301,0.013134907,0.0076760115,0.0063463435,33.100794,0.66027251,0.01715262,0.066241124,0.15488987,0.042307692,0.74815242,0.75769231,0.14050106
single_s89,single,108,10,2,10.55,2.74,2.5714679,87,9,14,11.108854,99.979687,25.791561,3876.4496,3857.6305,3857.1402,43.45458,0.15532633,0.14671814,0.74395401,0.043912288,2.5956657,4.1304275,0.0081531343,0.0062355154,0.013259087,0.0072479371,0.0056821761,31.104987,0.63243452,0.021291758,0.074018883,0.16184804,0.20072993,0.78475777,0.77737226,0.15132225
single_s89,single,114,9,4,10.755,3.055,2.8423629,95,8,14,12.497461,99.979687,25.753744,3882.1418,3861.1597,3860.6711,43.359108,0.14131728,0.12759496,0.74395401,0.043912288,2.4546446,4.1122926,0.0082348274,0.0063133445,0.013469015,0.0068368939,0.0053342109,32.893742,0.58449118,0.019634174,0.087364582,0.22061207,0.28314239,0.73856017,0.84615385,0.16990367
single_s89,single,120,12,2,13.07,3.26,3.1005236,85,9,13,11.108854,99.979687,25.809816,3873.7078,3861.0292,3860.5521,42.780601,0.14007106,0.11892137,0.75320916,0.044454839,2.6029994,4.0495379,0.0082383345,0.0063409578,0.013745518,0.0063940475,0.0047980619,32.011122,0.56098362,0.019883119,0.08130226,0.1890496,0.26380368,0.71165489,0.82515337,0.18972982
single_s89,single,126,16,4,11.88,3.05,2.984875,88,13,13,7.6907452,99.979687,25.89681,3860.6951,3857.1747,3856.7148,41.971334,0.15164215,0.1275456,0.75320916,0.044454839,2.8240061,4.0681786,0.0081108592,0.0063961964,0.014080547,0.0062859926,0.0044577729,33.685105,0.57074151,0.023441972,0.072131639,0.13264354,0.18360656,0.73694291,0.80983607,0.18203533
single_s89,single,132,10,2,10.695,3.255,3.1428158,82,11,13,9.0890625,99.979687,26.004003,3844.7807,3850.2062,3849.7497,41.892248,0.17552483,0.14958707,0.75320916,0.044454839,3.1015907,4.1326947,0.0079659028,0.0064192914,0.013760555,0.0068632326,0.0052289723,34.409887,0.5472881,0.028836351,0.062862843,0.11302602,0.08141321,0.76808375,0.85867896,0.18247449
single_s89,single,138,12,4,10.515,3.035,2.9961115,85,11,14,9.0890625,99.979687,26.098814,3830.8134,3841.3793,3840.8852,43.704755,0.21067531,0.18445271,0.76772527,0.041730023,3.3084418,4.1345023,0.0080821562,0.0063942191,0.012864509,0.0074679899,0.0060737166,35.363552,0.5482123,0.014957701,0.073535896,0.14203505,0.054365733,0.76251493,0.80724876,0.15877919
single_s89,single,144,8,2,12.19,3.305,3.1976299,72,9,14,11.108854,99.979687,26.161182,3821.6808,3832.525,3831.9467,47.343085,0.25555735,0.23252827,0.76772527,0.041730023,3.2073684,5.0535367,0.00865031,0.0066283411,0.013529639,0.0076849295,0.0060757611,35.402753,0.4972906,0.0095238763,0.065945721,0.12224923,0.12556732,0.74210325,0.74432678,0.13646097
single_s89,single,150,9,2,11.245,3.16,3.1327507,89,10,14,9.9979687,99.979687,26.28319,3803.9404,3825.8396,3825.1674,51.043282,0.30820939,0.28958706,0.76772527,0.041730023,2.8319468,6.2157464,0.0094908631,0.0071847028,0.01491915,0.0079233863,0.0067068941,36.03378,0.51827173,0.017570741,0.05070489,0.16852571,0.034810127,0.67430797,0.71518987,0.15135469
single_s89,single,156,11,2,13.24,3.12,3.0227961,88,10,14,9.9979687,99.979687,26.279906,3804.4157,3823.4157,3822.6951,52.897195,0.36633027,0.35313535,0.76772527,0.041730023,2.8781466,6.6064478,0.010224597,0.0076331245,0.015306469,0.0076588397,0.0062754811,36.755933,0.5374767,0.020636088,0.066070194,0.23269289,0.10416667,0.64077411,0.72916667,0.14319299
single_s89,single,162,17,7,12.895,3.16,3.0514322,76,10,14,9.9979687,99.979687,26.343364,3795.2514,3826.5886,3825.8746,52.751204,0.42737985,0.42039576,0.76772527,0.041730023,3.5341695,6.384726,0.010670888,0.007872103,0.019620832,0.0068951492,0.0053339232,37.701197,0.54371981,0.020641347,0.06451955,0.13949301,0.24841772,0.66370855,0.82911392,0.14049054
single_s89,single,168,11,5,11.055,2.835,2.8163546,91,10,14,9.9859375,99.859375,26.250471,3804.0984,3835.455,3834.74,52.829577,0.48868996,0.48842869,0.76772527,0.041730023,4.1862497,6.5315135,0.01099154,0.0081389007,0.021805338,0.0073298356,0.0059390229,39.897108,0.59904703,0.0065768655,0.06342998,0.13729634,0.059964727,0.70032705,0.77601411,0.12196785
single_s89,single,174,7,2,8.99,2.73,2.652091,71,8,13,12.497461,99.979687,26.150024,3823.3115,3848.882,3848.0722,56.147247,0.54758105,0.55408859,0.76846496,0.040369481,4.7579875,7.0026982,0.01151151,0.0089494648,0.020560986,0.0084197784,0.0067503836,40.568415,0.59252112,0.0095940015,0.047899882,0.10259139,0.086080586,0.61265917,0.75457875,0.14758721
single_s89,single,180,7,2,8.76,2.415,2.3514379,64,8,12,12.497461,99.979687,26.082182,3833.2562,3864.9214,3863.8819,63.54362,0.6014793,0.61283758,0.76867504,0.040658689,5.0484237,7.0003076,0.012421676,0.010118274,0.020828655,0.00981791,0.0080634201,43.031026,0.62598176,0.0099840728,0.039214002,0.06412159,0.078674948,0.52922511,0.69772257,0.19776529
single_s89,single,186,8,1,8.2,2.35,2.3138988,69,9,12,11.108854,99.979687,26.007613,3844.2469,3881.3198,3879.9441,73.135266,0.64802911,0.6662897,0.76867504,0.040658689,5.1121622,6.955828,0.013641234,0.011168024,0.022574856,0.01146817,0.0092433087,45.522068,0.6458204,0.015207522,0.053711507,0.057341361,0.074468085,0.51437172,0.56808511,0.19049243
single_s89,single,192,8,1,9.34,2.41,2.368071,74,9,12,11.095486,99.859375,25.907937,3854.3931,3895.9254,3894.1857,82.341791,0.685196,0.70979527,0.76867504,0.040658689,5.033019,7.0369541,0.01491186,0.012055424,0.025403593,0.012852534,0.010509891,47.46207,0.62538725,0.016450491,0.055317373,0.067070354,0.049792531,0.488549,0.54771784,0.18371921
single_s89,single,198,9,1,10.95,2.54,2.4128343,70,10,11,9.9979687,99.979687,25.823287,3871.6871,3906.9511,3904.913,89.195822,0.71135563,0.74358729,0.77134646,0.040635137,4.7588037,6.9856445,0.015950344,0.012994148,0.026541331,0.01490595,0.012780323,47.685423,0.59983095,0.024333438,0.060532934,0.042477453,0.037401575,0.46275695,0.40354331,0.19972353
single_s89,single,204,19,1,11.645,2.63,2.5217084,84,12,11,8.3316406,99.979687,25.711432,3888.5305,3913.1265,3910.934,92.512273,0.72536468,0.76243725,0.77134646,0.040635137,4.5162638,6.9806967,0.016531672,0.01348255,0.026973893,0.016090633,0.014287672,49.756376,0.59302396,0.022765264,0.063632467,0.049205087,0.02851711,0.43702715,0.30418251,0.20070178
single_s89,single,210,12,1,12.4,2.62,2.4569539,66,11,11,9.0890625,99.979687,25.754577,3882.0163,3913.7734,3911.6125,91.781895,0.7266109,0.76186802,0.76713131,0.047664708,4.5075109,7.0016796,0.016515232,0.013482995,0.027440829,0.017485122,0.015661464,51.609181,0.60151799,0.021986874,0.067014254,0.065648566,0.040076336,0.44036511,0.25572519,0.19911432
single_s89,single,216,8,1,12.55,2.345,2.332441,59,9,10,11.108854,99.979687,25.941416,3854.0567,3908.8301,3906.8767,87.190441,0.71503981,0.77277328,0.79001391,0.016572698,4.6609342,6.9550779,0.015863117,0.012935669,0.026905219,0.017718526,0.016069077,51.621141,0.60121989,0.014293265,0.059750162,0.06320032,0.014925373,0.44686308,0.25799574,0.20125226
single_s89,single,222,12,1,12.485,2.25,2.2370822,60,11,10,9.0890625,99.979687,26.056041,3837.102,3898.8504,3897.2148,79.744666,0.69115713,0.74551967,0.79001391,0.016572698,4.9581539,7.0215386,0.014668593,0.012138787,0.025173276,0.017327567,0.015447966,52.696311,0.57970557,0.014013641,0.065842287,0.051634048,0.04,0.48346843,0.23555556,0.19549148
single_s89,single,228,21,2,12.51,2.185,2.2167346,62,14,10,7.1414063,99.979687,25.989014,3846.9981,3885.0037,3883.6971,71.291149,0.65600665,0.70472896,0.79001391,0.016572698,5.1761797,7.0127522,0.013182402,0.010901842,0.022405455,0.015837648,0.013759403,52.348326,0.55185461,0.0089216763,0.060065725,0.068692875,0.04576659,0.48925288,0.33180778,0.19724548
single_s89,single,234,11,2,12.42,2.07,2.094808,48,12,10,8.3316406,99.979687,25.898165,3860.4931,3869.054,3867.9999,64.073015,0.61112461,0.65218391,0.79001391,0.016572698,5.2159491,7.0065492,0.01178578,0.0097261717,0.020466355,0.013649173,0.011668651,52.950987,0.53135183,0.018996035,0.063295866,0.080886768,0.04589372,0.55929216,0.4589372,0.19536613
single_s89,single,240,10,1,12.84,1.825,1.8537506,51,11,10,9.0890625,99.979687,25.861727,3865.9324,3853.2382,3852.3292,59.497463,0.55847258,0.59018098,0.79001391,0.016572698,4.8864072,6.9282112,0.010817244,0.0086424298,0.017633762,0.011048191,0.0094823327,51.817961,0.51761793,0.015168953,0.053345979,0.082951078,0.052054795,0.62707516,0.56986301,0.17761131
single_s89,single,246,14,1,12.445,1.71,1.6048045,45,11,10,9.0890625,99.979687,25.924828,3856.5226,3839.9316,3839.0965,56.971903,0.50035169,0.51715181,0.77974481,0.022198599,4.2146105,7.0404841,0.010307793,0.0079628354,0.015594876,0.0088680359,0.0076784471,50.870855,0.4950069,0.022297178,0.051293065,0.10182089,0.046783626,0.65164439,0.71637427,0.15138449
single_s89,single,252,18,1,12.035,1.935,1.7405603,42,13,10,7.6907452,99.979687,26.022205,3842.0913,3831.0886,3830.3182,54.676508,0.43930211,0.4093847,0.79130453,0.010860681,3.5821729,6.6540094,0.009983532,0.0076711737,0.015421613,0.0068595813,0.0051993439,50.404127,0.4586387,0.014205609,0.054556515,0.18177499,0.20671835,0.70553033,0.86046512,0.15729429
single_s89,single,258,8,1,10.06,1.94,1.7696057,47,9,10,11.095486,99.859375,26.159234,3817.3662,3827.683,3826.9981,51.534014,0.377992,0.33660133,0.79130453,0.010860681,3.3500509,6.2551696,0.0095887755,0.0073013485,0.015303608,0.0066100747,0.0055179773,48.863144,0.4544893,0.018470973,0.05520605,0.1750158,0.090206186,0.65523918,0.87113402,0.17436539
single_s89,single,264,9,1,11.75,1.885,1.6789012,41,10,10,9.9979687,99.979687,26.266507,3806.3564,3829.4789,3828.8848,47.96178,0.31910091,0.26283716,0.77138558,0.01015866,3.3450219,6.0658431,0.0090847,0.0071361238,0.014675173,0.0076544406,0.0064414734,47.871473,0.52041855,0.0095931249,0.056462167,0.12679159,0.14058355,0.70058826,0.75862069,0.17176813
single_s89,single,270,9,1,9.575,1.955,1.7761821,54,10,10,9.9979687,99.979687,26.251754,3808.4956,3835.2319,3834.7051,45.093775,0.26520266,0.20548234,0.77138558,0.01015866,3.261115,4.9330564,0.0085899654,0.0069564288,0.014679074,0.0090402771,0.007385522,46.776988,0.56709664,0.0092153255,0.068503537,0.11533927,0.16112532,0.72326412,0.49360614,0.18541712
single_s89,single,276,10,1,10.445,1.965,1.8606859,57,11,11,9.0890625,99.979687,26.15115,3823.1469,3843.1191,3842.6246,43.628868,0.21865286,0.14931689,0.7979603,0.010363383,3.2134608,4.1347982,0.0082467096,0.0065950348,0.013220504,0.0094872245,0.0083659555,42.157038,0.65476274,0.015786055,0.060894079,0.14371192,0.038167939,0.74446997,0.60559796,0.18535225
single_s89,single,282,10,2,9.64,2.48,2.3985242,70,11,13,9.078125,99.859375,25.907141,3854.5116,3851.1744,3850.6864,43.33316,0.18148596,0.15838454,0.75585761,0.01413846,2.8960494,4.0953502,0.0081175915,0.0062129301,0.013134907,0.0089600015,0.0079701422,43.795876,0.61912851,0.01715262,0.066241124,0.15488987,0.08266129,0.74815242,0.6875,0.14050106
single_s89,single,288,10,5,9.21,2.76,2.688919,73,9,13,11.108854,99.979687,25.791548,3876.4517,3857.6305,3857.1402,43.45458,0.15532633,0.12984879,0.75585761,0.01413846,2.5956657,4.1304275,0.0081531343,0.0062355154,0.013259087,0.008780591,0.0074346681,44.04674,0.62704308,0.021291758,0.074018883,0.16184804,0.14855072,0.78475777,0.63405797,0.15132225
single_s89,single,294,9,2,9.195,2.99,2.9090441,73,8,13,12.497461,99.979687,25.753501,3882.1785,3861.1597,3860.6711,43.359108,0.14131728,0.11457498,0.75585761,0.01413846,2.4546446,4.1122926,0.0082348274,0.0063133445,0.013469015,0.0077536639,0.0067150491,44.232378,0.65400998,0.019634174,0.087364582,0.22061207,0.10535117,0.73856017,0.73745819,0.16990367
single_s89,single,300,14,2,11.065,3.26,3.2831915,88,9,13,11.108854,99.979687,25.807898,3873.9957,3861.0292,3860.5521,42.780601,0.14007106,0.11323065,0.75585761,0.01413846,2.6029994,4.0495379,0.0082383345,0.0063409578,0.013745518,0.0070436205,0.0061295711,45.488528,0.64662028,0.019883119,0.08130226,0.1890496,0.087423313,0.71165489,0.86656442,0.18972982
single_s89,single,306,16,3,13.54,3.245,3.2553066,80,13,13,7.6907452,99.979687,25.897857,3860.539,3857.1747,3856.7148,41.971334,0.15164215,0.12587456,0.75585761,0.01413846,2.8240061,4.0681786,0.0081108592,0.0063961964,0.014080547,0.0069252736,0.0055231787,45.613658,0.66409829,0.023441972,0.072131639,0.13264354,0.081664099,0.73694291,0.80739599,0.18203533
single_s89,single,312,10,3,12.48,3.325,3.3727684,79,11,14,9.0890625,99.979687,26.006264,3844.4463,3850.2062,3849.7497,41.892248,0.17552483,0.13913997,0.77182638,0.018406302,3.1015907,4.1326947,0.0079659028,0.0064192914,0.013760555,0.0077840861,0.00612427,46.369502,0.65847168,0.028836351,0.062862843,0.11302602,0.11729323,0.76808375,0.75639098,0.18247449
single_s89,single,318,14,3,12.505,3.275,3.2452718,80,11,14,9.0890625,99.979687,26.099466,3830.7177,3841.3793,3840.8852,43.704755,0.21067531,0.17654937,0.77182638,0.018406302,3.3084418,4.1345023,0.0080821562,0.0063942191,0.012864509,0.0089097387,0.0075038337,46.322979,0.64216993,0.014957701,0.073535896,0.14203505,0.080916031,0.76251493,0.6519084,0.15877919
single_s89,single,324,8,3,12.42,3.315,3.2847627,96,9,16,11.108854,99.979687,26.16177,3821.5949,3832.525,3831.9467,47.343085,0.25555735,0.21450599,0.77506423,0.0198245,3.2073684,5.0535367,0.00865031,0.0066283411,0.013529639,0.00937516,0.008094536,47.648679,0.63124115,0.0095238763,0.065945721,0.12224923,0.070889894,0.74210325,0.58220211,0.13646097
single_s89,single,330,11,3,18.405,3.32,3.2657537,94,10,16,9.9979687,99.979687,26.282684,3804.0136,3825.8396,3825.1674,51.043282,0.30820939,0.27104026,0.77506423,0.0198245,2.8319468,6.2157464,0.0094908631,0.0071847028,0.01491915,0.0090103473,0.0075213624,48.552498,0.6138638,0.017570741,0.05070489,0.16852571,0.14759036,0.67430797,0.59487952,0.15135469
single_s89,single,336,11,2,10.9,3.325,3.2392655,86,10,17,9.9979687,99.979687,26.27974,3804.4398,3823.4157,3822.6951,52.897195,0.36633027,0.33176293,0.7686832,0.019675862,2.8781466,6.6064478,0.010224597,0.0076331245,0.015306469,0.0080557505,0.0068413855,48.124921,0.59586427,0.020636088,0.066070194,0.23269289,0.048120301,0.64077411,0.72932331,0.14319299
single_s89,single,342,17,4,9.98,3.195,3.1210993,91,10,17,9.9979687,99.979687,26.343364,3795.2514,3826.5886,3825.8746,52.751204,0.42737985,0.39926726,0.7686832,0.019675862,3.5341695,6.384726,0.010670888,0.007872103,0.019620832,0.0074888139,0.0061997645,48.395609,0.61600925,0.020641347,0.06451955,0.13949301,0.092331768,0.66370855,0.80907668,0.14049054
single_s89,single,348,11,3,9.84,2.915,2.9045235,81,10,18,9.9859375,99.859375,26.250347,3804.1164,3835.455,3834.74,52.829577,0.48868996,0.4800953,0.76980639,0.01986371,4.1862497,6.5315135,0.01099154,0.0081389007,0.021805338,0.0091269073,0.006840177,49.258446,0.63990174,0.0065768655,0.06342998,0.13729634,0.11149228,0.70032705,0.7238422,0.12196785
single_s89,single,354,7,2,8.71,2.84,2.8328625,77,8,17,12.497461,99.979687,26.150024,3823.3115,3848.882,3848.0722,56.147247,0.54758105,0.52409802,0.79839676,0.021992744,4.7579875,7.0026982,0.01151151,0.0089494648,0.020560986,0.011426134,0.0090012031,49.664955,0.64884978,0.0095940015,0.047899882,0.10259139,0.075704225,0.61265917,0.66549296,0.14758721
zerocontrast_s11,control,0,7,3,8.33,2.695,2.7544373,76,8,13,12.497461,99.979687,26.047408,3838.3737,3838.3737,3838.3737,4.5474735e-13,0.12239995,0.12239995,1,-1.4278768e-16,4.1011358,4.1011358,0,0,0,0,0,0,0.67840188,0.0029754248,0.061023709,1,1,1,1,1
zerocontrast_s11,control,6,7,3,8.635,2.765,2.8514372,79,8,13,12.497461,99.979687,26.202135,3815.7076,3815.7076,3815.7076,0,0.1814082,0.1814082,1,-1.4278768e-16,4.0054339,4.0054339,0,0,0,0,0,0,0.6684161,0.0080923748,0.048576427,1,1,1,1,1
zerocontrast_s11,control,12,8,3,9.37,2.92,3.029141,75,9,14,11.095486,99.859375,26.307357,3795.8725,3795.8725,3795.8725,0,0.2473245,0.2473245,1,-7.631882e-17,3.2935165,3.2935165,0,0,0,0,0,0,0.66395931,0.016500567,0.039624426,1,1,1,1,1
zerocontrast_s11,control,18,10,4,10.245,3.005,3.1208491,77,11,14,9.0890625,99.979687,26.435696,3781.9956,3781.9956,3781.9956,0,0.31726801,0.31726801,1,-7.631882e-17,1.9987031,1.9987031,0,0,0,0,0,0,0.65483691,0.018462005,0.049013781,1,1,1,1,1
zerocontrast_s11,control,24,18,4,12.845,3.095,3.1975472,82,11,12,9.0890625,99.979687,26.47605,3776.2313,3776.2313,3776.2313,4.5474735e-13,0.38818185,0.38818185,1,-2.1115753e-17,0.28986704,0.28986704,0,0,0,0,0,0,0.64831959,0.017410759,0.051086997,1,1,1,1,1
zerocontrast_s11,control,30,17,9,10.82,3.12,3.1561503,87,12,10,8.3316406,99.979687,26.456015,3779.091,3779.091,3779.091,4.5474735e-13,0.45696675,0.45696675,1,-4.4630379e-17,1.5546673,1.5546673,0,0,0,0,0,0,0.63127355,0.020868781,0.053358043,1,1,1,1,1
zerocontrast_s11,control,36,15,3,11.905,3.04,3.075109,77,12,10,8.3316406,99.979687,26.385234,3789.2288,3789.2288,3789.2288,9.094947e-13,0.52061648,0.52061648,1,-4.4630379e-17,3.2445078,3.2445078,0,0,0,0,0,0,0.62955512,0.012669951,0.054380901,1,1,1,1,1
zerocontrast_s11,control,42,11,3,12.02,3.085,3.2380466,80,12,12,8.3316406,99.979687,26.283854,3803.8443,3803.8443,3803.8443,4.5474735e-13,0.57634924,0.57634924,1,8.990655e-17,4.5832864,4.5832864,0,0,0,0,0,0,0.61330574,0.0167188,0.058018122,1,1,1,1,1
zerocontrast_s11,control,48,9,3,11.575,3.135,3.2462611,77,10,11,9.9979687,99.979687,26.176231,3819.4837,3819.4837,3819.4837,0,0.62172924,0.62172924,1,-9.7142676e-19,5.50999,5.50999,0,0,0,0,0,0,0.59632887,0.011136108,0.070201041,1,1,1,1,1
zerocontrast_s11,control,54,14,3,11.11,2.805,2.8301849,79,11,11,9.0890625,99.979687,26.084962,3832.8478,3832.8478,3832.8478,4.5474735e-13,0.65477316,0.65477316,1,-9.7142676e-19,6.0678646,6.0678646,0,0,0,0,0,0,0.63998364,0.026913667,0.071198172,1,1,1,1,1
zerocontrast_s11,control,60,10,2,11.635,2.845,2.9089655,69,9,11,11.108854,99.979687,26.027138,3841.3631,3841.3631,3841.3631,9.094947e-13,0.67403682,0.67403682,1,-9.7142676e-19,6.3418742,6.3418742,0,0,0,0,0,0,0.62753004,0.022918933,0.077167651,1,1,1,1,1
zerocontrast_s11,control,66,8,2,12.93,2.77,2.8682694,76,9,13,11.108854,99.979687,26.012724,3843.4916,3843.4916,3843.4916,4.5474735e-13,0.6786783,0.6786783,1,-1.111438e-16,6.4019212,6.4019212,0,0,0,0,0,0,0.63707768,0.016847434,0.063045472,1,1,1,1,1
zerocontrast_s11,control,72,23,3,11.09,2.705,2.8275441,80,12,12,8.3316406,99.979687,26.044107,3838.8603,3838.8603,3838.8603,9.094947e-13,0.66849476,0.66849476,1,-1.8750518e-17,6.267072,6.267072,0,0,0,0,0,0,0.65206096,0.0063846548,0.063006439,1,1,1,1,1
zerocontrast_s11,control,78,13,6,9.95,2.575,2.70843,75,12,11,8.3216146,99.859375,26.084614,3828.2865,3828.2865,3828.2865,4.5474735e-13,0.64393125,0.64393125,1,-1.8750518e-17,5.8966612,5.8966612,0,0,0,0,0,0,0.69066438,0.008972405,0.066553174,1,1,1,1,1
zerocontrast_s11,control,84,9,3,9.5,2.485,2.6818193,72,10,12,9.9979687,99.979687,26.215796,3813.7194,3813.7194,3813.7194,4.5474735e-13,0.60606133,0.60606133,1,-1.8750518e-17,5.2096044,5.2096044,0,0,0,0,0,0,0.68982961,0.0060342396,0.064640527,1,1,1,1,1
zerocontrast_s11,control,90,8,3,9.38,2.355,2.5316225,64,9,11,11.108854,99.979687,26.323928,3798.0536,3798.0536,3798.0536,0,0.55654009,0.55654009,1,-1.5675761e-17,4.1290693,4.1290693,0,0,0,0,0,0,0.69205211,0.012010816,0.06794685,1,1,1,1,1
zerocontrast_s11,control,96,11,3,9.64,2.33,2.4601415,72,11,11,9.0890625,99.979687,26.416608,3784.7284,3784.7284,3784.7284,0,0.49753184,0.49753184,1,-1.2792837e-16,2.6443058,2.6443058,0,0,0,0,0,0,0.69988689,0.024517536,0.077195152,1,1,1,1,1
zerocontrast_s11,control,102,12,3,11.785,2.37,2.4491711,72,13,12,7.6814904,99.859375,26.438423,3777.0548,3777.0548,3777.0548,9.094947e-13,0.43161554,0.43161554,1,-1.1558356e-16,0.86660585,0.86660585,0,0,0,0,0,0,0.67051163,0.020298359,0.073294454,1,1,1,1,1
zerocontrast_s11,control,108,9,2,10.51,2.58,2.6263655,69,10,11,9.9979687,99.979687,26.468078,3777.3687,3777.3687,3777.3687,0,0.36167203,0.36167203,1,9.4037227e-19,0.96306156,0.96306156,0,0,0,0,0,0,0.64847838,0.01715438,0.077555326,1,1,1,1,1
zerocontrast_s11,control,114,9,2,10.89,2.595,2.5044013,74,10,13,9.9979687,99.979687,26.405403,3786.3344,3786.3344,3786.3344,0,0.29075819,0.29075819,1,-1.2145667e-16,2.5448857,2.5448857,0,0,0,0,0,0,0.63971839,0.0057184223,0.063090716,1,1,1,1,1
zerocontrast_s11,control,120,17,2,11.96,2.505,2.4221611,64,12,13,8.3316406,99.979687,26.291296,3802.7676,3802.7676,3802.7676,4.5474735e-13,0.22197329,0.22197329,1,-1.2145667e-16,3.6333779,3.6333779,0,0,0,0,0,0,0.63329173,0.0056651946,0.06868494,1,1,1,1,1
zerocontrast_s11,control,126,15,5,12.54,2.595,2.4326914,70,12,13,8.3316406,99.979687,26.144919,3824.058,3824.058,3824.058,9.094947e-13,0.15832356,0.15832356,1,-1.2145667e-16,4.1115432,4.1115432,0,0,0,0,0,0,0.62154726,0.010936505,0.060323766,1,1,1,1,1
zerocontrast_s11,control,132,12,3,12.86,2.675,2.5076386,73,11,13,9.0890625,99.979687,25.989585,3846.9136,3846.9136,3846.9136,4.5474735e-13,0.1025908,0.1025908,1,-1.2145667e-16,3.9898765,3.9898765,0,0,0,0,0,0,0.57247729,0.019489299,0.061376786,1,1,1,1,1
zerocontrast_s11,control,138,14,3,15.42,2.475,2.437995,64,11,12,9.0890625,99.979687,25.847476,3868.0638,3868.0638,3868.0638,4.5474735e-13,0.057210795,0.057210795,1,-1.1103006e-16,3.3606379,3.3606379,0,0,0,0,0,0,0.58749252,0.023492904,0.064949247,1,1,1,1,1
zerocontrast_s11,control,144,7,3,11.225,2.365,2.422698,59,8,11,12.497461,99.979687,25.736549,3884.7355,3884.7355,3884.7355,0,0.024166877,0.024166877,1,5.3909735e-17,2.3522162,2.3522162,0,0,0,0,0,0,0.59921774,0.01836176,0.062736752,1,1,1,1,1
zerocontrast_s11,control,150,7,3,11.06,2.25,2.3706259,68,8,12,12.497461,99.979687,25.669355,3894.9045,3894.9045,3894.9045,4.5474735e-13,0.0049032183,0.0049032183,1,-1.9971331e-17,1.1014731,1.1014731,0,0,0,0,0,0,0.6255282,0.016957437,0.076537791,1,1,1,1,1
zerocontrast_s11,control,156,7,3,9.275,2.43,2.5186334,60,8,13,12.497461,99.979687,25.65291,3897.4014,3897.4014,3897.4014,0,0.00026173453,0.00026173453,1,-1.3642166e-16,0.25676653,0.25676653,0,0,0,0,0,0,0.60957998,0.01323239,0.070568311,1,1,1,1,1
zerocontrast_s11,control,162,11,6,8.455,2.335,2.4375519,62,10,12,9.9979687,99.979687,25.688865,3891.9465,3891.9465,3891.9465,0,0.010445281,0.010445281,1,-1.8750518e-17,1.5902737,1.5902737,0,0,0,0,0,0,0.63701092,0.025071103,0.075331298,1,1,1,1,1
zerocontrast_s11,control,168,8,4,8.57,2.45,2.5737685,67,9,11,11.095486,99.859375,25.74256,3879.1548,3879.1548,3879.1548,4.5474735e-13,0.035008786,0.035008786,1,-1.4308922e-16,2.766145,2.766145,0,0,0,0,0,0,0.62923147,0.021285731,0.07883545,1,1,1,1,1
zerocontrast_s11,control,174,8,2,8.36,2.4,2.415096,63,9,11,11.108854,99.979687,25.897966,3860.5227,3860.5227,3860.5227,4.5474735e-13,0.072878709,0.072878709,1,-1.4308922e-16,3.6483175,3.6483175,0,0,0,0,0,0,0.66212735,0.016701945,0.06798411,1,1,1,1,1
zerocontrast_s11,control,180,7,2,8.595,2.495,2.4842647,62,8,12,12.497461,99.979687,26.047408,3838.3737,3838.3737,3838.3737,4.5474735e-13,0.12239995,0.12239995,1,-5.2913079e-17,4.1011358,4.1011358,0,0,0,0,0,0,0.658702,0.0029754248,0.061023709,1,1,1,1,1
zerocontrast_s11,control,186,7,2,8.99,2.495,2.4899515,73,8,12,12.497461,99.979687,26.202135,3815.7076,3815.7076,3815.7076,0,0.1814082,0.1814082,1,-5.2913079e-17,4.0054339,4.0054339,0,0,0,0,0,0,0.67373445,0.0080923748,0.048576427,1,1,1,1,1
zerocontrast_s11,control,192,8,2,11.195,2.565,2.5591786,79,9,12,11.095486,99.859375,26.307357,3795.8725,3795.8725,3795.8725,0,0.2473245,0.2473245,1,-5.2913079e-17,3.2935165,3.2935165,0,0,0,0,0,0,0.65219198,0.016500567,0.039624426,1,1,1,1,1
zerocontrast_s11,control,198,10,3,10.985,2.65,2.662654,75,11,12,9.0890625,99.979687,26.435696,3781.9956,3781.9956,3781.9956,0,0.31726801,0.31726801,1,-5.2913079e-17,1.9987031,1.9987031,0,0,0,0,0,0,0.62848669,0.018462005,0.049013781,1,1,1,1,1
zerocontrast_s11,control,204,16,3,10.94,2.485,2.581067,58,11,11,9.0890625,99.979687,26.47605,3776.2313,3776.2313,3776.2313,4.5474735e-13,0.38818185,0.38818185,1,-3.3709453e-16,0.28986704,0.28986704,0,0,0,0,0,0,0.6310351,0.017410759,0.051086997,1,1,1,1,1
zerocontrast_s11,control,210,17,6,12.28,2.64,2.7638808,64,12,10,8.3316406,99.979687,26.456015,3779.091,3779.091,3779.091,4.5474735e-13,0.45696675,0.45696675,1,6.8461329e-17,1.5546673,1.5546673,0,0,0,0,0,0,0.57666971,0.020868781,0.053358043,1,1,1,1,1
zerocontrast_s11,control,216,15,2,13.08,2.48,2.5236004,63,12,10,8.3316406,99.979687,26.385234,3789.2288,3789.2288,3789.2288,9.094947e-13,0.52061648,0.52061648,1,6.8461329e-17,3.2445078,3.2445078,0,0,0,0,0,0,0.58350939,0.012669951,0.054380901,1,1,1,1,1
zerocontrast_s11,control,222,11,3,12.445,2.54,2.6141315,64,12,10,8.3316406,99.979687,26.283854,3803.8443,3803.8443,3803.8443,4.5474735e-13,0.57634924,0.57634924,1,6.8461329e-17,4.5832864,4.5832864,0,0,0,0,0,0,0.54985527,0.0167188,0.058018122,1,1,1,1,1
zerocontrast_s11,control,228,9,3,11.37,2.55,2.5605826,66,10,13,9.9979687,99.979687,26.176231,3819.4837,3819.4837,3819.4837,0,0.62172924,0.62172924,1,-1.1233077e-16,5.50999,5.50999,0,0,0,0,0,0,0.53859672,0.011136108,0.070201041,1,1,1,1,1
zerocontrast_s11,control,234,14,2,13.415,2.54,2.5096264,66,11,14,9.0890625,99.979687,26.084962,3832.8478,3832.8478,3832.8478,4.5474735e-13,0.65477316,0.65477316,1,1.4216663e-17,6.0678646,6.0678646,0,0,0,0,0,0,0.5106534,0.026913667,0.071198172,1,1,1,1,1
zerocontrast_s11,control,240,8,2,13.105,2.43,2.3521411,59,9,13,11.108854,99.979687,26.027138,3841.3631,3841.3631,3841.3631,9.094947e-13,0.67403682,0.67403682,1,-2.1939454e-17,6.3418742,6.3418742,0,0,0,0,0,0,0.51365,0.022918933,0.077167651,1,1,1,1,1
zerocontrast_s11,control,246,8,2,12.915,2.24,2.2478167,69,9,12,11.108854,99.979687,26.012724,3843.4916,3843.4916,3843.4916,4.5474735e-13,0.6786783,0.6786783,1,-2.2407829e-16,6.4019212,6.4019212,0,0,0,0,0,0,0.55072761,0.016847434,0.063045472,1,1,1,1,1
zerocontrast_s11,control,252,21,2,13.605,2.365,2.3147105,55,12,12,8.3316406,99.979687,26.044107,3838.8603,3838.8603,3838.8603,9.094947e-13,0.66849476,0.66849476,1,-2.2407829e-16,6.267072,6.267072,0,0,0,0,0,0,0.5358211,0.0063846548,0.063006439,1,1,1,1,1
zerocontrast_s11,control,258,11,2,11.005,2.02,2.0180538,55,12,12,8.3216146,99.859375,26.084614,3828.2865,3828.2865,3828.2865,0,0.64393125,0.64393125,1,-2.2407829e-16,5.8966612,5.8966612,0,0,0,0,0,0,0.58645312,0.008972405,0.066553174,1,1,1,1,1
zerocontrast_s11,control,264,9,2,9.96,1.92,1.9315273,50,10,12,9.9979687,99.979687,26.215796,3813.7194,3813.7194,3813.7194,0,0.60606133,0.60606133,1,-2.2407829e-16,5.2096044,5.2096044,0,0,0,0,0,0,0.61386672,0.0060342396,0.064640527,1,1,1,1,1
zerocontrast_s11,control,270,8,2,9.53,1.915,1.9278136,50,9,11,11.108854,99.979687,26.323928,3798.0536,3798.0536,3798.0536,0,0.55654009,0.55654009,1,-1.3173598e-16,4.1290693,4.1290693,0,0,0,0,0,0,0.62517744,0.012010816,0.06794685,1,1,1,1,1
zerocontrast_s11,control,276,9,2,10.71,2,2.0457125,52,10,11,9.9979687,99.979687,26.416608,3784.7284,3784.7284,3784.7284,0,0.49753184,0.49753184,1,-1.6792016e-16,2.6443058,2.6443058,0,0,0,0,0,0,0.62435017,0.024517536,0.077195152,1,1,1,1,1
zerocontrast_s11,control,282,12,3,10.565,2.035,2.0661184,53,13,11,7.6814904,99.859375,26.438423,3777.0548,3777.0548,3777.0548,9.094947e-13,0.43161554,0.43161554,1,-1.6792016e-16,0.86660585,0.86660585,0,0,0,0,0,0,0.60499926,0.020298359,0.073294454,1,1,1,1,1
zerocontrast_s11,control,288,9,3,10.36,2.09,2.1167311,59,10,12,9.9979687,99.979687,26.468078,3777.3687,3777.3687,3777.3687,4.5474735e-13,0.36167203,0.36167203,1,-7.2126303e-18,0.96306156,0.96306156,0,0,0,0,0,0,0.58920097,0.01715438,0.077555326,1,1,1,1,1
zerocontrast_s11,control,294,9,3,10.205,2.24,2.2549251,58,10,10,9.9979687,99.979687,26.405403,3786.3344,3786.3344,3786.3344,0,0.29075819,0.29075819,1,-2.2407829e-16,2.5448857,2.5448857,0,0,0,0,0,0,0.57861617,0.0057184223,0.063090716,1,1,1,1,1
zerocontrast_s11,control,300,13,3,15.52,2.495,2.4826525,67,12,10,8.3316406,99.979687,26.291296,3802.7676,3802.7676,3802.7676,0,0.22197329,0.22197329,1,-2.2407829e-16,3.6333779,3.6333779,0,0,0,0,0,0,0.55644976,0.0056651946,0.06868494,1,1,1,1,1
zerocontrast_s11,control,306,15,4,10.485,2.665,2.6306081,69,12,12,8.3316406,99.979687,26.144919,3824.058,3824.058,3824.058,4.5474735e-13,0.15832356,0.15832356,1,-8.1089422e-18,4.1115432,4.1115432,0,0,0,0,0,0,0.558491,0.010936505,0.060323766,1,1,1,1,1
zerocontrast_s11,control,312,12,3,10.125,2.725,2.644107,74,11,11,9.0890625,99.979687,25.989585,3846.9136,3846.9136,3846.9136,4.5474735e-13,0.1025908,0.1025908,1,1.0221403e-16,3.9898765,3.9898765,0,0,0,0,0,0,0.55334089,0.019489299,0.061376786,1,1,1,1,1
zerocontrast_s11,control,318,14,3,11.205,2.815,2.7656971,71,11,12,9.0890625,99.979687,25.847476,3868.0638,3868.0638,3868.0638,0,0.057210795,0.057210795,1,-1.1103006e-16,3.3606379,3.3606379,0,0,0,0,0,0,0.56587274,0.023492904,0.064949247,1,1,1,1,1
zerocontrast_s11,control,324,7,3,8.955,2.81,2.7327475,76,8,11,12.497461,99.979687,25.736549,3884.7355,3884.7355,3884.7355,0,0.024166877,0.024166877,1,-6.9877764e-17,2.3522162,2.3522162,0,0,0,0,0,0,0.61002731,0.01836176,0.062736752,1,1,1,1,1
zerocontrast_s11,control,330,7,3,10.48,2.87,2.8532836,80,8,12,12.497461,99.979687,25.669355,3894.9045,3894.9045,3894.9045,4.5474735e-13,0.0049032183,0.0049032183,1,6.8461329e-17,1.1014731,1.1014731,0,0,0,0,0,0,0.61306502,0.016957437,0.076537791,1,1,1,1,1
zerocontrast_s11,control,336,7,3,11.715,2.96,2.9086498,80,8,14,12.497461,99.979687,25.65291,3897.4014,3897.4014,3897.4014,0,0.00026173453,0.00026173453,1,-5.1904814e-17,0.25676653,0.25676653,0,0,0,0,0,0,0.6204198,0.01323239,0.070568311,1,1,1,1,1
zerocontrast_s11,control,342,11,2,11.075,2.935,2.9534916,78,10,13,9.9979687,99.979687,25.688865,3891.9465,3891.9465,3891.9465,0,0.010445281,0.010445281,1,1.0221403e-16,1.5902737,1.5902737,0,0,0,0,0,0,0.63933731,0.025071103,0.075331298,1,1,1,1,1
zerocontrast_s11,control,348,8,2,9.12,2.89,2.9573539,78,9,12,11.095486,99.859375,25.74256,3879.1548,3879.1548,3879.1548,4.5474735e-13,0.035008786,0.035008786,1,-1.1120253e-16,2.766145,2.766145,0,0,0,0,0,0,0.64882256,0.021285731,0.07883545,1,1,1,1,1
zerocontrast_s11,control,354,8,3,9.32,2.745,2.7518159,77,9,12,11.108854,99.979687,25.897966,3860.5227,3860.5227,3860.5227,4.5474735e-13,0.072878709,0.072878709,1,-1.1120253e-16,3.6483175,3.6483175,0,0,0,0,0,0,0.6677999,0.016701945,0.06798411,1,1,1,1,1
cs_f000_s11,control,0,7,3,8.33,2.695,2.7544373,76,8,13,12.497461,99.979687,25.868082,3864.9826,3864.9826,3864.9826,4.5474735e-13,0.077419789,0.079183523,0.59924664,0.040875672,2.6197403,4.0694373,0,0,0,0,0,52.842612,0.67840188,0.0029754248,0.061023709,1,1,1,1,1
cs_f000_s11,control,6,7,3,8.635,2.765,2.8514372,79,8,13,12.497461,99.979687,25.88278,3862.7879,3862.7879,3862.7879,4.5474735e-13,0.088540865,0.085413229,0.59924664,0.040875672,2.6495079,4.0982045,0,0,0,0,0,52.339316,0.6684161,0.0080923748,0.048576427,1,1,1,1,1
cs_f000_s11,control,12,8,3,9.37,2.92,3.029141,75,9,14,11.095486,99.859375,25.882002,3858.2554,3858.2554,3858.2554,4.5474735e-13,0.10811732,0.10939304,0.62206136,0.040778441,2.676859,4.1084332,0,0,0,0,0,51.927375,0.66395931,0.016500567,0.039624426,1,1,1,1,1
cs_f000_s11,control,18,10,4,10.245,3.005,3.1208491,77,11,14,9.0890625,99.979687,25.955168,3852.0146,3852.0146,3852.0146,4.5474735e-13,0.13529358,0.13453356,0.62206136,0.040778441,2.8198643,4.0957983,0,0,0,0,0,52.655374,0.65483691,0.018462005,0.049013781,1,1,1,1,1
cs_f000_s11,control,24,18,4,12.845,3.095,3.1975472,82,11,12,9.0890625,99.979687,26.002803,3844.9581,3844.9581,3844.9581,0,0.16888191,0.1728845,0.62736648,0.037971394,2.9282866,4.0943139,0,0,0,0,0,51.631852,0.64831959,0.017410759,0.051086997,1,1,1,1,1
cs_f000_s11,control,30,17,9,10.82,3.12,3.1561503,87,12,10,8.3316406,99.979687,26.049183,3838.1122,3838.1122,3838.1122,4.5474735e-13,0.20741433,0.11377237,0.53656485,0.0488638,2.9487877,4.12989,0,0,0,0,0,52.339216,0.63127355,0.020868781,0.053358043,1,1,1,1,1
cs_f000_s11,control,36,15,3,11.905,3.04,3.075109,77,12,10,8.3316406,99.979687,26.087522,3832.4716,3832.4716,3832.4716,4.5474735e-13,0.24920679,0.14218437,0.53656485,0.0488638,2.993437,4.431329,0,0,0,0,0,52.694905,0.62955512,0.012669951,0.054380901,1,1,1,1,1
cs_f000_s11,control,42,11,3,12.02,3.085,3.2380466,80,12,12,8.3316406,99.979687,26.112378,3828.8235,3828.8235,3828.8235,0,0.29243276,0.17606799,0.53261079,0.045130895,3.1269955,5.2895105,0,0,0,0,0,51.17716,0.61330574,0.0167188,0.058018122,1,1,1,1,1
cs_f000_s11,control,48,9,3,11.575,3.135,3.2462611,77,10,11,9.9979687,99.979687,26.12073,3827.5992,3827.5992,3827.5992,0,0.33520307,0.20746065,0.55638202,0.047133358,3.1839085,5.7585243,0,0,0,0,0,52.576319,0.59632887,0.011136108,0.070201041,1,1,1,1,1
cs_f000_s11,control,54,14,3,11.11,2.805,2.8301849,79,11,11,9.0890625,99.979687,26.112589,3828.7926,3828.7926,3828.7926,4.5474735e-13,0.37564843,0.24311,0.55638202,0.047133358,3.3379737,6.2336196,0,0,0,0,0,50.039296,0.63998364,0.026913667,0.071198172,1,1,1,1,1
cs_f000_s11,control,60,10,2,11.635,2.845,2.9089655,69,9,11,11.108854,99.979687,26.090924,3831.9719,3831.9719,3831.9719,0,0.4120012,0.2788904,0.55638202,0.047133358,3.6423539,6.3346451,0,0,0,0,0,50.002252,0.62753004,0.022918933,0.077167651,1,1,1,1,1
cs_f000_s11,control,66,8,2,12.93,2.77,2.8682694,76,9,13,11.108854,99.979687,26.060946,3836.3798,3836.3798,3836.3798,4.5474735e-13,0.44267259,0.28045227,0.61668467,0.042051706,3.9683469,6.6371022,0,0,0,0,0,49.888391,0.63707768,0.016847434,0.063045472,1,1,1,1,1
cs_f000_s11,control,72,23,3,11.09,2.705,2.8275441,80,12,12,8.3316406,99.979687,26.028973,3841.0923,3841.0923,3841.0923,4.5474735e-13,0.4663221,0.26704646,0.65901503,0.045187649,4.1907801,6.7633455,0,0,0,0,0,49.49495,0.65206096,0.0063846548,0.063006439,1,1,1,1,1
cs_f000_s11,control,78,13,6,9.95,2.575,2.70843,75,12,11,8.3216146,99.859375,25.969915,3845.1945,3845.1945,3845.1945,0,0.48191615,0.28610525,0.66380926,0.045376135,4.2656873,7.0140601,0,0,0,0,0,49.136308,0.69066438,0.008972405,0.066553174,1,1,1,1,1
cs_f000_s11,control,84,9,3,9.5,2.485,2.6818193,72,10,12,9.9979687,99.979687,25.982674,3847.9367,3847.9367,3847.9367,4.5474735e-13,0.48877319,0.30858486,0.65901503,0.045187649,4.2123569,7.0336238,0,0,0,0,0,50.33365,0.68982961,0.0060342396,0.064640527,1,1,1,1,1
cs_f000_s11,control,90,8,3,9.38,2.355,2.5316225,64,9,11,11.108854,99.979687,25.976503,3848.8509,3848.8509,3848.8509,4.5474735e-13,0.48659354,0.33091078,0.65474936,0.045550372,4.0552318,6.9920724,0,0,0,0,0,50.84565,0.69205211,0.012010816,0.06794685,1,1,1,1,1
cs_f000_s11,control,96,11,3,9.64,2.33,2.4601415,72,11,11,9.0890625,99.979687,25.983484,3847.8168,3847.8168,3847.8168,9.094947e-13,0.47547247,0.37616885,0.63813101,0.052029977,3.8959955,6.9102633,0,0,0,0,0,49.717386,0.69988689,0.024517536,0.077195152,1,1,1,1,1
cs_f000_s11,control,102,12,3,11.785,2.37,2.4491711,72,13,12,7.6814904,99.859375,25.970705,3845.0775,3845.0775,3845.0775,4.5474735e-13,0.45589601,0.41185154,0.64755582,0.047345946,3.6895084,6.7222702,0,0,0,0,0,51.914803,0.67051163,0.020298359,0.073294454,1,1,1,1,1
cs_f000_s11,control,108,9,2,10.51,2.58,2.6263655,69,10,11,9.9979687,99.979687,26.028223,3841.2029,3841.2029,3841.2029,0,0.42871975,0.40082009,0.65096579,0.047389722,3.619919,6.6943855,0,0,0,0,0,52.761035,0.64847838,0.01715438,0.077555326,1,1,1,1,1
cs_f000_s11,control,114,9,2,10.89,2.595,2.5044013,74,10,13,9.9979687,99.979687,26.056715,3837.0027,3837.0027,3837.0027,4.5474735e-13,0.39513142,0.39755803,0.56937663,0.039145521,3.5626954,6.843564,0,0,0,0,0,52.051864,0.63971839,0.0057184223,0.063090716,1,1,1,1,1
cs_f000_s11,control,120,17,2,11.96,2.505,2.4221611,64,12,13,8.3316406,99.979687,26.081253,3833.3929,3833.3929,3833.3929,0,0.35659901,0.36924925,0.56937663,0.039145521,3.5046561,6.7733437,0,0,0,0,0,55.682977,0.63329173,0.0056651946,0.06868494,1,1,1,1,1
cs_f000_s11,control,126,15,5,12.54,2.595,2.4326914,70,12,13,8.3316406,99.979687,26.095981,3831.2293,3831.2293,3831.2293,4.5474735e-13,0.31480654,0.3358138,0.56937663,0.039145521,3.5481507,6.7470489,0,0,0,0,0,57.555506,0.62154726,0.010936505,0.060323766,1,1,1,1,1
cs_f000_s11,control,132,12,3,12.86,2.675,2.5076386,73,11,13,9.0890625,99.979687,26.096617,3831.1359,3831.1359,3831.1359,4.5474735e-13,0.27158057,0.29871297,0.56937663,0.039145521,3.424983,5.8067481,0,0,0,0,0,57.388294,0.57247729,0.019489299,0.061376786,1,1,1,1,1
cs_f000_s11,control,138,14,3,15.42,2.475,2.437995,64,11,12,9.0890625,99.979687,26.081425,3833.3675,3833.3675,3833.3675,4.5474735e-13,0.22881027,0.26531111,0.55197594,0.040840782,3.0904825,4.2659882,0,0,0,0,0,61.205872,0.58749252,0.023492904,0.064949247,1,1,1,1,1
cs_f000_s11,control,144,7,3,11.225,2.365,2.422698,59,8,11,12.497461,99.979687,26.051677,3837.7448,3837.7448,3837.7448,4.5474735e-13,0.1883649,0.23536003,0.62670244,0.027921183,2.7089342,4.1242343,0,0,0,0,0,59.61075,0.59921774,0.01836176,0.062736752,1,1,1,1,1
cs_f000_s11,control,150,7,3,11.06,2.25,2.3706259,68,8,12,12.497461,99.979687,26.011428,3843.6831,3843.6831,3843.6831,9.094947e-13,0.15201213,0.18720855,0.60990268,0.029113223,2.4503626,4.0501985,0,0,0,0,0,59.103698,0.6255282,0.016957437,0.076537791,1,1,1,1,1
cs_f000_s11,control,156,7,3,9.275,2.43,2.5186334,60,8,13,12.497461,99.979687,25.966698,3850.3042,3850.3042,3850.3042,4.5474735e-13,0.12134074,0.12765512,0.54954592,0.02829999,2.3192795,4.0924029,0,0,0,0,0,59.288364,0.60957998,0.01323239,0.070568311,1,1,1,1,1
cs_f000_s11,control,162,11,6,8.455,2.335,2.4375519,62,10,12,9.9979687,99.979687,25.924305,3856.6004,3856.6004,3856.6004,4.5474735e-13,0.097691228,0.083346227,0.52673327,0.028261473,2.3483839,4.0537605,0,0,0,0,0,61.72796,0.63701092,0.025071103,0.075331298,1,1,1,1,1
cs_f000_s11,control,168,8,4,8.57,2.45,2.5737685,67,9,11,11.095486,99.859375,25.859534,3861.6077,3861.6077,3861.6077,0,0.082097183,0.050547643,0.50340372,0.029327423,2.4319994,4.1084733,0,0,0,0,0,62.32609,0.62923147,0.021285731,0.07883545,1,1,1,1,1
cs_f000_s11,control,174,8,2,8.36,2.4,2.415096,63,9,11,11.108854,99.979687,25.870933,3864.5567,3864.5567,3864.5567,0,0.075240141,0.036889433,0.50340372,0.029327423,2.5246468,4.0233602,0,0,0,0,0,60.504203,0.66212735,0.016701945,0.06798411,1,1,1,1,1
cs_f000_s11,control,180,7,2,8.595,2.495,2.4842647,62,8,12,12.497461,99.979687,25.868082,3864.9826,3864.9826,3864.9826,4.5474735e-13,0.077419789,0.03465307,0.49332293,0.030773816,2.6197403,4.0694373,0,0,0,0,0,60.543199,0.658702,0.0029754248,0.061023709,1,1,1,1,1
cs_f000_s11,control,186,7,2,8.99,2.495,2.4899515,73,8,12,12.497461,99.979687,25.88278,3862.7879,3862.7879,3862.7879,4.5474735e-13,0.088540865,0.041760307,0.49332293,0.030773816,2.6495079,4.0982045,0,0,0,0,0,62.109883,0.67373445,0.0080923748,0.048576427,1,1,1,1,1
cs_f000_s11,control,192,8,2,11.195,2.565,2.5591786,79,9,12,11.095486,99.859375,25.882002,3858.2554,3858.2554,3858.2554,9.094947e-13,0.10811732,0.05825124,0.49332293,0.030773816,2.676859,4.1084332,0,0,0,0,0,60.716747,0.65219198,0.016500567,0.039624426,1,1,1,1,1
cs_f000_s11,control,198,10,3,10.985,2.65,2.662654,75,11,12,9.0890625,99.979687,25.955168,3852.0146,3852.0146,3852.0146,4.5474735e-13,0.13529358,0.083405134,0.49332293,0.030773816,2.8198643,4.0957983,0,0,0,0,0,61.40819,0.62848669,0.018462005,0.049013781,1,1,1,1,1
cs_f000_s11,control,204,16,3,10.94,2.485,2.581067,58,11,11,9.0890625,99.979687,26.002803,3844.9581,3844.9581,3844.9581,0,0.16888191,0.11154694,0.54332777,0.031732393,2.9282866,4.0943139,0,0,0,0,0,61.246475,0.6310351,0.017410759,0.051086997,1,1,1,1,1
cs_f000_s11,control,210,17,6,12.28,2.64,2.7638808,64,12,10,8.3316406,99.979687,26.049183,3838.1122,3838.1122,3838.1122,4.5474735e-13,0.20741433,0.15010249,0.55844616,0.032558304,2.9487877,4.12989,0,0,0,0,0,59.166846,0.57666971,0.020868781,0.053358043,1,1,1,1,1
cs_f000_s11,control,216,15,2,13.08,2.48,2.5236004,63,12,10,8.3316406,99.979687,26.087522,3832.4716,3832.4716,3832.4716,4.5474735e-13,0.24920679,0.19150708,0.55844616,0.032558304,2.993437,4.431329,0,0,0,0,0,60.205205,0.58350939,0.012669951,0.054380901,1,1,1,1,1
cs_f000_s11,control,222,11,3,12.445,2.54,2.6141315,64,12,10,8.3316406,99.979687,26.112378,3828.8235,3828.8235,3828.8235,0,0.29243276,0.23560058,0.55844616,0.032558304,3.1269955,5.2895105,0,0,0,0,0,59.289597,0.54985527,0.0167188,0.058018122,1,1,1,1,1
cs_f000_s11,control,228,9,3,11.37,2.55,2.5605826,66,10,13,9.9979687,99.979687,26.12073,3827.5992,3827.5992,3827.5992,0,0.33520307,0.33001817,0.52980729,0.040455347,3.1839085,5.7585243,0,0,0,0,0,58.760653,0.53859672,0.011136108,0.070201041,1,1,1,1,1
cs_f000_s11,control,234,14,2,13.415,2.54,2.5096264,66,11,14,9.0890625,99.979687,26.112589,3828.7926,3828.7926,3828.7926,4.5474735e-13,0.37564843,0.37146553,0.53815222,0.03996515,3.3379737,6.2336196,0,0,0,0,0,57.184293,0.5106534,0.026913667,0.071198172,1,1,1,1,1
cs_f000_s11,control,240,8,2,13.105,2.43,2.3521411,59,9,13,11.108854,99.979687,26.090924,3831.9719,3831.9719,3831.9719,0,0.4120012,0.43850085,0.57865882,0.042938078,3.6423539,6.3346451,0,0,0,0,0,57.316721,0.51365,0.022918933,0.077167651,1,1,1,1,1
cs_f000_s11,control,246,8,2,12.915,2.24,2.2478167,69,9,12,11.108854,99.979687,26.060946,3836.3798,3836.3798,3836.3798,0,0.44267259,0.41581443,0.49157266,0.052486987,3.9683469,6.6371022,0,0,0,0,0,59.346741,0.55072761,0.016847434,0.063045472,1,1,1,1,1
cs_f000_s11,control,252,21,2,13.605,2.365,2.3147105,55,12,12,8.3316406,99.979687,26.028973,3841.0923,3841.0923,3841.0923,4.5474735e-13,0.4663221,0.43980298,0.49157266,0.052486987,4.1907801,6.7633455,0,0,0,0,0,58.472946,0.5358211,0.0063846548,0.063006439,1,1,1,1,1
cs_f000_s11,control,258,11,2,11.005,2.02,2.0180538,55,12,12,8.3216146,99.859375,25.969915,3845.1945,3845.1945,3845.1945,0,0.48191615,0.4559378,0.49157266,0.052486987,4.2656873,7.0140601,0,0,0,0,0,57.836301,0.58645312,0.008972405,0.066553174,1,1,1,1,1
cs_f000_s11,control,264,9,2,9.96,1.92,1.9315273,50,10,12,9.9979687,99.979687,25.982674,3847.9367,3847.9367,3847.9367,0,0.48877319,0.4635137,0.49157266,0.052486987,4.2123569,7.0336238,0,0,0,0,0,58.075993,0.61386672,0.0060342396,0.064640527,1,1,1,1,1
cs_f000_s11,control,270,8,2,9.53,1.915,1.9278136,50,9,11,11.108854,99.979687,25.976503,3848.8509,3848.8509,3848.8509,4.5474735e-13,0.48659354,0.49659669,0.58328881,0.055651334,4.0552318,6.9920724,0,0,0,0,0,58.453417,0.62517744,0.012010816,0.06794685,1,1,1,1,1
cs_f000_s11,control,276,9,2,10.71,2,2.0457125,52,10,11,9.9979687,99.979687,25.983484,3847.8168,3847.8168,3847.8168,4.5474735e-13,0.47547247,0.50056342,0.60254288,0.050486055,3.8959955,6.9102633,0,0,0,0,0,59.956802,0.62435017,0.024517536,0.077195152,1,1,1,1,1
cs_f000_s11,control,282,12,3,10.565,2.035,2.0661184,53,13,11,7.6814904,99.859375,25.970705,3845.0775,3845.0775,3845.0775,4.5474735e-13,0.45589601,0.48228207,0.60254288,0.050486055,3.6895084,6.7222702,0,0,0,0,0,59.91646,0.60499926,0.020298359,0.073294454,1,1,1,1,1
cs_f000_s11,control,288,9,3,10.36,2.09,2.1167311,59,10,12,9.9979687,99.979687,26.028223,3841.2029,3841.2029,3841.2029,0,0.42871975,0.48962238,0.62263421,0.052441974,3.619919,6.6943855,0,0,0,0,0,60.007255,0.58920097,0.01715438,0.077555326,1,1,1,1,1
cs_f000_s11,control,294,9,3,10.205,2.24,2.2549251,58,10,10,9.9979687,99.979687,26.056715,3837.0027,3837.0027,3837.0027,4.5474735e-13,0.39513142,0.50520908,0.58601305,0.057500606,3.5626954,6.843564,0,0,0,0,0,60.224386,0.57861617,0.0057184223,0.063090716,1,1,1,1,1
cs_f000_s11,control,300,13,3,15.52,2.495,2.4826525,67,12,10,8.3316406,99.979687,26.081253,3833.3929,3833.3929,3833.3929,0,0.35659901,0.46753876,0.58601305,0.057500606,3.5046561,6.7733437,0,0,0,0,0,59.635624,0.55644976,0.0056651946,0.06868494,1,1,1,1,1
cs_f000_s11,control,306,15,4,10.485,2.665,2.6306081,69,12,12,8.3316406,99.979687,26.095981,3831.2293,3831.2293,3831.2293,0,0.31480654,0.38758815,0.59234723,0.052333376,3.5481507,6.7470489,0,0,0,0,0,59.279466,0.558491,0.010936505,0.060323766,1,1,1,1,1
cs_f000_s11,control,312,12,3,10.125,2.725,2.644107,74,11,11,9.0890625,99.979687,26.096617,3831.1359,3831.1359,3831.1359,0,0.27158057,0.35272032,0.62528801,0.055235364,3.424983,5.8067481,0,0,0,0,0,58.468219,0.55334089,0.019489299,0.061376786,1,1,1,1,1
cs_f000_s11,control,318,14,3,11.205,2.815,2.7656971,71,11,12,9.0890625,99.979687,26.081425,3833.3675,3833.3675,3833.3675,4.5474735e-13,0.22881027,0.20055407,0.76740405,0.039688994,3.0904825,4.2659882,0,0,0,0,0,58.737166,0.56587274,0.023492904,0.064949247,1,1,1,1,1
cs_f000_s11,control,324,7,3,8.955,2.81,2.7327475,76,8,11,12.497461,99.979687,26.051677,3837.7448,3837.7448,3837.7448,4.5474735e-13,0.1883649,0.15686095,0.76453413,0.039511486,2.7089342,4.1242343,0,0,0,0,0,57.357677,0.61002731,0.01836176,0.062736752,1,1,1,1,1
cs_f000_s11,control,330,7,3,10.48,2.87,2.8532836,80,8,12,12.497461,99.979687,26.011428,3843.6831,3843.6831,3843.6831,9.094947e-13,0.15201213,0.1302636,0.75923929,0.037510633,2.4503626,4.0501985,0,0,0,0,0,56.175091,0.61306502,0.016957437,0.076537791,1,1,1,1,1
cs_f000_s11,control,336,7,3,11.715,2.96,2.9086498,80,8,14,12.497461,99.979687,25.966698,3850.3042,3850.3042,3850.3042,0,0.12134074,0.12211137,0.62479661,0.045906148,2.3192795,4.0924029,0,0,0,0,0,54.193165,0.6204198,0.01323239,0.070568311,1,1,1,1,1
cs_f000_s11,control,342,11,2,11.075,2.935,2.9534916,78,10,13,9.9979687,99.979687,25.924305,3856.6004,3856.6004,3856.6004,4.5474735e-13,0.097691228,0.10527278,0.6029424,0.048612714,2.3483839,4.0537605,0,0,0,0,0,53.314137,0.63933731,0.025071103,0.075331298,1,1,1,1,1
cs_f000_s11,control,348,8,2,9.12,2.89,2.9573539,78,9,12,11.095486,99.859375,25.859534,3861.6077,3861.6077,3861.6077,0,0.082097183,0.093692639,0.59990306,0.040302919,2.4319994,4.1084733,0,0,0,0,0,52.877721,0.64882256,0.021285731,0.07883545,1,1,1,1,1
cs_f000_s11,control,354,8,3,9.32,2.745,2.7518159,77,9,12,11.108854,99.979687,25.870933,3864.5567,3864.5567,3864.5567,4.5474735e-13,0.075240141,0.082840087,0.59990306,0.040302919,2.5246468,4.0233602,0,0,0,0,0,52.75059,0.6677999,0.016701945,0.06798411,1,1,1,1,1
cs_f025_s11,control,0,7,3,8.33,2.695,2.7544373,76,8,13,12.497461,99.979687,25.859897,3866.206,3864.5662,3864.5485,8.268379,0.077419789,0.079183523,0.59924664,0.040875672,2.6197403,4.0694373,0.0015194184,0.0011724258,0.0025651288,0.0016740799,0.0011935525,52.842612,0.67840188,0.0029754248,0.061023709,0.52546854,0.55473098,1,1,0.17065135
cs_f025_s11,control,6,7,3,8.635,2.765,2.8514372,79,8,13,12.497461,99.979687,25.875114,3863.9323,3862.1409,3862.1213,8.7016117,0.088540865,0.085413229,0.59924664,0.040875672,2.6495079,4.0982045,0.0015987462,0.0012649568,0.0027733276,0.00141231,0.00098571669,52.339316,0.6684161,0.0080923748,0.048576427,0.46203716,0.6039783,1,1,0.17835072
cs_f025_s11,control,12,8,3,9.37,2.92,3.029141,75,9,14,11.095486,99.859375,25.873092,3859.5842,3857.4274,3857.4046,9.3671336,0.10811732,0.10939304,0.62206136,0.040778441,2.676859,4.1084332,0.0016978486,0.0013469371,0.0028986598,0.0011802226,0.00078823,51.927375,0.66395931,0.016500567,0.039624426,0.43410507,0.71232877,1,1,0.18499974
cs_f025_s11,control,18,10,4,10.245,3.005,3.1208491,77,11,14,9.0890625,99.979687,25.942786,3853.8531,3851.0812,3851.0555,9.9493228,0.13529358,0.13453356,0.62206136,0.040778441,2.8198643,4.0957983,0.0017598053,0.0014078992,0.0030512514,0.001135959,0.00075111652,52.655374,0.65483691,0.018462005,0.049013781,0.41505224,0.74209651,1,1,0.16471647
cs_f025_s11,control,24,18,4,12.845,3.095,3.1975472,82,11,12,9.0890625,99.979687,25.998141,3845.6476,3844.0065,3843.9786,10.342568,0.16888191,0.1728845,0.62736648,0.037971394,2.9282866,4.0943139,0.0017787482,0.0014160126,0.0030285118,0.0012332044,0.00087728449,51.631852,0.64831959,0.017410759,0.051086997,0.43417871,0.71890145,1,1,0.17622872
cs_f025_s11,control,30,17,9,10.82,3.12,3.1561503,87,12,10,8.3316406,99.979687,26.034499,3840.277,3837.2233,3837.1938,10.65169,0.20741433,0.11377237,0.53656485,0.0488638,2.9487877,4.12989,0.0018007655,0.0014340734,0.0030158092,0.0013730694,0.0010396885,52.339216,0.63127355,0.020868781,0.053358043,0.42787567,0.63141026,1,1,0.15040178
cs_f025_s11,control,36,15,3,11.905,3.04,3.075109,77,12,10,8.3316406,99.979687,26.093115,3831.6501,3831.7039,3831.672,11.072512,0.24920679,0.14218437,0.53656485,0.0488638,2.993437,4.431329,0.0018923831,0.0014778118,0.0031792196,0.0016434556,0.0012942548,52.694905,0.62955512,0.012669951,0.054380901,0.45139785,0.47861842,1,1,0.1417789
cs_f025_s11,control,42,11,3,12.02,3.085,3.2380466,80,12,12,8.3316406,99.979687,26.110484,3829.1013,3828.2027,3828.1671,11.700457,0.29243276,0.17606799,0.53261079,0.045130895,3.1269955,5.2895105,0.0020778504,0.0015773411,0.0034140127,0.0019129632,0.0015889617,51.17716,0.61330574,0.0167188,0.058018122,0.46520421,0.35818476,1,1,0.1503246
cs_f025_s11,control,48,9,3,11.575,3.135,3.2462611,77,10,11,9.9979687,99.979687,26.107909,3829.4789,3827.1164,3827.0762,12.428003,0.33520307,0.20746065,0.55638202,0.047133358,3.1839085,5.7585243,0.0023110453,0.0017526179,0.0036473881,0.0022608368,0.0018975547,52.576319,0.59632887,0.011136108,0.070201041,0.4256747,0.28548644,1,1,0.13706826
cs_f025_s11,control,54,14,3,11.11,2.805,2.8301849,79,11,11,9.0890625,99.979687,26.100576,3830.5549,3828.4093,3828.365,13.048047,0.37564843,0.24311,0.55638202,0.047133358,3.3379737,6.2336196,0.0025190557,0.0019217938,0.0039020629,0.0022216275,0.0018524946,50.039296,0.63998364,0.026913667,0.071198172,0.38456168,0.35472371,1,1,0.14856365
cs_f025_s11,control,60,10,2,11.635,2.845,2.9089655,69,9,11,11.108854,99.979687,26.091812,3831.8415,3831.6282,3831.5813,13.441249,0.4120012,0.2788904,0.55638202,0.047133358,3.6423539,6.3346451,0.0026551336,0.0020098692,0.0039208469,0.0023023395,0.0019007797,50.002252,0.62753004,0.022918933,0.077167651,0.36568805,0.39367311,1,1,0.12447282
cs_f025_s11,control,66,8,2,12.93,2.77,2.8682694,76,9,13,11.108854,99.979687,26.021415,3842.208,3836.0048,3835.9563,13.674956,0.44267259,0.28045227,0.61668467,0.042051706,3.9683469,6.6371022,0.0027189619,0.0020250218,0.0038447731,0.0022201394,0.0017808755,49.888391,0.63707768,0.016847434,0.063045472,0.36935188,0.42418773,1,1,0.10408043
cs_f025_s11,control,72,23,3,11.09,2.705,2.8275441,80,12,12,8.3316406,99.979687,26.001201,3845.195,3840.6152,3840.5648,13.955646,0.4663221,0.26704646,0.65901503,0.045187649,4.1907801,6.7633455,0.0027478928,0.0020452255,0.0041612151,0.0021001367,0.0016616392,49.49495,0.65206096,0.0063846548,0.063006439,0.36828644,0.45471349,1,1,0.10043877
cs_f025_s11,control,78,13,6,9.95,2.575,2.70843,75,12,11,8.3216146,99.859375,25.969066,3845.3202,3844.558,3844.5038,14.465838,0.48191615,0.28610525,0.66380926,0.045376135,4.2656873,7.0140601,0.0027889844,0.0021051992,0.0044456396,0.0019887479,0.0015942159,49.136308,0.69066438,0.008972405,0.066553174,0.36110071,0.40194175,1,1,0.10014602
cs_f025_s11,control,84,9,3,9.5,2.485,2.6818193,72,10,12,9.9979687,99.979687,25.976645,3848.83,3847.1099,3847.0501,15.201813,0.48877319,0.30858486,0.65901503,0.045187649,4.2123569,7.0336238,0.0028655203,0.0021893195,0.0045652111,0.002103319,0.001674507,50.33365,0.68982961,0.0060342396,0.064640527,0.32123765,0.4305835,1,1,0.1179897
cs_f025_s11,control,90,8,3,9.38,2.355,2.5316225,64,9,11,11.108854,99.979687,25.995695,3846.0095,3847.8393,3847.7734,15.95093,0.48659354,0.33091078,0.65474936,0.045550372,4.0552318,6.9920724,0.0029602902,0.0023032124,0.0045835083,0.0024281603,0.0018521669,50.84565,0.69205211,0.012010816,0.06794685,0.29455464,0.41825902,1,1,0.142627
cs_f025_s11,control,96,11,3,9.64,2.33,2.4601415,72,11,11,9.0890625,99.979687,25.997629,3845.7232,3846.6661,3846.5964,16.40471,0.47547247,0.37616885,0.63813101,0.052029977,3.8959955,6.9102633,0.0030269369,0.0023711302,0.005009189,0.0028230955,0.0020998191,49.717386,0.69988689,0.024517536,0.077195152,0.2647303,0.40128755,1,1,0.14296765
cs_f025_s11,control,102,12,3,11.785,2.37,2.4491711,72,13,12,7.6814904,99.859375,25.953715,3847.5947,3843.8689,3843.8002,16.292286,0.45589601,0.41185154,0.64755582,0.047345946,3.6895084,6.7222702,0.0030154155,0.0023411575,0.0053522561,0.0030069245,0.0021792345,51.914803,0.67051163,0.020298359,0.073294454,0.298175,0.44725738,1,1,0.15155416
cs_f025_s11,control,108,9,2,10.51,2.58,2.6263655,69,10,11,9.9979687,99.979687,25.997886,3845.6853,3840.04,3839.9779,15.474954,0.42871975,0.40082009,0.65096579,0.047389722,3.619919,6.6943855,0.0028945201,0.0022299603,0.0054845091,0.0031032227,0.0022565233,52.761035,0.64847838,0.01715438,0.077555326,0.34784526,0.42054264,1,1,0.16029236
cs_f025_s11,control,114,9,2,10.89,2.595,2.5044013,74,10,13,9.9979687,99.979687,26.025775,3841.5642,3835.9913,3835.9403,14.015028,0.39513142,0.39755803,0.56937663,0.039145521,3.5626954,6.843564,0.0026682143,0.0020840915,0.0049660594,0.0029457823,0.0021622135,52.051864,0.63971839,0.0057184223,0.063090716,0.33164099,0.38921002,1,1,0.16834215
cs_f025_s11,control,120,17,2,11.96,2.505,2.4221611,64,12,13,8.3316406,99.979687,26.070894,3834.916,3832.6189,3832.5799,12.2355,0.35659901,0.36924925,0.56937663,0.039145521,3.5046561,6.7733437,0.0023872196,0.0018840331,0.0039273645,0.0027372082,0.0021183139,55.682977,0.63329173,0.0056651946,0.06868494,0.35360183,0.32734531,1,1,0.17584814
cs_f025_s11,control,126,15,5,12.54,2.595,2.4326914,70,12,13,8.3316406,99.979687,26.091171,3831.9356,3830.7405,3830.7105,10.725999,0.31480654,0.3358138,0.56937663,0.039145521,3.5481507,6.7470489,0.0021466945,0.0017216219,0.003606668,0.0023221012,0.001864007,57.555506,0.62154726,0.010936505,0.060323766,0.35393272,0.34682081,1,1,0.18171116
cs_f025_s11,control,132,12,3,12.86,2.675,2.5076386,73,11,13,9.0890625,99.979687,26.097219,3831.0476,3830.9347,3830.9081,10.096046,0.27158057,0.29871297,0.56937663,0.039145521,3.424983,5.8067481,0.0020402905,0.0016671629,0.0034975932,0.0018779232,0.001553966,57.388294,0.57247729,0.019489299,0.061376786,0.32243793,0.35700935,1,1,0.18938126
cs_f025_s11,control,138,14,3,15.42,2.475,2.437995,64,11,12,9.0890625,99.979687,26.085348,3832.791,3833.4147,3833.3865,10.395816,0.22881027,0.26531111,0.55197594,0.040840782,3.0904825,4.2659882,0.0020724718,0.0017157381,0.0033740818,0.001668645,0.0014335239,61.205872,0.58749252,0.023492904,0.064949247,0.33922948,0.34343434,1,1,0.199868
cs_f025_s11,control,144,7,3,11.225,2.365,2.422698,59,8,11,12.497461,99.979687,26.047735,3838.3256,3837.971,3837.9394,11.016223,0.1883649,0.23536003,0.62670244,0.027921183,2.7089342,4.1242343,0.0021468537,0.0017800219,0.0034578567,0.0016772886,0.0014589652,59.61075,0.59921774,0.01836176,0.062736752,0.30635165,0.34249471,1,1,0.20471969
cs_f025_s11,control,150,7,3,11.06,2.25,2.3706259,68,8,12,12.497461,99.979687,26.001335,3845.1752,3844.0011,3843.9678,11.318691,0.15201213,0.18720855,0.60990268,0.029113223,2.4503626,4.0501985,0.0021595143,0.0017807138,0.0034236871,0.0019887785,0.0016654324,59.103698,0.6255282,0.016957437,0.076537791,0.34683038,0.36222222,1,1,0.21462358
cs_f025_s11,control,156,7,3,9.275,2.43,2.5186334,60,8,13,12.497461,99.979687,25.94121,3854.0873,3850.6202,3850.5886,11.019685,0.12134074,0.12765512,0.54954592,0.02829999,2.3192795,4.0924029,0.0020645051,0.0016981877,0.0033669607,0.00216713,0.0017050188,59.288364,0.60957998,0.01323239,0.070568311,0.35891572,0.4382716,1,1,0.22291467
cs_f025_s11,control,162,11,6,8.455,2.335,2.4375519,62,10,12,9.9979687,99.979687,25.893978,3861.1173,3856.8236,3856.7966,10.192001,0.097691228,0.083346227,0.52673327,0.028261473,2.3483839,4.0537605,0.0018803345,0.0015102878,0.003009236,0.0022680275,0.0017227835,61.72796,0.63701092,0.025071103,0.075331298,0.40249851,0.49250535,1,1,0.20588094
cs_f025_s11,control,168,8,4,8.57,2.45,2.5737685,67,9,11,11.095486,99.859375,25.832872,3865.5933,3861.6606,3861.6388,9.1683127,0.082097183,0.050547643,0.50340372,0.029327423,2.4319994,4.1084733,0.0016745221,0.0012964854,0.002730428,0.0020239069,0.001483202,62.32609,0.62923147,0.021285731,0.07883545,0.52006416,0.53265306,1,1,0.17383613
cs_f025_s11,control,174,8,2,8.36,2.4,2.415096,63,9,11,11.108854,99.979687,25.857726,3866.5306,3864.3856,3864.3673,8.4111207,0.075240141,0.036889433,0.50340372,0.029327423,2.5246468,4.0233602,0.0015357688,0.001178764,0.0027152921,0.001565019,0.0011175513,60.504203,0.66212735,0.016701945,0.06798411,0.52348847,0.58958333,1,1,0.13766796
cs_f025_s11,control,180,7,2,8.595,2.495,2.4842647,62,8,12,12.497461,99.979687,25.859839,3866.2147,3864.5662,3864.5485,8.268379,0.077419789,0.03465307,0.49332293,0.030773816,2.6197403,4.0694373,0.0015194184,0.0011724258,0.0025651288,0.0011188267,0.00082911164,60.543199,0.658702,0.0029754248,0.061023709,0.52546854,0.65931864,1,1,0.17065135
cs_f025_s11,control,186,7,2,8.99,2.495,2.4899515,73,8,12,12.497461,99.979687,25.875114,3863.9323,3862.1409,3862.1213,8.7016117,0.088540865,0.041760307,0.49332293,0.030773816,2.6495079,4.0982045,0.0015987462,0.0012649568,0.0027733276,0.00085135279,0.00063931097,62.109883,0.67373445,0.0080923748,0.048576427,0.46203716,0.73747495,1,1,0.17835072
cs_f025_s11,control,192,8,2,11.195,2.565,2.5591786,79,9,12,11.095486,99.859375,25.872894,3859.6136,3857.4274,3857.4046,9.3671336,0.10811732,0.05825124,0.49332293,0.030773816,2.676859,4.1084332,0.0016978486,0.0013469371,0.0028986598,0.0010628858,0.00073203554,60.716747,0.65219198,0.016500567,0.039624426,0.43410507,0.70955166,1,1,0.18499974
cs_f025_s11,control,198,10,3,10.985,2.65,2.662654,75,11,12,9.0890625,99.979687,25.942733,3853.8611,3851.0812,3851.0555,9.9493228,0.13529358,0.083405134,0.49332293,0.030773816,2.8198643,4.0957983,0.0017598053,0.0014078992,0.0030512514,0.0014197762,0.00096841664,61.40819,0.62848669,0.018462005,0.049013781,0.41505224,0.61698113,1,1,0.16471647
cs_f025_s11,control,204,16,3,10.94,2.485,2.581067,58,11,11,9.0890625,99.979687,25.998141,3845.6476,3844.0065,3843.9786,10.342568,0.16888191,0.11154694,0.54332777,0.031732393,2.9282866,4.0943139,0.0017787482,0.0014160126,0.0030285118,0.0017713471,0.0013218922,61.246475,0.6310351,0.017410759,0.051086997,0.43417871,0.51307847,1,1,0.17622872
cs_f025_s11,control,210,17,6,12.28,2.64,2.7638808,64,12,10,8.3316406,99.979687,26.03478,3840.2356,3837.2233,3837.1938,10.65169,0.20741433,0.15010249,0.55844616,0.032558304,2.9487877,4.12989,0.0018007655,0.0014340734,0.0030158092,0.0018715288,0.0014858749,59.166846,0.57666971,0.020868781,0.053358043,0.42787567,0.45075758,1,1,0.15040178
cs_f025_s11,control,216,15,2,13.08,2.48,2.5236004,63,12,10,8.3316406,99.979687,26.092893,3831.6827,3831.7039,3831.672,11.072512,0.24920679,0.19150708,0.55844616,0.032558304,2.993437,4.431329,0.0018923831,0.0014778118,0.0031792196,0.0018442363,0.0015048695,60.205205,0.58350939,0.012669951,0.054380901,0.45139785,0.375,1,1,0.1417789
cs_f025_s11,control,222,11,3,12.445,2.54,2.6141315,64,12,10,8.3316406,99.979687,26.110762,3829.0605,3828.2027,3828.1671,11.700457,0.29243276,0.23560058,0.55844616,0.032558304,3.1269955,5.2895105,0.0020778504,0.0015773411,0.0034140127,0.002017362,0.0017198556,59.289597,0.54985527,0.0167188,0.058018122,0.46520421,0.29527559,1,1,0.1503246
cs_f025_s11,control,228,9,3,11.37,2.55,2.5605826,66,10,13,9.9979687,99.979687,26.107909,3829.4789,3827.1164,3827.0762,12.428003,0.33520307,0.33001817,0.52980729,0.040455347,3.1839085,5.7585243,0.0023110453,0.0017526179,0.0036473881,0.0027815392,0.002275803,58.760653,0.53859672,0.011136108,0.070201041,0.4256747,0.25686275,1,1,0.13706826
cs_f025_s11,control,234,14,2,13.415,2.54,2.5096264,66,11,14,9.0890625,99.979687,26.100576,3830.5549,3828.4093,3828.365,13.048047,0.37564843,0.37146553,0.53815222,0.03996515,3.3379737,6.2336196,0.0025190557,0.0019217938,0.0039020629,0.0034205663,0.0026651768,57.184293,0.5106534,0.026913667,0.071198172,0.38456168,0.26574803,1,1,0.14856365
cs_f025_s11,control,240,8,2,13.105,2.43,2.3521411,59,9,13,11.108854,99.979687,26.092126,3831.7953,3831.6282,3831.5813,13.441249,0.4120012,0.43850085,0.57865882,0.042938078,3.6423539,6.3346451,0.0026551336,0.0020098692,0.0039208469,0.0038361762,0.0028683793,57.316721,0.51365,0.022918933,0.077167651,0.36568805,0.31481481,1,1,0.12447282
cs_f025_s11,control,246,8,2,12.915,2.24,2.2478167,69,9,12,11.108854,99.979687,26.021408,3842.2091,3836.0048,3835.9563,13.674956,0.44267259,0.41581443,0.49157266,0.052486987,3.9683469,6.6371022,0.0027189619,0.0020250218,0.0038447731,0.0041135771,0.0031287459,59.346741,0.55072761,0.016847434,0.063045472,0.36935188,0.27455357,1,1,0.10408043
cs_f025_s11,control,252,21,2,13.605,2.365,2.3147105,55,12,12,8.3316406,99.979687,26.001389,3845.1672,3840.6152,3840.5648,13.955646,0.4663221,0.43980298,0.49157266,0.052486987,4.1907801,6.7633455,0.0027478928,0.0020452255,0.0041612151,0.0043036478,0.0032516514,58.472946,0.5358211,0.0063846548,0.063006439,0.36828644,0.3192389,1,1,0.10043877
cs_f025_s11,control,258,11,2,11.005,2.02,2.0180538,55,12,12,8.3216146,99.859375,25.968734,3845.3694,3844.558,3844.5038,14.465838,0.48191615,0.4559378,0.49157266,0.052486987,4.2656873,7.0140601,0.0027889844,0.0021051992,0.0044456396,0.0034834314,0.0027061675,57.836301,0.58645312,0.008972405,0.066553174,0.36110071,0.33663366,1,1,0.10014602
cs_f025_s11,control,264,9,2,9.96,1.92,1.9315273,50,10,12,9.9979687,99.979687,25.976597,3848.837,3847.1099,3847.0501,15.201813,0.48877319,0.4635137,0.49157266,0.052486987,4.2123569,7.0336238,0.0028655203,0.0021893195,0.0045652111,0.0031438115,0.0026220963,58.075993,0.61386672,0.0060342396,0.064640527,0.32123765,0.23177083,1,1,0.1179897
cs_f025_s11,control,270,8,2,9.53,1.915,1.9278136,50,9,11,11.108854,99.979687,25.995806,3845.993,3847.8393,3847.7734,15.95093,0.48659354,0.49659669,0.58328881,0.055651334,4.0552318,6.9920724,0.0029602902,0.0023032124,0.0045835083,0.0030864981,0.0026937042,58.453417,0.62517744,0.012010816,0.06794685,0.29455464,0.16971279,1,1,0.142627
cs_f025_s11,control,276,9,2,10.71,2,2.0457125,52,10,11,9.9979687,99.979687,25.997747,3845.7059,3846.6661,3846.5964,16.40471,0.47547247,0.50056342,0.60254288,0.050486055,3.8959955,6.9102633,0.0030269369,0.0023711302,0.005009189,0.0032841037,0.0028807636,59.956802,0.62435017,0.024517536,0.077195152,0.2647303,0.16,1,1,0.14296765
cs_f025_s11,control,282,12,3,10.565,2.035,2.0661184,53,13,11,7.6814904,99.859375,25.953647,3847.6048,3843.8689,3843.8002,16.292286,0.45589601,0.48228207,0.60254288,0.050486055,3.6895084,6.7222702,0.0030154155,0.0023411575,0.0053522561,0.0037000421,0.0033691293,59.91646,0.60499926,0.020298359,0.073294454,0.298175,0.083538084,1,1,0.15155416
cs_f025_s11,control,288,9,3,10.36,2.09,2.1167311,59,10,12,9.9979687,99.979687,25.997886,3845.6853,3840.04,3839.9779,15.474954,0.42871975,0.48962238,0.62263421,0.052441974,3.619919,6.6943855,0.0028945201,0.0022299603,0.0054845091,0.0041083048,0.0038111872,60.007255,0.58920097,0.01715438,0.077555326,0.34784526,0.055023923,1,1,0.16029236
cs_f025_s11,control,294,9,3,10.205,2.24,2.2549251,58,10,10,9.9979687,99.979687,26.026121,3841.5132,3835.9913,3835.9403,14.015028,0.39513142,0.50520908,0.58601305,0.057500606,3.5626954,6.843564,0.0026682143,0.0020840915,0.0049660594,0.0041314797,0.0038461395,60.224386,0.57861617,0.0057184223,0.063090716,0.33164099,0.071428571,1,1,0.16834215
cs_f025_s11,control,300,13,3,15.52,2.495,2.4826525,67,12,10,8.3316406,99.979687,26.071283,3834.8588,3832.6189,3832.5799,12.2355,0.35659901,0.46753876,0.58601305,0.057500606,3.5046561,6.7733437,0.0023872196,0.0018840331,0.0039273645,0.0039165357,0.0036039353,59.635624,0.55644976,0.0056651946,0.06868494,0.35360183,0.086172345,1,1,0.17584814
cs_f025_s11,control,306,15,4,10.485,2.665,2.6306081,69,12,12,8.3316406,99.979687,26.091027,3831.9568,3830.7405,3830.7105,10.725999,0.31480654,0.38758815,0.59234723,0.052333376,3.5481507,6.7470489,0.0021466945,0.0017216219,0.003606668,0.0034105396,0.00311331,59.279466,0.558491,0.010936505,0.060323766,0.35393272,0.12195122,1,1,0.18171116
cs_f025_s11,control,312,12,3,10.125,2.725,2.644107,74,11,11,9.0890625,99.979687,26.097301,3831.0355,3830.9347,3830.9081,10.096046,0.27158057,0.35272032,0.62528801,0.055235364,3.424983,5.8067481,0.0020402905,0.0016671629,0.0034975932,0.0028828896,0.0025823578,58.468219,0.55334089,0.019489299,0.061376786,0.32243793,0.19633028,1,1,0.18938126
cs_f025_s11,control,318,14,3,11.205,2.815,2.7656971,71,11,12,9.0890625,99.979687,26.085552,3832.761,3833.4147,3833.3865,10.395816,0.22881027,0.20055407,0.76740405,0.039688994,3.0904825,4.2659882,0.0020724718,0.0017157381,0.0033740818,0.0023711855,0.0020514694,58.737166,0.56587274,0.023492904,0.064949247,0.33922948,0.27886323,1,1,0.199868
cs_f025_s11,control,324,7,3,8.955,2.81,2.7327475,76,8,11,12.497461,99.979687,26.047916,3838.2989,3837.971,3837.9394,11.016223,0.1883649,0.15686095,0.76453413,0.039511486,2.7089342,4.1242343,0.0021468537,0.0017800219,0.0034578567,0.0022186693,0.0019553448,57.357677,0.61002731,0.01836176,0.062736752,0.30635165,0.2366548,1,1,0.20471969
cs_f025_s11,control,330,7,3,10.48,2.87,2.8532836,80,8,12,12.497461,99.979687,26.001112,3845.2082,3844.0011,3843.9678,11.318691,0.15201213,0.1302636,0.75923929,0.037510633,2.4503626,4.0501985,0.0021595143,0.0017807138,0.0034236871,0.0022157418,0.0020014384,56.175091,0.61306502,0.016957437,0.076537791,0.34683038,0.18466899,1,1,0.21462358
cs_f025_s11,control,336,7,3,11.715,2.96,2.9086498,80,8,14,12.497461,99.979687,25.94121,3854.0873,3850.6202,3850.5886,11.019685,0.12134074,0.12211137,0.62479661,0.045906148,2.3192795,4.0924029,0.0020645051,0.0016981877,0.0033669607,0.0022394547,0.0019797866,54.193165,0.6204198,0.01323239,0.070568311,0.35891572,0.2027027,1,1,0.22291467
cs_f025_s11,control,342,11,2,11.075,2.935,2.9534916,78,10,13,9.9979687,99.979687,25.893948,3861.1218,3856.8236,3856.7966,10.192001,0.097691228,0.10527278,0.6029424,0.048612714,2.3483839,4.0537605,0.0018803345,0.0015102878,0.003009236,0.0022215611,0.0018813578,53.314137,0.63933731,0.025071103,0.075331298,0.40249851,0.31686542,1,1,0.20588094
cs_f025_s11,control,348,8,2,9.12,2.89,2.9573539,78,9,12,11.095486,99.859375,25.832707,3865.6179,3861.6606,3861.6388,9.1683127,0.082097183,0.093692639,0.59990306,0.040302919,2.4319994,4.1084733,0.0016745221,0.0012964854,0.002730428,0.002140813,0.0017005198,52.877721,0.64882256,0.021285731,0.07883545,0.52006416,0.41349481,1,1,0.17383613
cs_f025_s11,control,354,8,3,9.32,2.745,2.7518159,77,9,12,11.108854,99.979687,25.857792,3866.5207,3864.3856,3864.3673,8.4111207,0.075240141,0.082840087,0.59990306,0.040302919,2.5246468,4.0233602,0.0015357688,0.001178764,0.0027152921,0.0018957877,0.0013781563,52.75059,0.6677999,0.016701945,0.06798411,0.52348847,0.55373406,1,1,0.13766796
cs_f050_s11,control,0,7,3,8.33,2.695,2.7544373,76,8,13,12.497461,99.979687,25.850384,3867.6287,3864.3374,3864.2668,16.480816,0.077419789,0.079183523,0.59924664,0.040875672,2.6197403,4.0694373,0.003026888,0.0023294307,0.0051356823,0.003330226,0.0023689336,52.842612,0.67840188,0.0029754248,0.061023709,0.34931523,0.49907236,1,1,0.16715607
cs_f050_s11,control,6,7,3,8.635,2.765,2.8514372,79,8,13,12.497461,99.979687,25.866154,3865.2707,3861.6803,3861.6023,17.329127,0.088540865,0.085413229,0.59924664,0.040875672,2.6495079,4.0982045,0.0031831884,0.0025144198,0.0055507035,0.0028003857,0.0019485179,52.339316,0.6684161,0.0080923748,0.048576427,0.30082308,0.48824593,1,1,0.17835072
cs_f050_s11,control,12,8,3,9.37,2.92,3.029141,75,9,14,11.095486,99.859375,25.863287,3861.0473,3856.7842,3856.6936,18.676716,0.10811732,0.10939304,0.62206136,0.040778441,2.676859,4.1084332,0.003384714,0.0026805196,0.0057910367,0.0023363839,0.0015542811,51.927375,0.66395931,0.016500567,0.039624426,0.27766373,0.53082192,1,1,0.18499974
cs_f050_s11,control,18,10,4,10.245,3.005,3.1208491,77,11,14,9.0890625,99.979687,25.929475,3855.8315,3850.3375,3850.2345,19.892453,0.13529358,0.13453356,0.62206136,0.040778441,2.8198643,4.0957983,0.0035176829,0.0028100698,0.0061296699,0.0022528918,0.0014841465,52.655374,0.65483691,0.018462005,0.049013781,0.23360278,0.5906822,1,1,0.16471647
cs_f050_s11,control,24,18,4,12.845,3.095,3.1975472,82,11,12,9.0890625,99.979687,25.992513,3846.4802,3843.2587,3843.1467,20.733142,0.16888191,0.1728845,0.62736648,0.037971394,2.9282866,4.0943139,0.0035650464,0.0028343764,0.0060376745,0.0024549954,0.0017397946,51.631852,0.64831959,0.017410759,0.051086997,0.2802781,0.42003231,1,1,0.17155888
cs_f050_s11,control,30,17,9,10.82,3.12,3.1561503,87,12,10,8.3316406,99.979687,26.019225,3842.5313,3836.5582,3836.4391,21.38162,0.20741433,0.11377237,0.53656485,0.0488638,2.9487877,4.12989,0.0036143116,0.0028766699,0.006048147,0.002737801,0.0020659599,52.339216,0.63127355,0.020868781,0.053358043,0.22587502,0.30128205,1,1,0.15040178
cs_f050_s11,control,36,15,3,11.905,3.04,3.075109,77,12,10,8.3316406,99.979687,26.097415,3831.0188,3831.1784,3831.0498,22.231701,0.24920679,0.14218437,0.53656485,0.0488638,2.993437,4.431329,0.0037992694,0.002967669,0.0063552143,0.0032760698,0.0025767464,52.694905,0.62955512,0.012669951,0.054380901,0.22145269,0.25,0.9800627,1,0.13983166
cs_f050_s11,control,42,11,3,12.02,3.085,3.2380466,80,12,12,8.3316406,99.979687,26.106364,3829.7056,3827.8376,3827.6942,23.493106,0.29243276,0.17606799,0.53261079,0.045130895,3.1269955,5.2895105,0.0041719715,0.0031687815,0.0068021047,0.0038067401,0.0031620005,51.17716,0.61330574,0.0167188,0.058018122,0.23476936,0.16693679,0.97980189,1,0.14781226
cs_f050_s11,control,48,9,3,11.575,3.135,3.2462611,77,10,11,9.9979687,99.979687,26.092719,3831.7083,3826.903,3826.7414,24.957471,0.33520307,0.20746065,0.55638202,0.047133358,3.1839085,5.7585243,0.0046405907,0.0035239833,0.0073026446,0.0044991947,0.0037775469,52.576319,0.59632887,0.011136108,0.070201041,0.25975529,0.18979266,0.95068105,1,0.13818426
cs_f050_s11,control,54,14,3,11.11,2.805,2.8301849,79,11,11,9.0890625,99.979687,26.08699,3832.5498,3828.3209,3828.1431,26.20072,0.37564843,0.24311,0.55638202,0.047133358,3.3379737,6.2336196,0.0050570845,0.0038648567,0.0078043542,0.0044178351,0.003689226,50.039296,0.63998364,0.026913667,0.071198172,0.21178832,0.2228164,0.9586368,1,0.14856365
cs_f050_s11,control,60,10,2,11.635,2.845,2.9089655,69,9,11,11.108854,99.979687,26.091804,3831.8427,3831.6239,3831.4357,26.979278,0.4120012,0.2788904,0.55638202,0.047133358,3.6423539,6.3346451,0.0053275383,0.0040433749,0.0078796538,0.004586308,0.0037946322,50.002252,0.62753004,0.022918933,0.077167651,0.19004927,0.22319859,0.93108884,1,0.12447282
cs_f050_s11,control,66,8,2,12.93,2.77,2.8682694,76,9,13,11.108854,99.979687,25.980266,3848.2934,3836.0266,3835.8322,27.441755,0.44267259,0.28045227,0.61668467,0.042051706,3.9683469,6.6371022,0.0054543754,0.0040744129,0.0077804038,0.0044358417,0.003565853,49.888391,0.63707768,0.016847434,0.063045472,0.20853878,0.25451264,0.92449394,1,0.10959836
cs_f050_s11,control,72,23,3,11.09,2.705,2.8275441,80,12,12,8.3316406,99.979687,25.972681,3849.4173,3840.5891,3840.3866,28.021023,0.4663221,0.26704646,0.65901503,0.045187649,4.1907801,6.7633455,0.0055160655,0.0041179676,0.0083281039,0.0042083131,0.0033387776,49.49495,0.65206096,0.0063846548,0.063006439,0.20664387,0.2310536,0.91397083,1,0.10247828
cs_f050_s11,control,78,13,6,9.95,2.575,2.70843,75,12,11,8.3216146,99.859375,25.968959,3845.3361,3844.4051,3844.187,29.081875,0.48191615,0.28610525,0.66380926,0.045376135,4.2656873,7.0140601,0.0056064052,0.0042433129,0.0089268603,0.0040027213,0.0032187251,49.136308,0.69066438,0.008972405,0.066553174,0.17955544,0.22912621,0.9009966,1,0.10517337
cs_f050_s11,control,84,9,3,9.5,2.485,2.6818193,72,10,12,9.9979687,99.979687,25.971469,3849.5969,3846.7688,3846.5274,30.592887,0.48877319,0.30858486,0.65901503,0.045187649,4.2123569,7.0336238,0.0057667349,0.0044197042,0.0092575775,0.0042526195,0.0033915351,50.33365,0.68982961,0.0060342396,0.064640527,0.16012558,0.20925553,0.89836981,0.99798793,0.1179897
cs_f050_s11,control,90,8,3,9.38,2.355,2.5316225,64,9,11,11.108854,99.979687,26.011806,3843.6273,3847.2884,3847.0225,32.109582,0.48659354,0.33091078,0.65474936,0.045550372,4.0552318,6.9920724,0.0059583441,0.0046501812,0.0093054809,0.0049203886,0.0037580826,50.84565,0.69205211,0.012010816,0.06794685,0.13173219,0.2462845,0.92474411,0.95753715,0.142627
cs_f050_s11,control,96,11,3,9.64,2.33,2.4601415,72,11,11,9.0890625,99.979687,26.008316,3844.1431,3845.9375,3845.6564,33.02142,0.47547247,0.37616885,0.63813101,0.052029977,3.8959955,6.9102633,0.0060903263,0.0047861029,0.0099872312,0.0057087907,0.0042550604,49.717386,0.69988689,0.024517536,0.077195152,0.13802192,0.23390558,0.91251861,0.87982833,0.14503998
cs_f050_s11,control,102,12,3,11.785,2.37,2.4491711,72,13,12,7.6814904,99.859375,25.934453,3850.4523,3843.0476,3842.7699,32.805659,0.45589601,0.41185154,0.64755582,0.047345946,3.6895084,6.7222702,0.0060679033,0.0047221314,0.010825999,0.0060665538,0.0044080043,51.914803,0.67051163,0.020298359,0.073294454,0.15327252,0.24261603,0.90163267,0.86075949,0.15155416
cs_f050_s11,control,108,9,2,10.51,2.58,2.6263655,69,10,11,9.9979687,99.979687,25.965619,3850.4643,3839.2455,3838.9942,31.188144,0.42871975,0.40082009,0.65096579,0.047389722,3.619919,6.6943855,0.0058304367,0.0045006039,0.011003584,0.0062560077,0.0045603951,52.761035,0.64847838,0.01715438,0.077555326,0.20558642,0.24806202,0.89981051,0.84883721,0.16029236
cs_f050_s11,control,114,9,2,10.89,2.595,2.5044013,74,10,13,9.9979687,99.979687,25.992891,3846.4243,3835.3463,3835.1393,28.269083,0.39513142,0.39755803,0.56937663,0.039145521,3.5626954,6.843564,0.0053805072,0.0042087108,0.0099649177,0.0059367967,0.0043675281,52.051864,0.63971839,0.0057184223,0.063090716,0.22136309,0.27745665,0.92796882,0.85741811,0.16671161
cs_f050_s11,control,120,17,2,11.96,2.505,2.4221611,64,12,13,8.3316406,99.979687,26.058991,3836.6676,3832.2126,3832.0548,24.662594,0.35659901,0.36924925,0.56937663,0.039145521,3.5046561,6.7733437,0.0048114343,0.0038032145,0.0078944125,0.0055222463,0.0042829505,55.682977,0.63329173,0.0056651946,0.06868494,0.18880197,0.21157685,0.97455896,0.88622754,0.17592354
cs_f050_s11,control,126,15,5,12.54,2.595,2.4326914,70,12,13,8.3316406,99.979687,26.084695,3832.8869,3830.6047,3830.4841,21.551516,0.31480654,0.3358138,0.56937663,0.039145521,3.5481507,6.7470489,0.0043126717,0.0034631926,0.0072139814,0.0046851146,0.0037726237,57.555506,0.62154726,0.010936505,0.060323766,0.18673408,0.19267823,0.98645445,0.98843931,0.18171116
cs_f050_s11,control,132,12,3,12.86,2.675,2.5076386,73,11,13,9.0890625,99.979687,26.096239,3831.1915,3831.0437,3830.9374,20.217625,0.27158057,0.29871297,0.56937663,0.039145521,3.424983,5.8067481,0.0040836252,0.003343698,0.006987372,0.0037804026,0.0031319431,57.388294,0.57247729,0.019489299,0.061376786,0.1718259,0.21121495,0.98320757,1,0.1913294
cs_f050_s11,control,138,14,3,15.42,2.475,2.437995,64,11,12,9.0890625,99.979687,26.087828,3832.4266,3833.7079,3833.5952,20.809245,0.22881027,0.26531111,0.55197594,0.040840782,3.0904825,4.2659882,0.0041445537,0.0034335143,0.006716015,0.0033260234,0.0028513322,61.205872,0.58749252,0.023492904,0.064949247,0.15820229,0.14747475,0.99585445,1,0.19969767
cs_f050_s11,control,144,7,3,11.225,2.365,2.422698,59,8,11,12.497461,99.979687,26.04234,3839.1208,3838.3801,3838.2531,22.067497,0.1883649,0.23536003,0.62670244,0.027921183,2.7089342,4.1242343,0.0042972704,0.0035607529,0.0069206582,0.0033207221,0.0028905541,59.61075,0.59921774,0.01836176,0.062736752,0.18066346,0.14376321,0.99858503,1,0.20425307
cs_f050_s11,control,150,7,3,11.06,2.25,2.3706259,68,8,12,12.497461,99.979687,25.99031,3846.8062,3844.4618,3844.3279,22.665438,0.15201213,0.18720855,0.60990268,0.029113223,2.4503626,4.0501985,0.0043235402,0.0035623914,0.006885886,0.0039604419,0.0033117783,59.103698,0.6255282,0.016957437,0.076537791,0.21330088,0.16222222,0.99976136,1,0.21189212
cs_f050_s11,control,156,7,3,9.275,2.43,2.5186334,60,8,13,12.497461,99.979687,25.915401,3857.9256,3851.0692,3850.9427,22.035872,0.12134074,0.12765512,0.54954592,0.02829999,2.3192795,4.0924029,0.0041291402,0.0033931121,0.0067361254,0.0043363209,0.0034040426,59.288364,0.60957998,0.01323239,0.070568311,0.22777968,0.24691358,1,1,0.22291467
cs_f050_s11,control,162,11,6,8.455,2.335,2.4375519,62,10,12,9.9979687,99.979687,25.863293,3865.6982,3857.1927,3857.0849,20.352783,0.097691228,0.083346227,0.52673327,0.028261473,2.3483839,4.0537605,0.0037553255,0.0030134899,0.0060350657,0.0045430892,0.0034445494,61.72796,0.63701092,0.025071103,0.075331298,0.26067879,0.3490364,1,1,0.20588094
cs_f050_s11,control,168,8,4,8.57,2.45,2.5737685,67,9,11,11.095486,99.859375,25.80593,3869.6289,3861.8798,3861.7927,18.298875,0.082097183,0.050547643,0.50340372,0.029327423,2.4319994,4.1084733,0.0033410229,0.0025816629,0.0054542439,0.0040442045,0.0029583978,62.32609,0.62923147,0.021285731,0.07883545,0.29776781,0.43469388,1,1,0.17383613
cs_f050_s11,control,174,8,2,8.36,2.4,2.415096,63,9,11,11.108854,99.979687,25.843611,3868.6424,3864.3964,3864.3231,16.783985,0.075240141,0.036889433,0.50340372,0.029327423,2.5246468,4.0233602,0.0030624258,0.0023425562,0.0054066165,0.0031111735,0.0022161687,60.504203,0.66212735,0.016701945,0.06798411,0.32300215,0.45625,1,1,0.13580676
cs_f050_s11,control,180,7,2,8.595,2.495,2.4842647,62,8,12,12.497461,99.979687,25.85027,3867.6458,3864.3374,3864.2668,16.480816,0.077419789,0.03465307,0.49332293,0.030773816,2.6197403,4.0694373,0.003026888,0.0023294307,0.0051356823,0.0022102608,0.001634657,60.543199,0.658702,0.0029754248,0.061023709,0.34931523,0.46893788,1,1,0.16715607
cs_f050_s11,control,186,7,2,8.99,2.495,2.4899515,73,8,12,12.497461,99.979687,25.866154,3865.2707,3861.6803,3861.6023,17.329127,0.088540865,0.041760307,0.49332293,0.030773816,2.6495079,4.0982045,0.0031831884,0.0025144198,0.0055507035,0.0016815621,0.0012584818,62.109883,0.67373445,0.0080923748,0.048576427,0.30082308,0.51703407,1,1,0.17835072
cs_f050_s11,control,192,8,2,11.195,2.565,2.5591786,79,9,12,11.095486,99.859375,25.862895,3861.1059,3856.7842,3856.6936,18.676716,0.10811732,0.05825124,0.49332293,0.030773816,2.676859,4.1084332,0.003384714,0.0026805196,0.0057910367,0.0021151814,0.0014505042,60.716747,0.65219198,0.016500567,0.039624426,0.27766373,0.51851852,1,1,0.18499974
cs_f050_s11,control,198,10,3,10.985,2.65,2.662654,75,11,12,9.0890625,99.979687,25.929366,3855.8477,3850.3375,3850.2345,19.892453,0.13529358,0.083405134,0.49332293,0.030773816,2.8198643,4.0957983,0.0035176829,0.0028100698,0.0061296699,0.002828092,0.001926475,61.40819,0.62848669,0.018462005,0.049013781,0.23360278,0.51886792,1,1,0.16471647
cs_f050_s11,control,204,16,3,10.94,2.485,2.581067,58,11,11,9.0890625,99.979687,25.992513,3846.4802,3843.2587,3843.1467,20.733142,0.16888191,0.11154694,0.54332777,0.031732393,2.9282866,4.0943139,0.0035650464,0.0028343764,0.0060376745,0.0035285937,0.0026322134,61.246475,0.6310351,0.017410759,0.051086997,0.2802781,0.41247485,1,1,0.17155888
cs_f050_s11,control,210,17,6,12.28,2.64,2.7638808,64,12,10,8.3316406,99.979687,26.019776,3842.45,3836.5582,3836.4391,21.38162,0.20741433,0.15010249,0.55844616,0.032558304,2.9487877,4.12989,0.0036143116,0.0028766699,0.006048147,0.0037323054,0.0029621579,59.166846,0.57666971,0.020868781,0.053358043,0.22587502,0.25189394,1,1,0.15040178
cs_f050_s11,control,216,15,2,13.08,2.48,2.5236004,63,12,10,8.3316406,99.979687,26.096966,3831.0847,3831.1784,3831.0498,22.231701,0.24920679,0.19150708,0.55844616,0.032558304,2.993437,4.431329,0.0037992694,0.002967669,0.0063552143,0.003681795,0.0030019288,60.205205,0.58350939,0.012669951,0.054380901,0.22145269,0.21169355,0.9800627,1,0.13983166
cs_f050_s11,control,222,11,3,12.445,2.54,2.6141315,64,12,10,8.3316406,99.979687,26.106919,3829.6241,3827.8376,3827.6942,23.493106,0.29243276,0.23560058,0.55844616,0.032558304,3.1269955,5.2895105,0.0041719715,0.0031687815,0.0068021047,0.0040398882,0.0034418697,59.289597,0.54985527,0.0167188,0.058018122,0.23476936,0.16338583,0.97980189,1,0.14781226
cs_f050_s11,control,228,9,3,11.37,2.55,2.5605826,66,10,13,9.9979687,99.979687,26.092719,3831.7083,3826.903,3826.7414,24.957471,0.33520307,0.33001817,0.52980729,0.040455347,3.1839085,5.7585243,0.0046405907,0.0035239833,0.0073026446,0.0055775198,0.0045683879,58.760653,0.53859672,0.011136108,0.070201041,0.25975529,0.12745098,0.95068105,0.95294118,0.13818426
cs_f050_s11,control,234,14,2,13.415,2.54,2.5096264,66,11,14,9.0890625,99.979687,26.08699,3832.5498,3828.3209,3828.1431,26.20072,0.37564843,0.37146553,0.53815222,0.03996515,3.3379737,6.2336196,0.0050570845,0.0038648567,0.0078043542,0.0068502855,0.0053496865,57.184293,0.5106534,0.026913667,0.071198172,0.21178832,0.1476378,0.9586368,0.87007874,0.14856365
cs_f050_s11,control,240,8,2,13.105,2.43,2.3521411,59,9,13,11.108854,99.979687,26.092426,3831.7513,3831.6239,3831.4357,26.979278,0.4120012,0.43850085,0.57865882,0.042938078,3.6423539,6.3346451,0.0053275383,0.0040433749,0.0078796538,0.007675799,0.0057544687,57.316721,0.51365,0.022918933,0.077167651,0.19004927,0.23045267,0.93108884,0.80658436,0.12447282
cs_f050_s11,control,246,8,2,12.915,2.24,2.2478167,69,9,12,11.108854,99.979687,25.98025,3848.2958,3836.0266,3835.8322,27.441755,0.44267259,0.41581443,0.49157266,0.052486987,3.9683469,6.6371022,0.0054543754,0.0040744129,0.0077804038,0.008235169,0.0062774608,59.346741,0.55072761,0.016847434,0.063045472,0.20853878,0.24776786,0.92449394,0.76116071,0.10959836
cs_f050_s11,control,252,21,2,13.605,2.365,2.3147105,55,12,12,8.3316406,99.979687,25.973067,3849.3601,3840.5891,3840.3866,28.021023,0.4663221,0.43980298,0.49157266,0.052486987,4.1907801,6.7633455,0.0055160655,0.0041179676,0.0083281039,0.0086153515,0.0065197504,58.472946,0.5358211,0.0063846548,0.063006439,0.20664387,0.26215645,0.91397083,0.72515856,0.10247828
cs_f050_s11,control,258,11,2,11.005,2.02,2.0180538,55,12,12,8.3216146,99.859375,25.968316,3845.4313,3844.4051,3844.187,29.081875,0.48191615,0.4559378,0.49157266,0.052486987,4.2656873,7.0140601,0.0056064052,0.0042433129,0.0089268603,0.0069957886,0.0054442592,57.836301,0.58645312,0.008972405,0.066553174,0.17955544,0.20544554,0.9009966,0.80940594,0.10517337
cs_f050_s11,control,264,9,2,9.96,1.92,1.9315273,50,10,12,9.9979687,99.979687,25.971372,3849.6113,3846.7688,3846.5274,30.592887,0.48877319,0.4635137,0.49157266,0.052486987,4.2123569,7.0336238,0.0057667349,0.0044197042,0.0092575775,0.0063361149,0.005306116,58.075993,0.61386672,0.0060342396,0.064640527,0.16012558,0.057291667,0.89836981,0.8984375,0.1179897
cs_f050_s11,control,270,8,2,9.53,1.915,1.9278136,50,9,11,11.108854,99.979687,26.012028,3843.5945,3847.2884,3847.0225,32.109582,0.48659354,0.49659669,0.58328881,0.055651334,4.0552318,6.9920724,0.0059583441,0.0046501812,0.0093054809,0.0062391968,0.0054480162,58.453417,0.62517744,0.012010816,0.06794685,0.13173219,0.093994778,0.92474411,0.92167102,0.142627
cs_f050_s11,control,276,9,2,10.71,2,2.0457125,52,10,11,9.9979687,99.979687,26.008538,3844.1102,3845.9375,3845.6564,33.02142,0.47547247,0.50056342,0.60254288,0.050486055,3.8959955,6.9102633,0.0060903263,0.0047861029,0.0099872312,0.006633224,0.0058104866,59.956802,0.62435017,0.024517536,0.077195152,0.13802192,0.0875,0.91251861,0.895,0.14503998
cs_f050_s11,control,282,12,3,10.565,2.035,2.0661184,53,13,11,7.6814904,99.859375,25.93432,3850.4721,3843.0476,3842.7699,32.805659,0.45589601,0.48228207,0.60254288,0.050486055,3.6895084,6.7222702,0.0060679033,0.0047221314,0.010825999,0.0074527006,0.0067855105,59.91646,0.60499926,0.020298359,0.073294454,0.15327252,0.041769042,0.90163267,0.85749386,0.15155416
cs_f050_s11,control,288,9,3,10.36,2.09,2.1167311,59,10,12,9.9979687,99.979687,25.965619,3850.4643,3839.2455,3838.9942,31.188144,0.42871975,0.48962238,0.62263421,0.052441974,3.619919,6.6943855,0.0058304367,0.0045006039,0.011003584,0.0082611245,0.0076658671,60.007255,0.58920097,0.01715438,0.077555326,0.20558642,0.043062201,0.89981051,0.79186603,0.16029236
cs_f050_s11,control,294,9,3,10.205,2.24,2.2549251,58,10,10,9.9979687,99.979687,25.993584,3846.3218,3835.3463,3835.1393,28.269083,0.39513142,0.50520908,0.58601305,0.057500606,3.5626954,6.843564,0.0053805072,0.0042087108,0.0099649177,0.0083046847,0.0077324177,60.224386,0.57861617,0.0057184223,0.063090716,0.22136309,0.037946429,0.92796882,0.79464286,0.16671161
cs_f050_s11,control,300,13,3,15.52,2.495,2.4826525,67,12,10,8.3316406,99.979687,26.059777,3836.552,3832.2126,3832.0548,24.662594,0.35659901,0.46753876,0.58601305,0.057500606,3.5046561,6.7733437,0.0048114343,0.0038032145,0.0078944125,0.0078705516,0.0072428822,59.635624,0.55644976,0.0056651946,0.06868494,0.18880197,0.072144289,0.97455896,0.81362725,0.17592354
cs_f050_s11,control,306,15,4,10.485,2.665,2.6306081,69,12,12,8.3316406,99.979687,26.084412,3832.9285,3830.6047,3830.4841,21.551516,0.31480654,0.38758815,0.59234723,0.052333376,3.5481507,6.7470489,0.0043126717,0.0034631926,0.0072139814,0.0068533285,0.0062645167,59.279466,0.558491,0.010936505,0.060323766,0.18673408,0.045028143,0.98645445,0.93245779,0.18171116
cs_f050_s11,control,312,12,3,10.125,2.725,2.644107,74,11,11,9.0890625,99.979687,26.096408,3831.1666,3831.0437,3830.9374,20.217625,0.27158057,0.35272032,0.62528801,0.055235364,3.424983,5.8067481,0.0040836252,0.003343698,0.006987372,0.0057841281,0.0051919433,58.468219,0.55334089,0.019489299,0.061376786,0.1718259,0.12110092,0.98320757,0.99266055,0.1913294
cs_f050_s11,control,318,14,3,11.205,2.815,2.7656971,71,11,12,9.0890625,99.979687,26.088243,3832.3657,3833.7079,3833.5952,20.809245,0.22881027,0.20055407,0.76740405,0.039688994,3.0904825,4.2659882,0.0041445537,0.0034335143,0.006716015,0.004734218,0.0040950273,58.737166,0.56587274,0.023492904,0.064949247,0.15820229,0.14387211,0.99585445,1,0.19969767
cs_f050_s11,control,324,7,3,8.955,2.81,2.7327475,76,8,11,12.497461,99.979687,26.042702,3839.0674,3838.3801,3838.2531,22.067497,0.1883649,0.15686095,0.76453413,0.039511486,2.7089342,4.1242343,0.0042972704,0.0035607529,0.0069206582,0.0044041771,0.0038688929,57.357677,0.61002731,0.01836176,0.062736752,0.18066346,0.11209964,0.99858503,1,0.20425307
cs_f050_s11,control,330,7,3,10.48,2.87,2.8532836,80,8,12,12.497461,99.979687,25.989869,3846.8716,3844.4618,3844.3279,22.665438,0.15201213,0.1302636,0.75923929,0.037510633,2.4503626,4.0501985,0.0043235402,0.0035623914,0.006885886,0.0043989116,0.0039714111,56.175091,0.61306502,0.016957437,0.076537791,0.21330088,0.087108014,0.99976136,1,0.21189212
cs_f050_s11,control,336,7,3,11.715,2.96,2.9086498,80,8,14,12.497461,99.979687,25.915401,3857.9256,3851.0692,3850.9427,22.035872,0.12134074,0.12211137,0.62479661,0.045906148,2.3192795,4.0924029,0.0041291402,0.0033931121,0.0067361254,0.0044613836,0.0039419989,54.193165,0.6204198,0.01323239,0.070568311,0.22777968,0.12331081,1,1,0.22291467
cs_f050_s11,control,342,11,2,11.075,2.935,2.9534916,78,10,13,9.9979687,99.979687,25.863245,3865.7054,3857.1927,3857.0849,20.352783,0.097691228,0.10527278,0.6029424,0.048612714,2.3483839,4.0537605,0.0037553255,0.0030134899,0.0060350657,0.0044397827,0.0037529968,53.314137,0.63933731,0.025071103,0.075331298,0.26067879,0.16013629,1,1,0.20588094
cs_f050_s11,control,348,8,2,9.12,2.89,2.9573539,78,9,12,11.095486,99.859375,25.805598,3869.6788,3861.8798,3861.7927,18.298875,0.082097183,0.093692639,0.59990306,0.040302919,2.4319994,4.1084733,0.0033410229,0.0025816629,0.0054542439,0.0042829861,0.0033946482,52.877721,0.64882256,0.021285731,0.07883545,0.29776781,0.2716263,1,1,0.17383613
cs_f050_s11,control,354,8,3,9.32,2.745,2.7518159,77,9,12,11.108854,99.979687,25.843744,3868.6225,3864.3964,3864.3231,16.783985,0.075240141,0.082840087,0.59990306,0.040302919,2.5246468,4.0233602,0.0030624258,0.0023425562,0.0054066165,0.0037859517,0.0027456122,52.75059,0.6677999,0.016701945,0.06798411,0.32300215,0.41165756,1,1,0.13580676
cs_f075_s11,control,0,7,3,8.33,2.695,2.7544373,76,8,13,12.497461,99.979687,25.839531,3869.2532,3864.2993,3864.1413,24.630403,0.077419789,0.079183523,0.59924664,0.040875672,2.6197403,4.0694373,0.0045209364,0.003469757,0.0077121046,0.004966793,0.0035250254,52.842612,0.67840188,0.0029754248,0.061023709,0.24434057,0.4174397,0.96663514,0.94619666,0.16715607
cs_f075_s11,control,6,7,3,8.635,2.765,2.8514372,79,8,13,12.497461,99.979687,25.855891,3866.805,3861.4109,3861.2367,25.874415,0.088540865,0.085413229,0.59924664,0.040875672,2.6495079,4.0982045,0.0047517135,0.0037470234,0.0082971783,0.0041628054,0.0028875596,52.339316,0.6684161,0.0080923748,0.048576427,0.21956577,0.41952984,0.97950825,0.96925859,0.17569289
cs_f075_s11,control,12,8,3,9.37,2.92,3.029141,75,9,14,11.095486,99.859375,25.852577,3862.6469,3856.3312,3856.1282,27.924057,0.10811732,0.10939304,0.62206136,0.040778441,2.676859,4.1084332,0.0050595397,0.0039998147,0.0086890638,0.0034673983,0.0022976329,51.927375,0.66395931,0.016500567,0.039624426,0.19156715,0.44349315,0.93845555,0.99315068,0.18469457
cs_f075_s11,control,18,10,4,10.245,3.005,3.1208491,77,11,14,9.0890625,99.979687,25.915224,3857.9519,3849.7877,3849.5558,29.828212,0.13529358,0.13453356,0.62206136,0.040778441,2.8198643,4.0957983,0.0052731477,0.004205556,0.0092417867,0.0033500415,0.0021987921,52.655374,0.65483691,0.018462005,0.049013781,0.20614087,0.46422629,0.93172225,0.98835275,0.16471647
cs_f075_s11,control,24,18,4,12.845,3.095,3.1975472,82,11,12,9.0890625,99.979687,25.985899,3847.4592,3842.7174,3842.4641,31.169224,0.16888191,0.1728845,0.62736648,0.037971394,2.9282866,4.0943139,0.0053581476,0.0042541157,0.0090461447,0.0036649298,0.002587066,51.631852,0.64831959,0.017410759,0.051086997,0.20222687,0.29886914,0.9513943,0.95961228,0.17543296
cs_f075_s11,control,30,17,9,10.82,3.12,3.1561503,87,12,10,8.3316406,99.979687,26.003344,3844.8781,3836.1189,3835.8491,32.184396,0.20741433,0.11377237,0.53656485,0.0488638,2.9487877,4.12989,0.0054394401,0.004326286,0.0090705498,0.0040934585,0.00307824,52.339216,0.63127355,0.020868781,0.053358043,0.1674497,0.20032051,0.93185443,0.95673077,0.14757096
cs_f075_s11,control,36,15,3,11.905,3.04,3.075109,77,12,10,8.3316406,99.979687,26.100376,3830.5842,3830.8976,3830.6067,33.469954,0.24920679,0.14218437,0.53656485,0.0488638,2.993437,4.431329,0.0057192491,0.0044682022,0.00953491,0.004896609,0.0038463437,52.694905,0.62955512,0.012669951,0.054380901,0.13582628,0.15953947,0.91648318,0.95065789,0.13983166
cs_f075_s11,control,42,11,3,12.02,3.085,3.2380466,80,12,12,8.3316406,99.979687,26.100003,3830.6389,3827.7311,3827.4071,35.366651,0.29243276,0.17606799,0.53261079,0.045130895,3.1269955,5.2895105,0.0062801631,0.0047724545,0.010243362,0.0056801337,0.0047177639,51.17716,0.61330574,0.0167188,0.058018122,0.17547643,0.10534846,0.87412285,0.91247974,0.14265805
cs_f075_s11,control,48,9,3,11.575,3.135,3.2462611,77,10,11,9.9979687,99.979687,26.075193,3834.2837,3826.9623,3826.5972,37.57403,0.33520307,0.20746065,0.55638202,0.047133358,3.1839085,5.7585243,0.0069853867,0.0053118351,0.010952987,0.0067138108,0.0056385579,52.576319,0.59632887,0.011136108,0.070201041,0.17703866,0.14673046,0.83416487,0.85326954,0.13818426
cs_f075_s11,control,54,14,3,11.11,2.805,2.8301849,79,11,11,9.0890625,99.979687,26.071916,3834.7656,3828.5307,3828.1292,39.444556,0.37564843,0.24311,0.55638202,0.047133358,3.3379737,6.2336196,0.0076105855,0.0058267733,0.011698481,0.0065869635,0.0055087441,50.039296,0.63998364,0.026913667,0.071198172,0.16170556,0.15508021,0.81853723,0.88948307,0.14856365
cs_f075_s11,control,60,10,2,11.635,2.845,2.9089655,69,9,11,11.108854,99.979687,26.090962,3831.9663,3831.9626,3831.5381,40.603264,0.4120012,0.2788904,0.55638202,0.047133358,3.6423539,6.3346451,0.0080140132,0.0060977554,0.011960759,0.0068498836,0.0056799294,50.002252,0.62753004,0.022918933,0.077167651,0.12911871,0.14938489,0.801531,0.87521968,0.12967405
cs_f075_s11,control,66,8,2,12.93,2.77,2.8682694,76,9,13,11.108854,99.979687,25.937679,3854.612,3836.4502,3836.012,41.289585,0.44267259,0.28045227,0.61668467,0.042051706,3.9683469,6.6371022,0.0082029619,0.0061453578,0.011795167,0.0066452459,0.0053535466,49.888391,0.63707768,0.016847434,0.063045472,0.15254242,0.16425993,0.82829918,0.86101083,0.11479959
cs_f075_s11,control,72,23,3,11.09,2.705,2.8275441,80,12,12,8.3316406,99.979687,25.943485,3853.7493,3841.019,3840.562,42.18253,0.4663221,0.26704646,0.65901503,0.045187649,4.1907801,6.7633455,0.008300743,0.0062148884,0.012491072,0.0063230566,0.0050305839,49.49495,0.65206096,0.0063846548,0.063006439,0.13137201,0.14787431,0.80580696,0.86876155,0.10247828
cs_f075_s11,control,78,13,6,9.95,2.575,2.70843,75,12,11,8.3216146,99.859375,25.969523,3845.2526,3844.7394,3844.2458,43.833599,0.48191615,0.28610525,0.66380926,0.045376135,4.2656873,7.0140601,0.0084484859,0.0064123167,0.013438031,0.0060415154,0.0048732219,49.136308,0.69066438,0.008972405,0.066553174,0.12728324,0.16116505,0.80934571,0.88349515,0.10640559
cs_f075_s11,control,84,9,3,9.5,2.485,2.6818193,72,10,12,9.9979687,99.979687,25.967023,3850.2561,3846.914,3846.3663,46.161729,0.48877319,0.30858486,0.65901503,0.045187649,4.2123569,7.0336238,0.008700723,0.0066876858,0.01393852,0.0064476873,0.0051504785,50.33365,0.68982961,0.0060342396,0.064640527,0.11303953,0.14285714,0.76713531,0.82092555,0.12224968
cs_f075_s11,control,90,8,3,9.38,2.355,2.5316225,64,9,11,11.108854,99.979687,26.024976,3841.6822,3847.1959,3846.5923,48.465866,0.48659354,0.33091078,0.65474936,0.045550372,4.0552318,6.9920724,0.0089917785,0.0070379876,0.014104397,0.0074746978,0.0057162662,50.84565,0.69205211,0.012010816,0.06794685,0.088404005,0.15711253,0.74207041,0.72611465,0.15071316
cs_f075_s11,control,96,11,3,9.64,2.33,2.4601415,72,11,11,9.0890625,99.979687,26.015632,3843.062,3845.6272,3844.9892,49.834995,0.47547247,0.37616885,0.63813101,0.052029977,3.8959955,6.9102633,0.0091868503,0.0072412667,0.015120986,0.0086529125,0.0064630372,49.717386,0.69988689,0.024517536,0.077195152,0.12660459,0.15879828,0.74956043,0.67811159,0.14503998
cs_f075_s11,control,102,12,3,11.785,2.37,2.4491711,72,13,12,7.6814904,99.859375,25.913093,3853.6262,3842.6084,3841.9782,49.517821,0.45589601,0.41185154,0.64755582,0.047345946,3.6895084,6.7222702,0.0091525976,0.0071390083,0.016437952,0.0091735899,0.0066828611,51.914803,0.67051163,0.020298359,0.073294454,0.11423715,0.15189873,0.71837436,0.67932489,0.15415167
cs_f075_s11,control,108,9,2,10.51,2.58,2.6263655,69,10,11,9.9979687,99.979687,25.931597,3855.516,3838.814,3838.2424,47.116083,0.42871975,0.40082009,0.65096579,0.047389722,3.619919,6.6943855,0.0088025632,0.0068080035,0.016606262,0.0094523888,0.0069073394,52.761035,0.64847838,0.01715438,0.077555326,0.17123064,0.19379845,0.71497843,0.67635659,0.16029236
cs_f075_s11,control,114,9,2,10.89,2.595,2.5044013,74,10,13,9.9979687,99.979687,25.958212,3851.5629,3835.064,3834.5922,42.745248,0.39513142,0.39755803,0.56937663,0.039145521,3.5626954,6.843564,0.0081329601,0.0063722198,0.014987892,0.0089671267,0.006611586,52.051864,0.63971839,0.0057184223,0.063090716,0.16707977,0.22350674,0.74092602,0.70712909,0.16893742
cs_f075_s11,control,120,17,2,11.96,2.505,2.4221611,64,12,13,8.3316406,99.979687,26.045615,3838.638,3832.1753,3831.8157,37.273343,0.35659901,0.36924925,0.56937663,0.039145521,3.5046561,6.7733437,0.0072704015,0.0057550921,0.012003757,0.0083493933,0.0064893935,55.682977,0.63329173,0.0056651946,0.06868494,0.13987247,0.15568862,0.79870196,0.74051896,0.17906575
cs_f075_s11,control,126,15,5,12.54,2.595,2.4326914,70,12,13,8.3316406,99.979687,26.076574,3834.0807,3830.8279,3830.5546,32.473021,0.31480654,0.3358138,0.56937663,0.039145521,3.5481507,6.7470489,0.0064965793,0.0052234363,0.01084912,0.0070855752,0.0057226605,57.555506,0.62154726,0.010936505,0.060323766,0.12775874,0.10019268,0.86862621,0.79768786,0.18109816
cs_f075_s11,control,132,12,3,12.86,2.675,2.5076386,73,11,13,9.0890625,99.979687,26.093666,3831.5692,3831.4697,3831.2306,30.359033,0.27158057,0.29871297,0.56937663,0.039145521,3.424983,5.8067481,0.0061284572,0.0050276706,0.010445331,0.0057068116,0.0047348739,57.388294,0.57247729,0.019489299,0.061376786,0.13128774,0.11775701,0.8972405,0.91775701,0.1965049
cs_f075_s11,control,138,14,3,15.42,2.475,2.437995,64,11,12,9.0890625,99.979687,26.088841,3832.2779,3834.2513,3833.9976,31.232777,0.22881027,0.26531111,0.55197594,0.040840782,3.0904825,4.2659882,0.006214426,0.0051514213,0.010027115,0.0049721828,0.0042511482,61.205872,0.58749252,0.023492904,0.064949247,0.11968855,0.10505051,0.88759477,0.98383838,0.19945282
cs_f075_s11,control,144,7,3,11.225,2.365,2.422698,59,8,11,12.497461,99.979687,26.035444,3840.1376,3838.9728,3838.6864,33.148245,0.1883649,0.23536003,0.62670244,0.027921183,2.7089342,4.1242343,0.0064497209,0.0053417578,0.010388869,0.0049274421,0.0042926078,59.61075,0.59921774,0.01836176,0.062736752,0.12832917,0.10359408,0.83706577,0.99154334,0.20425307
cs_f075_s11,control,150,7,3,11.06,2.25,2.3706259,68,8,12,12.497461,99.979687,25.978301,3848.5846,3845.0652,3844.763,34.036809,0.15201213,0.18720855,0.60990268,0.029113223,2.4503626,4.0501985,0.0064909706,0.0053442838,0.010390285,0.0059118596,0.0049368085,59.103698,0.6255282,0.016957437,0.076537791,0.15002564,0.12,0.87700158,0.95555556,0.21305337
cs_f075_s11,control,156,7,3,9.275,2.43,2.5186334,60,8,13,12.497461,99.979687,25.889241,3861.8238,3851.6528,3851.3681,33.045226,0.12134074,0.12765512,0.54954592,0.02829999,2.3192795,4.0924029,0.0061929572,0.0050836392,0.010129665,0.0065064125,0.0050960563,59.288364,0.60957998,0.01323239,0.070568311,0.14962111,0.15843621,0.89335045,0.75514403,0.2211555
cs_f075_s11,control,162,11,6,8.455,2.335,2.4375519,62,10,12,9.9979687,99.979687,25.832256,3870.3429,3857.7105,3857.4684,30.478034,0.097691228,0.083346227,0.52673327,0.028261473,2.3483839,4.0537605,0.0056239743,0.0045085637,0.0090751879,0.006824637,0.0051648852,61.72796,0.63701092,0.025071103,0.075331298,0.20321247,0.26766595,0.93638588,0.72805139,0.20238211
cs_f075_s11,control,168,8,4,8.57,2.45,2.5737685,67,9,11,11.095486,99.859375,25.778729,3873.7121,3862.268,3862.0725,27.38702,0.082097183,0.050547643,0.50340372,0.029327423,2.4319994,4.1084733,0.004998435,0.0038544503,0.0081893493,0.0060596614,0.0044247147,62.32609,0.62923147,0.021285731,0.07883545,0.22722079,0.36530612,0.93748237,0.88367347,0.17383613
cs_f075_s11,control,174,8,2,8.36,2.4,2.415096,63,9,11,11.108854,99.979687,25.828583,3870.8932,3864.5913,3864.4268,25.113725,0.075240141,0.036889433,0.50340372,0.029327423,2.5246468,4.0233602,0.0045788021,0.0034902025,0.00807053,0.0046367994,0.0032947422,60.504203,0.66212735,0.016701945,0.06798411,0.22693868,0.39375,0.96780083,0.99583333,0.13417267
cs_f075_s11,control,180,7,2,8.595,2.495,2.4842647,62,8,12,12.497461,99.979687,25.839363,3869.2783,3864.2993,3864.1413,24.630403,0.077419789,0.03465307,0.49332293,0.030773816,2.6197403,4.0694373,0.0045209364,0.003469757,0.0077121046,0.003273179,0.0024159034,60.543199,0.658702,0.0029754248,0.061023709,0.24434057,0.3747495,0.96663514,1,0.16715607
cs_f075_s11,control,186,7,2,8.99,2.495,2.4899515,73,8,12,12.497461,99.979687,25.855891,3866.805,3861.4109,3861.2367,25.874415,0.088540865,0.041760307,0.49332293,0.030773816,2.6495079,4.0982045,0.0047517135,0.0037470234,0.0082971783,0.0024903717,0.0018572955,62.109883,0.67373445,0.0080923748,0.048576427,0.21956577,0.41082164,0.97950825,0.99599198,0.17569289
cs_f075_s11,control,192,8,2,11.195,2.565,2.5591786,79,9,12,11.095486,99.859375,25.851992,3862.7342,3856.3312,3856.1282,27.924057,0.10811732,0.05825124,0.49332293,0.030773816,2.676859,4.1084332,0.0050595397,0.0039998147,0.0086890638,0.0031563721,0.0021551808,60.716747,0.65219198,0.016500567,0.039624426,0.19156715,0.43469786,0.93845555,0.9785575,0.18469457
cs_f075_s11,control,198,10,3,10.985,2.65,2.662654,75,11,12,9.0890625,99.979687,25.915058,3857.9767,3849.7877,3849.5558,29.828212,0.13529358,0.083405134,0.49332293,0.030773816,2.8198643,4.0957983,0.0052731477,0.004205556,0.0092417867,0.0042238254,0.0028735473,61.40819,0.62848669,0.018462005,0.049013781,0.20614087,0.43396226,0.93172225,0.96603774,0.16471647
cs_f075_s11,control,204,16,3,10.94,2.485,2.581067,58,11,11,9.0890625,99.979687,25.985899,3847.4592,3842.7174,3842.4641,31.169224,0.16888191,0.11154694,0.54332777,0.031732393,2.9282866,4.0943139,0.0053581476,0.0042541157,0.0090461447,0.0052702143,0.0039299925,61.246475,0.6310351,0.017410759,0.051086997,0.20222687,0.32997988,0.9513943,0.95372233,0.17543296
cs_f075_s11,control,210,17,6,12.28,2.64,2.7638808,64,12,10,8.3316406,99.979687,26.004153,3844.7585,3836.1189,3835.8491,32.184396,0.20741433,0.15010249,0.55844616,0.032558304,2.9487877,4.12989,0.0054394401,0.004326286,0.0090705498,0.0055813063,0.0044280079,59.166846,0.57666971,0.020868781,0.053358043,0.1674497,0.16477273,0.93185443,0.89583333,0.14757096
cs_f075_s11,control,216,15,2,13.08,2.48,2.5236004,63,12,10,8.3316406,99.979687,26.099697,3830.6839,3830.8976,3830.6067,33.469954,0.24920679,0.19150708,0.55844616,0.032558304,2.993437,4.431329,0.0057192491,0.0044682022,0.00953491,0.0055122379,0.0044904327,60.205205,0.58350939,0.012669951,0.054380901,0.13582628,0.12903226,0.91648318,0.89314516,0.13983166
cs_f075_s11,control,222,11,3,12.445,2.54,2.6141315,64,12,10,8.3316406,99.979687,26.100834,3830.517,3827.7311,3827.4071,35.366651,0.29243276,0.23560058,0.55844616,0.032558304,3.1269955,5.2895105,0.0062801631,0.0047724545,0.010243362,0.0060663511,0.005164291,59.289597,0.54985527,0.0167188,0.058018122,0.17547643,0.12401575,0.87412285,0.92519685,0.14265805
cs_f075_s11,control,228,9,3,11.37,2.55,2.5605826,66,10,13,9.9979687,99.979687,26.075193,3834.2837,3826.9623,3826.5972,37.57403,0.33520307,0.33001817,0.52980729,0.040455347,3.1839085,5.7585243,0.0069853867,0.0053118351,0.010952987,0.0083846696,0.0068747529,58.760653,0.53859672,0.011136108,0.070201041,0.17703866,0.084313725,0.83416487,0.78823529,0.13818426
cs_f075_s11,control,234,14,2,13.415,2.54,2.5096264,66,11,14,9.0890625,99.979687,26.071916,3834.7656,3828.5307,3828.1292,39.444556,0.37564843,0.37146553,0.53815222,0.03996515,3.3379737,6.2336196,0.0076105855,0.0058267733,0.011698481,0.010285969,0.0080504136,57.184293,0.5106534,0.026913667,0.071198172,0.16170556,0.10433071,0.81853723,0.66535433,0.14856365
cs_f075_s11,control,240,8,2,13.105,2.43,2.3521411,59,9,13,11.108854,99.979687,26.091887,3831.8304,3831.9626,3831.5381,40.603264,0.4120012,0.43850085,0.57865882,0.042938078,3.6423539,6.3346451,0.0080140132,0.0060977554,0.011960759,0.011516272,0.0086556633,57.316721,0.51365,0.022918933,0.077167651,0.12911871,0.17901235,0.801531,0.57613169,0.12967405
cs_f075_s11,control,246,8,2,12.915,2.24,2.2478167,69,9,12,11.108854,99.979687,25.937653,3854.6158,3836.4502,3836.012,41.289585,0.44267259,0.41581443,0.49157266,0.052486987,3.9683469,6.6371022,0.0082029619,0.0061453578,0.011795167,0.012360397,0.0094429466,59.346741,0.55072761,0.016847434,0.063045472,0.15254242,0.19866071,0.82829918,0.52008929,0.11479959
cs_f075_s11,control,252,21,2,13.605,2.365,2.3147105,55,12,12,8.3316406,99.979687,25.944077,3853.6614,3841.019,3840.562,42.18253,0.4663221,0.43980298,0.49157266,0.052486987,4.1907801,6.7633455,0.008300743,0.0062148884,0.012491072,0.012928437,0.0097994273,58.472946,0.5358211,0.0063846548,0.063006439,0.13137201,0.22621564,0.80580696,0.53488372,0.10247828
cs_f075_s11,control,258,11,2,11.005,2.02,2.0180538,55,12,12,8.3216146,99.859375,25.968591,3845.3906,3844.7394,3844.2458,43.833599,0.48191615,0.4559378,0.49157266,0.052486987,4.2656873,7.0140601,0.0084484859,0.0064123167,0.013438031,0.010530054,0.0082094321,57.836301,0.58645312,0.008972405,0.066553174,0.12728324,0.13613861,0.80934571,0.59405941,0.10640559
cs_f075_s11,control,264,9,2,9.96,1.92,1.9315273,50,10,12,9.9979687,99.979687,25.966876,3850.2779,3846.914,3846.3663,46.161729,0.48877319,0.4635137,0.49157266,0.052486987,4.2123569,7.0336238,0.008700723,0.0066876858,0.01393852,0.0095717109,0.0080495794,58.075993,0.61386672,0.0060342396,0.064640527,0.11303953,0.0390625,0.76713531,0.6015625,0.12224968
cs_f075_s11,control,270,8,2,9.53,1.915,1.9278136,50,9,11,11.108854,99.979687,26.025308,3841.6333,3847.1959,3846.5923,48.465866,0.48659354,0.49659669,0.58328881,0.055651334,4.0552318,6.9920724,0.0089917785,0.0070379876,0.014104397,0.0094548028,0.0082614235,58.453417,0.62517744,0.012010816,0.06794685,0.088404005,0.060052219,0.74207041,0.59791123,0.15071316
cs_f075_s11,control,276,9,2,10.71,2,2.0457125,52,10,11,9.9979687,99.979687,26.015947,3843.0155,3845.6272,3844.9892,49.834995,0.47547247,0.50056342,0.60254288,0.050486055,3.8959955,6.9102633,0.0091868503,0.0072412667,0.015120986,0.010043263,0.0087854198,59.956802,0.62435017,0.024517536,0.077195152,0.12660459,0.07,0.74956043,0.55,0.14503998
cs_f075_s11,control,282,12,3,10.565,2.035,2.0661184,53,13,11,7.6814904,99.859375,25.912897,3853.6554,3842.6084,3841.9782,49.517821,0.45589601,0.48228207,0.60254288,0.050486055,3.6895084,6.7222702,0.0091525976,0.0071390083,0.016437952,0.011251374,0.010241632,59.91646,0.60499926,0.020298359,0.073294454,0.11423715,0.029484029,0.71837436,0.43734644,0.15415167
cs_f075_s11,control,288,9,3,10.36,2.09,2.1167311,59,10,12,9.9979687,99.979687,25.931597,3855.516,3838.814,3838.2424,47.116083,0.42871975,0.48962238,0.62263421,0.052441974,3.619919,6.6943855,0.0088025632,0.0068080035,0.016606262,0.012450845,0.011557767,60.007255,0.58920097,0.01715438,0.077555326,0.17123064,0.031100478,0.71497843,0.30143541,0.16029236
cs_f075_s11,control,294,9,3,10.205,2.24,2.2549251,58,10,10,9.9979687,99.979687,25.959252,3851.4086,3835.064,3834.5922,42.745248,0.39513142,0.50520908,0.58601305,0.057500606,3.5626954,6.843564,0.0081329601,0.0063722198,0.014987892,0.012512751,0.011652131,60.224386,0.57861617,0.0057184223,0.063090716,0.16707977,0.022321429,0.74092602,0.20758929,0.16893742
cs_f075_s11,control,300,13,3,15.52,2.495,2.4826525,67,12,10,8.3316406,99.979687,26.046803,3838.4629,3832.1753,3831.8157,37.273343,0.35659901,0.46753876,0.58601305,0.057500606,3.5046561,6.7733437,0.0072704015,0.0057550921,0.012003757,0.011855925,0.010910572,59.635624,0.55644976,0.0056651946,0.06868494,0.13987247,0.054108216,0.79870196,0.2745491,0.17906575
cs_f075_s11,control,306,15,4,10.485,2.665,2.6306081,69,12,12,8.3316406,99.979687,26.076158,3834.1418,3830.8279,3830.5546,32.473021,0.31480654,0.38758815,0.59234723,0.052333376,3.5481507,6.7470489,0.0064965793,0.0052234363,0.01084912,0.01032362,0.0094477172,59.279466,0.558491,0.010936505,0.060323766,0.12775874,0.018761726,0.86862621,0.4315197,0.18109816
cs_f075_s11,control,312,12,3,10.125,2.725,2.644107,74,11,11,9.0890625,99.979687,26.093927,3831.5309,3831.4697,3831.2306,30.359033,0.27158057,0.35272032,0.62528801,0.055235364,3.424983,5.8067481,0.0061284572,0.0050276706,0.010445331,0.0087018362,0.0078289892,58.468219,0.55334089,0.019489299,0.061376786,0.13128774,0.07706422,0.8972405,0.66238532,0.1965049
cs_f075_s11,control,318,14,3,11.205,2.815,2.7656971,71,11,12,9.0890625,99.979687,26.089475,3832.1848,3834.2513,3833.9976,31.232777,0.22881027,0.20055407,0.76740405,0.039688994,3.0904825,4.2659882,0.006214426,0.0051514213,0.010027115,0.0070898175,0.0061295622,58.737166,0.56587274,0.023492904,0.064949247,0.11968855,0.092362345,0.88759477,0.84724689,0.19945282
cs_f075_s11,control,324,7,3,8.955,2.81,2.7327475,76,8,11,12.497461,99.979687,26.035988,3840.0574,3838.9728,3838.6864,33.148245,0.1883649,0.15686095,0.76453413,0.039511486,2.7089342,4.1242343,0.0064497209,0.0053417578,0.010388869,0.0065557727,0.0057407426,57.357677,0.61002731,0.01836176,0.062736752,0.12832917,0.081850534,0.83706577,0.90213523,0.20425307
cs_f075_s11,control,330,7,3,10.48,2.87,2.8532836,80,8,12,12.497461,99.979687,25.977646,3848.6816,3845.0652,3844.763,34.036809,0.15201213,0.1302636,0.75923929,0.037510633,2.4503626,4.0501985,0.0064909706,0.0053442838,0.010390285,0.0065469251,0.0059070316,56.175091,0.61306502,0.016957437,0.076537791,0.15002564,0.047038328,0.87700158,0.94947735,0.21305337
cs_f075_s11,control,336,7,3,11.715,2.96,2.9086498,80,8,14,12.497461,99.979687,25.889241,3861.8238,3851.6528,3851.3681,33.045226,0.12134074,0.12211137,0.62479661,0.045906148,2.3192795,4.0924029,0.0061929572,0.0050836392,0.010129665,0.0066635699,0.005884564,54.193165,0.6204198,0.01323239,0.070568311,0.14962111,0.084459459,0.89335045,0.91891892,0.2211555
cs_f075_s11,control,342,11,2,11.075,2.935,2.9534916,78,10,13,9.9979687,99.979687,25.832202,3870.351,3857.7105,3857.4684,30.478034,0.097691228,0.10527278,0.6029424,0.048612714,2.3483839,4.0537605,0.0056239743,0.0045085637,0.0090751879,0.0066536248,0.0056139026,53.314137,0.63933731,0.025071103,0.075331298,0.20321247,0.088586031,0.93638588,0.82964225,0.20238211
cs_f075_s11,control,348,8,2,9.12,2.89,2.9573539,78,9,12,11.095486,99.859375,25.778225,3873.7879,3862.268,3862.0725,27.38702,0.082097183,0.093692639,0.59990306,0.040302919,2.4319994,4.1084733,0.004998435,0.0038544503,0.0081893493,0.0064256752,0.0050816822,52.877721,0.64882256,0.021285731,0.07883545,0.22722079,0.20588235,0.93748237,0.82871972,0.17383613
cs_f075_s11,control,354,8,3,9.32,2.745,2.7518159,77,9,12,11.108854,99.979687,25.828782,3870.8634,3864.5913,3864.4268,25.113725,0.075240141,0.082840087,0.59990306,0.040302919,2.5246468,4.0233602,0.0045788021,0.0034902025,0.00807053,0.0056692478,0.0041014943,52.75059,0.6677999,0.016701945,0.06798411,0.22693868,0.35883424,0.96780083,0.87978142,0.13417267
